문서상 임시번호,정식 SH-FM 번호,통합문서 반영 번호(대표),비고
FM-EQP-N08,SH-FM-220,SH-FM-220,
FM-EQP-N13,SH-FM-225,SH-FM-225,
FM-EQP-N19,SH-FM-231,SH-FM-231,
FM-EQP-N20,SH-FM-232,SH-FM-232,
FM-EQP-N21,SH-FM-233,SH-FM-233,
FM-EQP-N22,SH-FM-234,SH-FM-234,
FM-INS-N07,SH-FM-165,SH-FM-165,
FM-INS-N12,SH-FM-190,SH-FM-190,
FM-INS-N18,SH-FM-200,SH-FM-200,
FM-INS-N19,SH-FM-201,SH-FM-201,
FM-INS-N20,SH-FM-202,SH-FM-201,"통합 대표로 정정, 중복 항목 삭제"
FM-INS-N21,SH-FM-203,SH-FM-203,
FM-INS-N22,SH-FM-204,SH-FM-204,
FM-MAT-N15,SH-FM-281,SH-FM-281,
FM-MAT-N16,SH-FM-282,SH-FM-282,
FM-PRD-N04,SH-FM-138,SH-FM-138,
FM-PRD-N05,SH-FM-143,SH-FM-143,
FM-PRD-N10,SH-FM-149,SH-FM-149,
FM-PRD-N11,SH-FM-150,SH-FM-150,
FM-PRD-N12,SH-FM-151,SH-FM-151,
FM-QMS-N02,SH-FM-288,SH-FM-288,
FM-QMS-N03,SH-FM-289,SH-FM-289,
FM-QMS-N06,SH-FM-292,SH-FM-292,
FM-QMS-N07,SH-FM-293,SH-FM-293,
FM-QMS-N10,SH-FM-296,SH-FM-296,
FM-QMS-N11,SH-FM-298,SH-FM-298,
FM-QMS-N21,SH-FM-313,SH-FM-313,
FM-QMS-N24,SH-FM-316,SH-FM-316,
FM-QMS-N25,SH-FM-317,SH-FM-317,
FM-QMS-N40,SH-FM-336,SH-FM-336,
FM-QMS-N41,SH-FM-337,SH-FM-337,
FM-QMS-N42,SH-FM-339,SH-FM-339,
FM-QMS-N43,SH-FM-340,SH-FM-340,
FM-QMS-N45,SH-FM-343,SH-FM-343,
FM-QMS-N47,SH-FM-345,SH-FM-345,
FM-QMS-N49,SH-FM-348,SH-FM-348,
FM-QMS-N51,SH-FM-357,SH-FM-357,
FM-QMS-N52,SH-FM-358,SH-FM-358,
FM-QMS-N53,SH-FM-359,SH-FM-359,
FM-QMS-N54,SH-FM-360,SH-FM-360,
FM-QMS-N55,SH-FM-362,SH-FM-362,
