시트(양식),PDF,SHA-256,구분
SH-FM-066,SH-FM-066_제품안전 요구사항대장.pdf,43a3409de384d4f51d1c079116ea64160f0a80204ecba9ed1be5c481e5e4f705,배포용(승인·릴리스본)
SH-FM-067,SH-FM-067_제품안전 특성관리대장.pdf,08c2d19990d49a4245319358bed0a12cd197461c00e5ce8b2f74c76174ede869,배포용(승인·릴리스본)
SH-FM-068,SH-FM-068_제품안전 에스컬레이션 보고서.pdf,495c6c88d91b630a625f5e32005d3390c23583cddb8e7cd6049ba5df10523add,배포용(승인·릴리스본)
SH-FM-069,SH-FM-069_제품안전 연간점검표.pdf,3f18ffa299a1ed43c6cfe042c23d947dd216e5ec9d47cd38d74f9dd8d20964b9,배포용(승인·릴리스본)
SH-FM-078,SH-FM-078_SPC 대상특성 관리대장.pdf,636ef09d9b625e693597be76f0a9050cb66fd09303e4d3056594e9b090312ccf,배포용(승인·릴리스본)
SH-FM-079,SH-FM-079_공정능력 분석대장.pdf,fc3bbe14cf715589a6064c92960815c710664cb56dcbb5c4abf45e49878711f7,배포용(승인·릴리스본)
SH-FM-080,SH-FM-080_SPC 이상반응·개선보고서.pdf,a9fbc97e6c09c38807af9c8b0e91adba0e80286367d8db84553f31ed908f05d9,배포용(승인·릴리스본)
SH-FM-094,SH-FM-094_지속적개선 과제관리표.pdf,1f1aec270b6be2496d32aa801a3395c6f31e9a300b4e9ac20f79569ca45880f0,배포용(승인·릴리스본)
SH-FM-096,SH-FM-096_COPQ 월간 집계표.pdf,a20b7f0174faeb123442a9ff30fac43b44600797b78bcf2aaad6f7acec6bebd8,배포용(승인·릴리스본)
