timestamp,document_no,error_type,detail,status
2026-10-02 04:53:23,SH_AP01-04_공식FM번호_승인결정.xlsx,분류불가,파일명 접두어 미등록,OPEN
2026-10-02 04:53:23,SH_FM_Master_Rev00_20260929.xlsx,분류불가,파일명 접두어 미등록,OPEN
2026-10-02 04:53:23,SH_QMS_문서관리대장_Rev00_20260929.xlsx,분류불가,파일명 접두어 미등록,OPEN
2026-10-02 04:53:23,SH_QMS_실행관리_20260929.xlsx,분류불가,파일명 접두어 미등록,OPEN
2026-10-02 04:53:23,SH_QMS_통합문서_Rev03_20260929.docx,분류불가,파일명 접두어 미등록,OPEN
2026-10-02 04:53:23,SH-FM-066-069,문서번호,본문(머리글 포함)에 문서번호 SH-FM-066-069 가 없음,OPEN
2026-10-02 04:53:23,SH-FM-066-069,내용보완,본문에 문서명 '공식양식' 없음,OPEN
2026-10-02 04:53:23,SH-FM-066-069,상호참조,참조 문서 FM-066 가 시스템에 존재하지 않음,OPEN
2026-10-02 04:53:23,SH-FM-066-069,상호참조,참조 문서 FM-067 가 시스템에 존재하지 않음,OPEN
2026-10-02 04:53:23,SH-FM-066-069,상호참조,참조 문서 FM-068 가 시스템에 존재하지 않음,OPEN
2026-10-02 04:53:23,SH-FM-066-069,상호참조,참조 문서 FM-069 가 시스템에 존재하지 않음,OPEN
2026-10-02 04:53:23,SH-FM-066-069,상호참조,참조 문서 FM-078 가 시스템에 존재하지 않음,OPEN
2026-10-02 04:53:23,SH-FM-066-069,상호참조,참조 문서 FM-079 가 시스템에 존재하지 않음,OPEN
2026-10-02 04:53:23,SH-FM-066-069,상호참조,참조 문서 FM-080 가 시스템에 존재하지 않음,OPEN
2026-10-02 04:53:23,SH-FM-066-069,상호참조,참조 문서 FM-094 가 시스템에 존재하지 않음,OPEN
2026-10-02 04:53:23,SH-FM-066-069,상호참조,참조 문서 FM-096 가 시스템에 존재하지 않음,OPEN
2026-10-02 04:53:23,SH-FM-066-069,상호참조,참조 문서 QP-012 가 시스템에 존재하지 않음,OPEN
2026-10-02 04:53:23,SH-FM-066-069,상호참조,참조 문서 QP-013 가 시스템에 존재하지 않음,OPEN
2026-10-02 04:53:23,SH-FM-066-069,상호참조,참조 문서 QP-022 가 시스템에 존재하지 않음,OPEN
2026-10-02 04:53:23,SH-FM-066-069,상호참조,참조 문서 QP-023 가 시스템에 존재하지 않음,OPEN
2026-10-02 04:53:23,SH-FM-066-069,상호참조,참조 문서 QP-024 가 시스템에 존재하지 않음,OPEN
2026-10-02 04:53:23,SH-FM-066-069,내용보완,보존기간 미표기,OPEN
2026-10-02 04:53:23,SH-FM-101-121,문서번호,본문(머리글 포함)에 문서번호 SH-FM-101-121 가 없음,OPEN
2026-10-02 04:53:23,SH-FM-101-121,내용보완,본문에 문서명 '현장작성양식' 없음,OPEN
2026-10-02 04:53:23,SH-FM-101-121,내용보완,제정일 미표기 또는 날짜 형식 오류 (YYYY-MM-DD),OPEN
2026-10-02 04:53:23,SH-FM-101-121,상호참조,참조 문서 FM-051 가 시스템에 존재하지 않음,OPEN
2026-10-02 04:53:23,SH-FM-101-121,상호참조,참조 문서 FM-058 가 시스템에 존재하지 않음,OPEN
2026-10-02 04:53:23,SH-FM-101-121,상호참조,참조 문서 FM-101 가 시스템에 존재하지 않음,OPEN
2026-10-02 04:53:23,SH-FM-101-121,상호참조,참조 문서 FM-102 가 시스템에 존재하지 않음,OPEN
2026-10-02 04:53:23,SH-FM-101-121,상호참조,참조 문서 FM-103 가 시스템에 존재하지 않음,OPEN
2026-10-02 04:53:23,SH-FM-101-121,상호참조,참조 문서 FM-104 가 시스템에 존재하지 않음,OPEN
2026-10-02 04:53:23,SH-FM-101-121,상호참조,참조 문서 FM-105 가 시스템에 존재하지 않음,OPEN
2026-10-02 04:53:23,SH-FM-101-121,상호참조,참조 문서 FM-106 가 시스템에 존재하지 않음,OPEN
2026-10-02 04:53:23,SH-FM-101-121,상호참조,참조 문서 FM-107 가 시스템에 존재하지 않음,OPEN
2026-10-02 04:53:23,SH-FM-101-121,상호참조,참조 문서 FM-108 가 시스템에 존재하지 않음,OPEN
2026-10-02 04:53:23,SH-FM-101-121,상호참조,참조 문서 FM-109 가 시스템에 존재하지 않음,OPEN
2026-10-02 04:53:23,SH-FM-101-121,상호참조,참조 문서 FM-110 가 시스템에 존재하지 않음,OPEN
2026-10-02 04:53:23,SH-FM-101-121,상호참조,참조 문서 FM-111 가 시스템에 존재하지 않음,OPEN
2026-10-02 04:53:23,SH-FM-101-121,상호참조,참조 문서 FM-112 가 시스템에 존재하지 않음,OPEN
2026-10-02 04:53:23,SH-FM-101-121,상호참조,참조 문서 FM-113 가 시스템에 존재하지 않음,OPEN
2026-10-02 04:53:23,SH-FM-101-121,상호참조,참조 문서 FM-114 가 시스템에 존재하지 않음,OPEN
2026-10-02 04:53:23,SH-FM-101-121,상호참조,참조 문서 FM-115 가 시스템에 존재하지 않음,OPEN
2026-10-02 04:53:23,SH-FM-101-121,상호참조,참조 문서 FM-116 가 시스템에 존재하지 않음,OPEN
2026-10-02 04:53:23,SH-FM-101-121,상호참조,참조 문서 FM-117 가 시스템에 존재하지 않음,OPEN
2026-10-02 04:53:23,SH-FM-101-121,상호참조,참조 문서 FM-118 가 시스템에 존재하지 않음,OPEN
2026-10-02 04:53:23,SH-FM-101-121,상호참조,참조 문서 FM-119 가 시스템에 존재하지 않음,OPEN
2026-10-02 04:53:23,SH-FM-101-121,상호참조,참조 문서 FM-120 가 시스템에 존재하지 않음,OPEN
2026-10-02 04:53:23,SH-FM-101-121,상호참조,참조 문서 FM-121 가 시스템에 존재하지 않음,OPEN
2026-10-02 04:53:23,SH-FM-101-121,상호참조,참조 문서 QP-003 가 시스템에 존재하지 않음,OPEN
2026-10-02 04:53:23,SH-FM-101-121,상호참조,참조 문서 QP-005 가 시스템에 존재하지 않음,OPEN
2026-10-02 04:53:23,SH-FM-101-121,상호참조,참조 문서 QP-006 가 시스템에 존재하지 않음,OPEN
2026-10-02 04:53:23,SH-FM-101-121,상호참조,참조 문서 QP-007 가 시스템에 존재하지 않음,OPEN
2026-10-02 04:53:23,SH-FM-101-121,상호참조,참조 문서 QP-011 가 시스템에 존재하지 않음,OPEN
2026-10-02 04:53:23,SH-FM-101-121,상호참조,참조 문서 QP-012 가 시스템에 존재하지 않음,OPEN
2026-10-02 04:53:23,SH-FM-101-121,상호참조,참조 문서 QP-014 가 시스템에 존재하지 않음,OPEN
2026-10-02 04:53:23,SH-FM-101-121,상호참조,참조 문서 QP-017 가 시스템에 존재하지 않음,OPEN
2026-10-02 04:53:23,SH-FM-101-121,상호참조,참조 문서 QP-018 가 시스템에 존재하지 않음,OPEN
2026-10-02 04:53:23,SH-FM-101-121,상호참조,참조 문서 QP-019 가 시스템에 존재하지 않음,OPEN
2026-10-02 04:53:23,SH-FM-101-121,상호참조,참조 문서 QP-020 가 시스템에 존재하지 않음,OPEN
2026-10-02 04:53:23,SH-FM-101-121,상호참조,참조 문서 WI-004 가 시스템에 존재하지 않음,OPEN
2026-10-02 04:53:23,SH-FM-101-121,상호참조,참조 문서 WI-005 가 시스템에 존재하지 않음,OPEN
2026-10-02 04:53:23,SH-FM-101-121,상호참조,참조 문서 WI-008 가 시스템에 존재하지 않음,OPEN
2026-10-02 04:53:23,SH-FM-101-121,상호참조,참조 문서 WI-009 가 시스템에 존재하지 않음,OPEN
2026-10-02 04:53:23,SH-FM-101-121,상호참조,참조 문서 WI-010 가 시스템에 존재하지 않음,OPEN
2026-10-02 04:53:23,SH-FM-101-121,상호참조,참조 문서 WI-011 가 시스템에 존재하지 않음,OPEN
2026-10-02 04:53:23,SH-FM-101-121,상호참조,참조 문서 WI-012 가 시스템에 존재하지 않음,OPEN
2026-10-02 04:53:23,SH-FM-101-121,상호참조,참조 문서 WI-013 가 시스템에 존재하지 않음,OPEN
2026-10-02 04:53:23,SH-FM-101-121,상호참조,참조 문서 WI-014 가 시스템에 존재하지 않음,OPEN
2026-10-02 04:53:23,SH-FM-101-121,상호참조,참조 문서 WI-015 가 시스템에 존재하지 않음,OPEN
2026-10-02 04:53:23,SH-FM-101-121,상호참조,참조 문서 WI-017 가 시스템에 존재하지 않음,OPEN
2026-10-02 04:53:23,SH-FM-101-121,상호참조,참조 문서 WI-020 가 시스템에 존재하지 않음,OPEN
2026-10-02 04:53:23,SH-FM-101-121,상호참조,참조 문서 WI-021 가 시스템에 존재하지 않음,OPEN
2026-10-02 04:53:23,SH-FM-101-121,상호참조,참조 문서 WI-024 가 시스템에 존재하지 않음,OPEN
2026-10-02 04:53:23,SH-FM-101-121,상호참조,참조 문서 WI-025 가 시스템에 존재하지 않음,OPEN
2026-10-02 04:53:23,SH-FM-101-121,상호참조,참조 문서 WI-026 가 시스템에 존재하지 않음,OPEN
2026-10-02 04:53:23,SH-FM-101-121,상호참조,참조 문서 WI-027 가 시스템에 존재하지 않음,OPEN
2026-10-02 04:53:23,SH-FM-101-121,상호참조,참조 문서 WI-028 가 시스템에 존재하지 않음,OPEN
2026-10-02 04:53:23,SH-FM-101-121,상호참조,참조 문서 WI-029 가 시스템에 존재하지 않음,OPEN
2026-10-02 04:53:23,SH-FM-101-121,상호참조,참조 문서 WI-030 가 시스템에 존재하지 않음,OPEN
2026-10-02 04:53:23,SH-FM-101-121,내용보완,"보존기간 '은' 허용값 아님 ['1년', '3년', '5년', '10년', '영구']",OPEN
2026-10-02 04:53:23,SH-FM-122,내용보완,제정일 미표기 또는 날짜 형식 오류 (YYYY-MM-DD),OPEN
2026-10-02 04:53:23,SH-FM-122,상호참조,참조 문서 FM-001 가 시스템에 존재하지 않음,OPEN
2026-10-02 04:53:23,SH-FM-122,상호참조,참조 문서 FM-022 가 시스템에 존재하지 않음,OPEN
2026-10-02 04:53:23,SH-FM-122,상호참조,참조 문서 FM-023 가 시스템에 존재하지 않음,OPEN
2026-10-02 04:53:23,SH-FM-122,상호참조,참조 문서 FM-024 가 시스템에 존재하지 않음,OPEN
2026-10-02 04:53:23,SH-FM-122,상호참조,폐기/참조금지 문서 FM-033 를 참조함,OPEN
2026-10-02 04:53:23,SH-FM-122,상호참조,폐기/참조금지 문서 FM-034 를 참조함,OPEN
2026-10-02 04:53:23,SH-FM-122,상호참조,폐기/참조금지 문서 FM-037 를 참조함,OPEN
2026-10-02 04:53:23,SH-FM-122,상호참조,참조 문서 FM-040 가 시스템에 존재하지 않음,OPEN
2026-10-02 04:53:23,SH-FM-122,상호참조,참조 문서 FM-041 가 시스템에 존재하지 않음,OPEN
2026-10-02 04:53:23,SH-FM-122,상호참조,참조 문서 FM-043 가 시스템에 존재하지 않음,OPEN
2026-10-02 04:53:23,SH-FM-122,상호참조,참조 문서 FM-044 가 시스템에 존재하지 않음,OPEN
2026-10-02 04:53:23,SH-FM-122,상호참조,참조 문서 FM-052 가 시스템에 존재하지 않음,OPEN
2026-10-02 04:53:23,SH-FM-122,상호참조,참조 문서 FM-058 가 시스템에 존재하지 않음,OPEN
2026-10-02 04:53:23,SH-FM-122,상호참조,참조 문서 FM-059 가 시스템에 존재하지 않음,OPEN
2026-10-02 04:53:23,SH-FM-122,상호참조,참조 문서 FM-066 가 시스템에 존재하지 않음,OPEN
2026-10-02 04:53:23,SH-FM-122,상호참조,참조 문서 FM-067 가 시스템에 존재하지 않음,OPEN
2026-10-02 04:53:23,SH-FM-122,상호참조,참조 문서 FM-068 가 시스템에 존재하지 않음,OPEN
2026-10-02 04:53:23,SH-FM-122,상호참조,참조 문서 FM-069 가 시스템에 존재하지 않음,OPEN
2026-10-02 04:53:23,SH-FM-122,상호참조,참조 문서 FM-071 가 시스템에 존재하지 않음,OPEN
2026-10-02 04:53:23,SH-FM-122,상호참조,참조 문서 FM-078 가 시스템에 존재하지 않음,OPEN
2026-10-02 04:53:23,SH-FM-122,상호참조,참조 문서 FM-079 가 시스템에 존재하지 않음,OPEN
2026-10-02 04:53:23,SH-FM-122,상호참조,참조 문서 FM-080 가 시스템에 존재하지 않음,OPEN
2026-10-02 04:53:23,SH-FM-122,상호참조,참조 문서 FM-094 가 시스템에 존재하지 않음,OPEN
2026-10-02 04:53:23,SH-FM-122,상호참조,참조 문서 FM-096 가 시스템에 존재하지 않음,OPEN
2026-10-02 04:53:23,SH-FM-122,상호참조,참조 문서 FM-101 가 시스템에 존재하지 않음,OPEN
2026-10-02 04:53:23,SH-FM-122,상호참조,참조 문서 FM-102 가 시스템에 존재하지 않음,OPEN
2026-10-02 04:53:23,SH-FM-122,상호참조,참조 문서 FM-103 가 시스템에 존재하지 않음,OPEN
2026-10-02 04:53:23,SH-FM-122,상호참조,참조 문서 FM-104 가 시스템에 존재하지 않음,OPEN
2026-10-02 04:53:23,SH-FM-122,상호참조,참조 문서 FM-105 가 시스템에 존재하지 않음,OPEN
2026-10-02 04:53:23,SH-FM-122,상호참조,참조 문서 FM-106 가 시스템에 존재하지 않음,OPEN
2026-10-02 04:53:23,SH-FM-122,상호참조,참조 문서 FM-107 가 시스템에 존재하지 않음,OPEN
2026-10-02 04:53:23,SH-FM-122,상호참조,참조 문서 FM-108 가 시스템에 존재하지 않음,OPEN
2026-10-02 04:53:23,SH-FM-122,상호참조,참조 문서 FM-109 가 시스템에 존재하지 않음,OPEN
2026-10-02 04:53:23,SH-FM-122,상호참조,참조 문서 FM-110 가 시스템에 존재하지 않음,OPEN
2026-10-02 04:53:23,SH-FM-122,상호참조,참조 문서 FM-111 가 시스템에 존재하지 않음,OPEN
2026-10-02 04:53:23,SH-FM-122,상호참조,참조 문서 FM-112 가 시스템에 존재하지 않음,OPEN
2026-10-02 04:53:23,SH-FM-122,상호참조,참조 문서 FM-113 가 시스템에 존재하지 않음,OPEN
2026-10-02 04:53:23,SH-FM-122,상호참조,참조 문서 FM-114 가 시스템에 존재하지 않음,OPEN
2026-10-02 04:53:23,SH-FM-122,상호참조,참조 문서 FM-115 가 시스템에 존재하지 않음,OPEN
2026-10-02 04:53:23,SH-FM-122,상호참조,참조 문서 FM-116 가 시스템에 존재하지 않음,OPEN
2026-10-02 04:53:23,SH-FM-122,상호참조,참조 문서 FM-117 가 시스템에 존재하지 않음,OPEN
2026-10-02 04:53:23,SH-FM-122,상호참조,참조 문서 FM-118 가 시스템에 존재하지 않음,OPEN
2026-10-02 04:53:23,SH-FM-122,상호참조,참조 문서 FM-119 가 시스템에 존재하지 않음,OPEN
2026-10-02 04:53:23,SH-FM-122,상호참조,참조 문서 FM-120 가 시스템에 존재하지 않음,OPEN
2026-10-02 04:53:23,SH-FM-122,상호참조,참조 문서 FM-121 가 시스템에 존재하지 않음,OPEN
2026-10-02 04:53:23,SH-FM-122,상호참조,참조 문서 QP-003 가 시스템에 존재하지 않음,OPEN
2026-10-02 04:53:23,SH-FM-122,상호참조,참조 문서 QP-005 가 시스템에 존재하지 않음,OPEN
2026-10-02 04:53:23,SH-FM-122,상호참조,참조 문서 QP-006 가 시스템에 존재하지 않음,OPEN
2026-10-02 04:53:23,SH-FM-122,상호참조,참조 문서 QP-007 가 시스템에 존재하지 않음,OPEN
2026-10-02 04:53:23,SH-FM-122,상호참조,참조 문서 QP-008 가 시스템에 존재하지 않음,OPEN
2026-10-02 04:53:23,SH-FM-122,상호참조,참조 문서 QP-011 가 시스템에 존재하지 않음,OPEN
2026-10-02 04:53:23,SH-FM-122,상호참조,참조 문서 QP-012 가 시스템에 존재하지 않음,OPEN
2026-10-02 04:53:23,SH-FM-122,상호참조,참조 문서 QP-014 가 시스템에 존재하지 않음,OPEN
2026-10-02 04:53:23,SH-FM-122,상호참조,참조 문서 QP-015 가 시스템에 존재하지 않음,OPEN
2026-10-02 04:53:23,SH-FM-122,상호참조,참조 문서 QP-017 가 시스템에 존재하지 않음,OPEN
2026-10-02 04:53:23,SH-FM-122,상호참조,참조 문서 QP-018 가 시스템에 존재하지 않음,OPEN
2026-10-02 04:53:23,SH-FM-122,상호참조,참조 문서 QP-019 가 시스템에 존재하지 않음,OPEN
2026-10-02 04:53:23,SH-FM-122,상호참조,참조 문서 QP-020 가 시스템에 존재하지 않음,OPEN
2026-10-02 04:53:23,SH-FM-122,상호참조,참조 문서 QP-021 가 시스템에 존재하지 않음,OPEN
2026-10-02 04:53:23,SH-FM-122,상호참조,참조 문서 QP-022 가 시스템에 존재하지 않음,OPEN
2026-10-02 04:53:23,SH-FM-122,상호참조,참조 문서 QP-023 가 시스템에 존재하지 않음,OPEN
2026-10-02 04:53:23,SH-FM-122,상호참조,참조 문서 QP-024 가 시스템에 존재하지 않음,OPEN
2026-10-02 04:53:23,SH-FM-122,상호참조,참조 문서 QP-025 가 시스템에 존재하지 않음,OPEN
2026-10-02 04:53:23,SH-FM-122,상호참조,참조 문서 WI-001 가 시스템에 존재하지 않음,OPEN
2026-10-02 04:53:23,SH-FM-122,상호참조,참조 문서 WI-002 가 시스템에 존재하지 않음,OPEN
2026-10-02 04:53:23,SH-FM-122,상호참조,참조 문서 WI-003 가 시스템에 존재하지 않음,OPEN
2026-10-02 04:53:23,SH-FM-122,상호참조,참조 문서 WI-004 가 시스템에 존재하지 않음,OPEN
2026-10-02 04:53:23,SH-FM-122,상호참조,참조 문서 WI-005 가 시스템에 존재하지 않음,OPEN
2026-10-02 04:53:23,SH-FM-122,상호참조,참조 문서 WI-006 가 시스템에 존재하지 않음,OPEN
2026-10-02 04:53:23,SH-FM-122,상호참조,참조 문서 WI-007 가 시스템에 존재하지 않음,OPEN
2026-10-02 04:53:23,SH-FM-122,상호참조,참조 문서 WI-008 가 시스템에 존재하지 않음,OPEN
2026-10-02 04:53:23,SH-FM-122,상호참조,참조 문서 WI-009 가 시스템에 존재하지 않음,OPEN
2026-10-02 04:53:23,SH-FM-122,상호참조,참조 문서 WI-010 가 시스템에 존재하지 않음,OPEN
2026-10-02 04:53:23,SH-FM-122,상호참조,참조 문서 WI-011 가 시스템에 존재하지 않음,OPEN
2026-10-02 04:53:23,SH-FM-122,상호참조,참조 문서 WI-012 가 시스템에 존재하지 않음,OPEN
2026-10-02 04:53:23,SH-FM-122,상호참조,참조 문서 WI-013 가 시스템에 존재하지 않음,OPEN
2026-10-02 04:53:23,SH-FM-122,상호참조,참조 문서 WI-014 가 시스템에 존재하지 않음,OPEN
2026-10-02 04:53:23,SH-FM-122,상호참조,참조 문서 WI-015 가 시스템에 존재하지 않음,OPEN
2026-10-02 04:53:23,SH-FM-122,상호참조,참조 문서 WI-016 가 시스템에 존재하지 않음,OPEN
2026-10-02 04:53:23,SH-FM-122,상호참조,참조 문서 WI-017 가 시스템에 존재하지 않음,OPEN
2026-10-02 04:53:23,SH-FM-122,상호참조,참조 문서 WI-018 가 시스템에 존재하지 않음,OPEN
2026-10-02 04:53:23,SH-FM-122,상호참조,참조 문서 WI-019 가 시스템에 존재하지 않음,OPEN
2026-10-02 04:53:23,SH-FM-122,상호참조,참조 문서 WI-020 가 시스템에 존재하지 않음,OPEN
2026-10-02 04:53:23,SH-FM-122,상호참조,참조 문서 WI-021 가 시스템에 존재하지 않음,OPEN
2026-10-02 04:53:23,SH-FM-122,상호참조,참조 문서 WI-022 가 시스템에 존재하지 않음,OPEN
2026-10-02 04:53:23,SH-FM-122,상호참조,참조 문서 WI-023 가 시스템에 존재하지 않음,OPEN
2026-10-02 04:53:23,SH-FM-122,상호참조,참조 문서 WI-024 가 시스템에 존재하지 않음,OPEN
2026-10-02 04:53:23,SH-FM-122,상호참조,참조 문서 WI-025 가 시스템에 존재하지 않음,OPEN
2026-10-02 04:53:23,SH-FM-122,상호참조,참조 문서 WI-026 가 시스템에 존재하지 않음,OPEN
2026-10-02 04:53:23,SH-FM-122,상호참조,참조 문서 WI-027 가 시스템에 존재하지 않음,OPEN
2026-10-02 04:53:23,SH-FM-122,상호참조,참조 문서 WI-028 가 시스템에 존재하지 않음,OPEN
2026-10-02 04:53:23,SH-FM-122,상호참조,참조 문서 WI-029 가 시스템에 존재하지 않음,OPEN
2026-10-02 04:53:23,SH-FM-122,상호참조,참조 문서 WI-030 가 시스템에 존재하지 않음,OPEN
2026-10-02 04:53:23,SH-FM-122,내용보완,"보존기간 '을' 허용값 아님 ['1년', '3년', '5년', '10년', '영구']",OPEN
