date,document_no,old_revision,new_revision,change_description,author,approver
2026-10-02,SH-FM-066-069,00,,"수정후보 생성(미확정, 17건): SH-FM-066-069_078-080_094_096_공식양식_Rev00_수정후보_20261002045323.md",system,
2026-10-02,SH-FM-101-121,00,,"수정후보 생성(미확정, 58건): SH-FM-101-121_현장작성양식_Rev00_수정후보_20261002045323.md",system,
2026-10-02,SH-FM-122,00,,"수정후보 생성(미확정, 95건): SH-FM-122_현장양식목록_작성계획_Rev00_수정후보_20261002045323.md",system,
2026-10-02,SH-FM-066-069_078-080_094_096_공식양식_Rev00,00,,"수정후보 생성(미확정, 20건): SH-FM-066-069_078-080_094_096_공식양식_Rev00_수정후보_20261002045759.md",system,
2026-10-02,SH-FM-101-121_현장작성양식_Rev00,00,,"수정후보 생성(미확정, 53건): SH-FM-101-121_현장작성양식_Rev00_수정후보_20261002045800.md",system,
2026-10-02,SH-FM-122,00,,"수정후보 생성(미확정, 6건): SH-FM-122_현장양식목록_작성계획_Rev00_수정후보_20261002045800.md",system,
2026-10-02,SH-FM-066-069_078-080_094_096_공식양식_Rev00,00,,"수정후보 생성(미확정, 20건): SH-FM-066-069_078-080_094_096_공식양식_Rev00_수정후보_20261002045813.md",system,
2026-10-02,SH-FM-101-121_현장작성양식_Rev00,00,,"수정후보 생성(미확정, 53건): SH-FM-101-121_현장작성양식_Rev00_수정후보_20261002045814.md",system,
2026-10-02,SH-FM-122,00,,"수정후보 생성(미확정, 6건): SH-FM-122_현장양식목록_작성계획_Rev00_수정후보_20261002045814.md",system,
2026-10-02,SH-FM-066-069_078-080_094_096_공식양식_Rev00,00,,"수정후보 생성(미확정, 20건): SH-FM-066-069_078-080_094_096_공식양식_Rev00_수정후보_20261002045829.md",system,
2026-10-02,SH-FM-101-121_현장작성양식_Rev00,00,,"수정후보 생성(미확정, 53건): SH-FM-101-121_현장작성양식_Rev00_수정후보_20261002045830.md",system,
2026-10-02,SH-FM-122,00,,"수정후보 생성(미확정, 5건): SH-FM-122_현장양식목록_작성계획_Rev00_수정후보_20261002045830.md",system,
2026-10-02,SH-FM-066-069_078-080_094_096_공식양식_Rev00,00,,"수정후보 생성(미확정, 11건): SH-FM-066-069_078-080_094_096_공식양식_Rev00_수정후보_20261002045930.md",system,
2026-10-02,SH-FM-101-121_현장작성양식_Rev00,00,,"수정후보 생성(미확정, 32건): SH-FM-101-121_현장작성양식_Rev00_수정후보_20261002045931.md",system,
2026-10-02,SH-FM-122,00,,"수정후보 생성(미확정, 4건): SH-FM-122_현장양식목록_작성계획_Rev00_수정후보_20261002045931.md",system,
2026-10-02,SH-FM-066-069_078-080_094_096_공식양식_Rev00,00,,"수정후보 생성(미확정, 11건): SH-FM-066-069_078-080_094_096_공식양식_Rev00_수정후보_20261002050618.md",system,
2026-10-02,SH-FM-101-121_현장작성양식_Rev00,00,,"수정후보 생성(미확정, 32건): SH-FM-101-121_현장작성양식_Rev00_수정후보_20261002050619.md",system,
2026-10-02,SH-FM-122,00,,"수정후보 생성(미확정, 1건): SH-FM-122_현장양식목록_작성계획_Rev00_수정후보_20261002050619.md",system,
2026-10-02,SH-FM-066-069_078-080_094_096_공식양식_Rev00,,00,승인 후 최종 발행,,승인완료
2026-10-02,SH_FM_Master,00,00,FM Master 신규 번호 21건 등록(SH-FM-101~SH-FM-121) 새 파일: SH_FM_Master_Rev00_20260929_수정본_FM101-121등록.xlsx,system,
2026-10-02,SH_FM_Master_Rev00_20260929_수정본_FM101-121등록,00,00,원본↔수정본 DIFF 생성 +121/-100: SH_FM_Master_Rev00_20260929_수정본_FM101-121등록__vs__SH_FM_Master_Rev00_20260929.md,system,
2026-10-02,FM-122,00,00,원본↔수정본 DIFF 생성 +46/-46: SH-FM-122_현장양식목록_작성계획_Rev00_수정본__vs__SH-FM-122_현장양식목록_작성계획_Rev00.md,system,
2026-10-02,SH-FM-122,,00,승인 후 최종 발행,,승인완료
2026-10-02,FM-101-121,00,00,원본↔수정본 DIFF 생성 +22/-22: SH-FM-101-121_현장작성양식_Rev00_수정본__vs__SH-FM-101-121_현장작성양식_Rev00.md,system,
2026-10-02,SH-FM-101-121_현장작성양식_Rev00_수정본,,00,승인 후 최종 발행,,승인완료
2026-10-02,SH_FM_Master,00,00,"FM-101~121 문서상태 ACTIVE·승인상태 승인완료·승인자 조현우·최종개정일 2026-09-24 반영(사용자 지시), 새 파일: SH_FM_Master_Rev00_20260929_수정본_FM101-121등록_승인반영.xlsx",system,조현우
2026-10-02,SH_FM_Master_Rev00_20260929_수정본_FM101-121등록_승인반영,00,00,원본↔수정본 DIFF 생성 +21/-21: SH_FM_Master_Rev00_20260929_수정본_FM101-121등록_승인반영__vs__SH_FM_Master_Rev00_20260929_수정본_FM101-121등록.md,system,
2026-10-02,FM-101-121,00,03,원본↔수정본 DIFF 생성 +86/-86: SH-FM-101-121_현장작성양식_Rev03__vs__SH-FM-101-121_현장작성양식_Rev00.md,system,
2026-10-02,FM-101-121,00,03,원본↔수정본 DIFF 생성 +86/-86: SH-FM-101-121_현장작성양식_Rev03__vs__SH-FM-101-121_현장작성양식_Rev00_수정본.md,system,
2026-10-02,FM-101-121,00,03,원본↔수정본 DIFF 생성 +86/-86: SH-FM-101-121_현장작성양식_Rev03_수정본__vs__SH-FM-101-121_현장작성양식_Rev00.md,system,
2026-10-02,FM-101-121,03,03,원본↔수정본 DIFF 생성 +22/-22: SH-FM-101-121_현장작성양식_Rev03_수정본__vs__SH-FM-101-121_현장작성양식_Rev03.md,system,
2026-10-02,SH-FM-101-121_현장작성양식_Rev03_수정본,00,03,승인 후 최종 발행,,승인완료
2026-10-02,SH_FM_Master,00,00,"FM-101~121 Rev.03·보존기간 5년·최종개정일 2026-09-01 반영(사용자 지시), 새 파일: SH_FM_Master_Rev00_20260929_수정본_FM101-121_Rev03반영.xlsx",system,조현우
2026-10-02,SH_FM_Master_Rev00_20260929_수정본_FM101-121_Rev03반영,00,00,원본↔수정본 DIFF 생성 +21/-21: SH_FM_Master_Rev00_20260929_수정본_FM101-121_Rev03반영__vs__SH_FM_Master_Rev00_20260929_수정본_FM101-121등록_승인반영.md,system,
2026-10-02,SH_QMS_통합문서_Rev03_20260929_수정본,,,전체 문서 시행·개정·제정일 2026-09-01 반영(사용자 지시; 이전 2026-09-23/09-04). 새 파일: SH_QMS_통합문서_Rev03_20260929_수정본.docx,system,
2026-10-02,SH_QMS_통합문서_Rev03_20260929_수정본,03,03,원본↔수정본 DIFF 생성 +77/-77: SH_QMS_통합문서_Rev03_20260929_수정본__vs__SH_QMS_통합문서_Rev03_20260929.md,system,
2026-10-02,SH_QMS_문서관리대장_Rev00_20260929_수정본,,,전체 문서 시행·개정·제정일 2026-09-01 반영(사용자 지시; 이전 2026-09-23/09-04). 새 파일: SH_QMS_문서관리대장_Rev00_20260929_수정본.xlsx,system,
2026-10-02,SH_QMS_문서관리대장_Rev00_20260929_수정본,00,00,원본↔수정본 DIFF 생성 +165/-308: SH_QMS_문서관리대장_Rev00_20260929_수정본__vs__SH_QMS_문서관리대장_Rev00_20260929.md,system,
2026-10-02,SH_QMS_통합문서_Rev03_20260929_수정본,,,정정: 머리글 분리 run 날짜 12곳 추가 반영 (총 2026-09-23→2026-09-01 89곳),system,
2026-10-02,SH_QMS_통합문서_Rev03_20260929_수정본,03,03,원본↔수정본 DIFF 생성 +89/-89: SH_QMS_통합문서_Rev03_20260929_수정본__vs__SH_QMS_통합문서_Rev03_20260929_v2.md,system,
2026-10-02,SQ___________260930_SH_정식번호반영,,,SQ 필요서류 FM번호(안) 240건 → 정식 SH-FM-123~SH-FM-362 배정(사용자 지시),system,
2026-10-02,SH_FM_Master_Rev00_20260929_수정본_SQ번호배정,,,FM Master 에 SQ 신규 번호 240건 등록(SH-FM-123~SH-FM-362),system,
2026-10-02,SH_FM_Master_Rev00_20260929_수정본_SQ번호배정,00,00,원본↔수정본 DIFF 생성 +268/-0: SH_FM_Master_Rev00_20260929_수정본_SQ번호배정__vs__SH_FM_Master_Rev00_20260929_수정본_FM101-121_Rev03반영.md,system,
2026-10-02,SH-FM-144-159_SQ높음_양식초안_Rev00,00,,"SQ 높음 양식 초안 16종 생성(SH-FM-144~SH-FM-159, 초안·미승인)",system,
2026-10-02,SH-FM-187-206_SQ높음_양식초안_Rev00,00,,"SQ 높음 양식 초안 20종 생성(SH-FM-187~SH-FM-206, 초안·미승인)",system,
2026-10-02,SH-FM-144-159_SQ높음_양식초안_Rev00,00,,"SQ 높음 양식 초안 16종 생성(SH-FM-144~SH-FM-159, 초안·미승인)",system,
2026-10-02,SH-FM-187-206_SQ높음_양식초안_Rev00,00,,"SQ 높음 양식 초안 20종 생성(SH-FM-187~SH-FM-206, 초안·미승인)",system,
