source,target,status,issue,owner,due_date,action_status
SQ_중복검토_결정.csv,SH-FM-163 외주품 검사협정서,HOLD,중복/문서 여부 담당자 확인: SH-FM-056 '수입품검사협정서'와 같은 종류 서류. 외주품/수입품을 같은 양식으로 쓰는지 확인,,,OPEN
SQ_중복검토_결정.csv,SH-FM-237 금형이력카드,HOLD,중복/문서 여부 담당자 확인: SH-FM-103 '금형·치공구 관리이력'과 겹칠 가능성. 카드(개별)와 이력(전체) 구분 여부 확인,,,OPEN
SQ_중복검토_결정.csv,SH-FM-307 정기검사실적,HOLD,중복/문서 여부 담당자 확인: SH-FM-034 '공정검사'와 정기검사 실적이 같은 기록인지 확인,,,OPEN
SQ_중복검토_결정.csv,SH-FM-352 재작업품 검사기준 및 검사실적,HOLD,중복/문서 여부 담당자 확인: SH-FM-037 '재작업검사이력'과 겹칠 가능성(기준서+실적 혼합),,,OPEN
SQ_중복검토_결정.csv,SH-FM-134 설비일상점검표 현지어 번역본,HOLD,중복/문서 여부 담당자 확인: 번역본은 별도 번호가 필요한지(원본 번호 + 언어 표기) 확인,,,OPEN
SQ_중복검토_결정.csv,SH-FM-133 작업표준서 현지어번역본,HOLD,중복/문서 여부 담당자 확인: 번역본은 별도 번호가 필요한지 확인,,,OPEN
SQ_중복검토_결정.csv,SH-FM-123 P-FMEA,HOLD,중복/문서 여부 담당자 확인: 문서 자체(APQP 산출물)로 SH-FM-048 'PFMEA작성검토표'(검토표)와는 다름. FM 번호가 아니라 APQP/PFMEA 문서 번호로 관리할지 확인,,,OPEN
SQ_중복검토_결정.csv,SH-FM-124 관리계획서,HOLD,중복/문서 여부 담당자 확인: 문서 자체. SH-FM-049 '관리계획서검토표'와 다름. APQP 문서 번호로 관리할지 확인,,,OPEN
SQ_중복검토_결정.csv,SH-FM-125 작업표준서,HOLD,중복/문서 여부 담당자 확인: 문서 자체(WI 계열). SH-FM-050 '작업표준서승인대장'과 다름. WI 번호로 관리할지 확인,,,OPEN
SQ_중복검토_결정.csv,SH-FM-330 부적합품 보관함,HOLD,중복/문서 여부 담당자 확인: 물리적 보관함으로 보임(비문서 가능). SH-FM-036 '부적합품보고'와는 다름,,,OPEN
SQ 양식 초안,SH-FM-133-137_SQ낮음_양식초안_Rev00.xlsx,HOLD,초안 — 항목·기준·결재방식·보존기간 담당부서 확정 필요,,,OPEN
SQ 양식 초안,SH-FM-246-253_SQ낮음_양식초안_Rev00.xlsx,HOLD,초안 — 항목·기준·결재방식·보존기간 담당부서 확정 필요,,,OPEN
SQ 양식 초안,SH-FM-308-312_SQ낮음_양식초안_Rev00.xlsx,HOLD,초안 — 항목·기준·결재방식·보존기간 담당부서 확정 필요,,,OPEN
SQ 양식 초안,SH-FM-323-326_SQ낮음_양식초안_Rev00.xlsx,HOLD,초안 — 항목·기준·결재방식·보존기간 담당부서 확정 필요,,,OPEN
SQ 양식 초안,SH-FM-337-356_SQ낮음_양식초안_Rev00.xlsx,HOLD,초안 — 항목·기준·결재방식·보존기간 담당부서 확정 필요,,,OPEN
SQ 양식 초안,SH-FM-144-159_SQ높음_양식초안_Rev00.xlsx,HOLD,초안 — 항목·기준·결재방식·보존기간 담당부서 확정 필요,,,OPEN
SQ 양식 초안,SH-FM-187-206_SQ높음_양식초안_Rev00.xlsx,HOLD,초안 — 항목·기준·결재방식·보존기간 담당부서 확정 필요,,,OPEN
SQ 양식 초안,SH-FM-123-132_SQ보통_양식초안_Rev00.xlsx,HOLD,초안 — 항목·기준·결재방식·보존기간 담당부서 확정 필요,,,OPEN
SQ 양식 초안,SH-FM-138-143_SQ보통_양식초안_Rev00.xlsx,HOLD,초안 — 항목·기준·결재방식·보존기간 담당부서 확정 필요,,,OPEN
SQ 양식 초안,SH-FM-160-186_SQ보통_양식초안_Rev00.xlsx,HOLD,초안 — 항목·기준·결재방식·보존기간 담당부서 확정 필요,,,OPEN
SQ 양식 초안,SH-FM-207-245_SQ보통_양식초안_Rev00.xlsx,HOLD,초안 — 항목·기준·결재방식·보존기간 담당부서 확정 필요,,,OPEN
SQ 양식 초안,SH-FM-254-307_SQ보통_양식초안_Rev00.xlsx,HOLD,초안 — 항목·기준·결재방식·보존기간 담당부서 확정 필요,,,OPEN
SQ 양식 초안,SH-FM-313-322_SQ보통_양식초안_Rev00.xlsx,HOLD,초안 — 항목·기준·결재방식·보존기간 담당부서 확정 필요,,,OPEN
SQ 양식 초안,SH-FM-327-336_SQ보통_양식초안_Rev00.xlsx,HOLD,초안 — 항목·기준·결재방식·보존기간 담당부서 확정 필요,,,OPEN
SQ 양식 초안,SH-FM-357-362_SQ보통_양식초안_Rev00.xlsx,HOLD,초안 — 항목·기준·결재방식·보존기간 담당부서 확정 필요,,,OPEN
