SQ NO,구분,번호,필요서류(양식명),SQ안 번호(구),정식 SH-FM 번호,작성구분,담당부서,담당자,목표완료월,연계 QP/WI,플래그(확정 필요)
1,1. 생산조건관리,1-1,P-FMEA,SH-FM-QP010-01,SH-FM-123,기존 절차 연계,품질팀,이광재,2026-11,"SH-QP-010, SH-WI-004",기존 양식과 중복 가능: SH-FM-048 PFMEA작성검토표 (0.67)
2,1. 생산조건관리,1-1,관리계획서,SH-FM-WI022-01,SH-FM-124,기존 절차 연계,품질팀,이광재,2026-11,SH-WI-022,기존 양식과 중복 가능: SH-FM-049 관리계획서검토표 (0.77)
3,1. 생산조건관리,1-1,작업표준서,SH-FM-QP010-03,SH-FM-125,기존 절차 연계,생산팀,지성규,2026-12,SH-QP-010,기존 양식과 중복 가능: SH-FM-050 작업표준서승인대장 (0.71)
4,1. 생산조건관리,1-1,설비일상점검표,SH-FM-WI004-01,SH-FM-126,기존 절차 연계,생산팀,지성규,2026-12,SH-WI-004,기존 양식과 중복 가능: SH-FM-101 설비 일상점검 및 고장이력 (0.67)
5,1. 생산조건관리,1-1,고객승인 검사협정 / ISIR 서류,SH-FM-QP010-04,SH-FM-127,기존 절차 연계,품질팀,이광재,2026-11,"SH-QP-010, SH-QP-025",
6,1. 생산조건관리,1-2,설비재가동업무 프로세스,SH-FM-QP025-01,SH-FM-128,기존 절차 연계,생산팀,지성규,2026-12,SH-QP-025,
7,1. 생산조건관리,1-2,(계획/비계획정지 기준 명확화),SH-FM-WI020-01,SH-FM-129,기존 절차 연계,(부서 미정),,2026-12,"SH-WI-020, SH-WI-025",
8,1. 생산조건관리,1-2,설비가동중단 LIST (설비이력카드 연계),SH-FM-WI016-02,SH-FM-130,기존 절차 연계,생산팀,,2026-12,"SH-WI-016, SH-WI-020",
9,1. 생산조건관리,1-2,재가동 초품 검사 체크시트,SH-FM-WI020-02,SH-FM-131,기존 절차 연계,품질팀,이광재,2026-11,SH-WI-020,
10,1. 생산조건관리,1-2,재가동 초도생산품 LOT식별관리 기준서,SH-FM-QP018-01,SH-FM-132,기존 절차 연계,생산팀,지성규,2026-12,"SH-QP-018, SH-WI-005",
11,1. 생산조건관리,1-3,작업표준서 현지어번역본,SH-FM-WI004-02,SH-FM-133,기존 절차 연계,생산팀,지성규,2026-12,SH-WI-004,
12,1. 생산조건관리,1-3,설비일상점검표 현지어 번역본,SH-FM-WI004-03,SH-FM-134,기존 절차 연계,생산팀,,2026-12,SH-WI-004,
13,1. 생산조건관리,1-3,작업일보 현지어 번역본,SH-FM-PRD-N01,SH-FM-135,신규 작성 필요,생산팀,,2026-10,,
14,1. 생산조건관리,1-3,부적합처리기준 현지어번역본,SH-FM-QP014-01,SH-FM-136,기존 절차 연계,품질팀,이광재,2026-10,SH-QP-014,
15,1. 생산조건관리,1-3,외관검사기준 현지어번역본,SH-FM-WI030-01,SH-FM-137,기존 절차 연계,품질팀,,2026-10,SH-WI-030,
16,1. 생산조건관리,1-4,품질취약시간관리기준서,SH-FM-PRD-N04,SH-FM-138,신규 작성 필요,생산팀,지성규,2026-10,,
17,1. 생산조건관리,1-4,비상연락망,SH-FM-QP020-01,SH-FM-139,기존 절차 연계,생산팀,,2026-12,SH-QP-020,
18,1. 생산조건관리,1-4,주야간업무 인수인계서,SH-FM-WI015-01,SH-FM-140,기존 절차 연계,생산팀,,2026-12,SH-WI-015,
19,1. 생산조건관리,1-4,야간설비일상점검표,SH-FM-WI004-06,SH-FM-141,기존 절차 연계,생산팀,,2026-12,SH-WI-004,기존 양식과 중복 가능: SH-FM-101 설비 일상점검 및 고장이력 (0.60)
20,1. 생산조건관리,1-4,야간생산품 식별격리절차,SH-FM-WI003-01,SH-FM-142,기존 절차 연계,품질팀,이광재,2026-11,SH-WI-003,
21,1. 생산조건관리,1-4,야간생산품 검사일지,SH-FM-PRD-N05,SH-FM-143,신규 작성 필요,품질팀,,2026-09,,
22,1. 생산조건관리,1-5,작업표준서 OR 작업조건표,SH-FM-QP003-02,SH-FM-144,기존 절차 연계,생산팀,지성규,2026-11,"SH-QP-003, SH-WI-011",
23,1. 생산조건관리,1-5,작업일보,SH-FM-PRD-N06,SH-FM-145,신규 작성 필요,생산팀,,2026-09,,같은 서류명이 여러 행에 있음(통합 검토)
24,1. 생산조건관리,1-5,(작업일보내작업조건필히기록),SH-FM-WI001-01,SH-FM-146,기존 절차 연계,(부서 미정),,2026-09,SH-WI-001,
25,1. 생산조건관리,1-5,로봇용접프로그램백업관리기준서,SH-FM-QP003-05,SH-FM-147,기존 절차 연계,생산기술,황지환,2026-09,SH-QP-003,
26,1. 생산조건관리,1-5,로봇용접프로그램백업관리실적,SH-FM-QP003-06,SH-FM-148,기존 절차 연계,생산기술,,2026-09,SH-QP-003,
27,1. 생산조건관리,1-5,용접조건 검증체크시트,SH-FM-PRD-N10,SH-FM-149,신규 작성 필요,생산기술,,2026-09,,
28,1. 생산조건관리,1-5,스폿용접전류/가압력 관리기준서,SH-FM-PRD-N11,SH-FM-150,신규 작성 필요,(부서 미정),,2026-09,,
29,1. 생산조건관리,1-5,스폿용접전류/가압력 관리실적(1회/월),SH-FM-PRD-N12,SH-FM-151,신규 작성 필요,생산기술,황지환,2026-09,,
30,2. 검사시험,2-1,원자재 검사협정서  OR 검사기준서,SH-FM-QP013-01,SH-FM-152,기존 절차 연계,구매자재팀,"이은주
박철호",2026-10,SH-QP-013,
31,2. 검사시험,2-1,원자재 입고 LIST,SH-FM-WI009-01,SH-FM-153,기존 절차 연계,구매자재팀,,2026-10,SH-WI-009,
32,2. 검사시험,2-1,원자재수입검사 기준서,SH-FM-QP013-02,SH-FM-154,기존 절차 연계,구매자재팀,,2026-11,SH-QP-013,
33,2. 검사시험,2-1,원자재수입검사 일지,SH-FM-QP013-10,SH-FM-155,기존 절차 연계,구매자재팀,,2026-09,SH-QP-013,
34,2. 검사시험,2-1,원자재 M/SHEET (입고LOT별 접수),SH-FM-WI029-02,SH-FM-156,기존 절차 연계,구매자재팀,,2026-09,SH-WI-029,
35,2. 검사시험,2-1,원자재 규격별 물성및 화학조성비 기준서,SH-FM-WI027-01,SH-FM-157,기존 절차 연계,구매자재팀,,2026-11,SH-WI-027,
36,2. 검사시험,2-1,원자재 중금속검사 성적서,SH-FM-WI027-02,SH-FM-158,기존 절차 연계,구매자재팀,,2026-11,SH-WI-027,
37,2. 검사시험,2-1,원자재식별표,SH-FM-INS-N03,SH-FM-159,신규 작성 필요,구매자재팀,,2026-09,,
38,2. 검사시험,2-2,외주품 수입검사기준서,SH-FM-QP013-03,SH-FM-160,기존 절차 연계,품질팀,김명용,2026-11,SH-QP-013,
39,2. 검사시험,2-2,외주품입고식별표,SH-FM-INS-N04,SH-FM-161,신규 작성 필요,구매자재팀,이은주,2026-09,,
40,2. 검사시험,2-2,외주품 부적합처리기준서,SH-FM-INS-N05,SH-FM-162,신규 작성 필요,품질팀,김명용,2026-09,,
41,2. 검사시험,2-2,외주품 검사협정서,SH-FM-INS-N06,SH-FM-163,신규 작성 필요,품질팀,이광재,2026-09,,기존 양식과 중복 가능: SH-FM-056 수입품검사협정서 (0.75)
42,2. 검사시험,2-2,외주품 검사기준서,SH-FM-QP013-04,SH-FM-164,기존 절차 연계,품질팀,김명용,2026-11,SH-QP-013,
43,2. 검사시험,2-3,한도견본 관리대장(외주품/완성품),SH-FM-INS-N07,SH-FM-165,신규 작성 필요,품질팀,김명용,2026-09,,
44,2. 검사시험,2-3,한도견본 식별표,SH-FM-WI001-02,SH-FM-166,기존 절차 연계,품질팀,김명용,2026-11,SH-WI-001,
45,2. 검사시험,2-3,한도견본 샘플보관대 및 샘플,SH-FM-INS-N08,SH-FM-167,신규 작성 필요,생산팀,지성규,2026-10,,
46,2. 검사시험,2-3,외관검사기준서,SH-FM-QP013-06,SH-FM-168,기존 절차 연계,품질팀,김명용,2026-11,SH-QP-013,
47,2. 검사시험,2-4,정기검사계획대실적(치수/용접),SH-FM-INS-N09,SH-FM-169,신규 작성 필요,품질팀,이광재,2026-09,,
48,2. 검사시험,2-4,정기검사성적서(치수/용접),SH-FM-WI027-03,SH-FM-170,기존 절차 연계,품질팀,이광재,2026-11,SH-WI-027,
49,2. 검사시험,2-4,중금속 정기검사 계획대실적,SH-FM-INS-N10,SH-FM-171,신규 작성 필요,구매자재팀,이은주,2026-09,,
50,2. 검사시험,2-4,중금속 성적서,SH-FM-INS-N11,SH-FM-172,신규 작성 필요,구매자재팀,이은주,2026-09,,
51,2. 검사시험,2-5,계측기관리대장,SH-FM-QP008-01,SH-FM-173,기존 절차 연계,품질팀,김명용,2026-11,SH-QP-008,기존 양식과 중복 가능: SH-FM-023 계측기관리대장 (1.00)
52,2. 검사시험,2-5,계측기이력카드,SH-FM-WI006-02,SH-FM-174,기존 절차 연계,품질팀,김명용,2026-11,SH-WI-006,
53,2. 검사시험,2-5,계측기검교정 계획대실적표,SH-FM-WI006-03,SH-FM-175,기존 절차 연계,품질팀,김명용,2026-12,SH-WI-006,
54,2. 검사시험,2-5,계측기검교정 성적서,SH-FM-WI006-04,SH-FM-176,기존 절차 연계,품질팀,김명용,2026-12,SH-WI-006,
55,2. 검사시험,2-5,계측기보관함  위치지정및 레이아웃 주소화,SH-FM-WI006-05,SH-FM-177,기존 절차 연계,품질팀,김명용,2026-12,SH-WI-006,
56,2. 검사시험,2-5,검사구관리대장,SH-FM-WI007-01,SH-FM-178,기존 절차 연계,품질팀,김주태,2026-12,SH-WI-007,기존 양식과 중복 가능: SH-FM-059 구매품추적관리대장 (0.62)
57,2. 검사시험,2-5,검사구이력카드,SH-FM-WI002-01,SH-FM-179,기존 절차 연계,품질팀,김주태,2026-12,"SH-WI-002, SH-WI-007",
58,2. 검사시험,2-5,검사구정기점검 계획대실적표,SH-FM-WI007-02,SH-FM-180,기존 절차 연계,품질팀,김주태,2026-12,SH-WI-007,
59,2. 검사시험,2-5,검사구점검체크시트,SH-FM-WI007-03,SH-FM-181,기존 절차 연계,품질팀,김주태,2026-12,SH-WI-007,
60,2. 검사시험,2-5,검사구보관 lay-out,SH-FM-WI007-04,SH-FM-182,기존 절차 연계,품질팀,김주태,2026-12,SH-WI-007,
61,2. 검사시험,2-5,검사구 식별표,SH-FM-WI007-05,SH-FM-183,기존 절차 연계,품질팀,김주태,2026-12,SH-WI-007,
62,2. 검사시험,2-6,계측기 GAGE R&R 계획대실적표,SH-FM-WI006-06,SH-FM-184,기존 절차 연계,품질팀,김명용,2026-12,SH-WI-006,
63,2. 검사시험,2-6,계측기 GAGE R&R 실시실적,SH-FM-WI006-07,SH-FM-185,기존 절차 연계,품질팀,김명용,2026-12,SH-WI-006,
64,2. 검사시험,2-6,계측기 사용자 등록현황,SH-FM-WI006-08,SH-FM-186,기존 절차 연계,품질팀,김명용,2026-12,SH-WI-006,
65,2. 검사시험,2-7,자주검사기준서,SH-FM-QP013-07,SH-FM-187,기존 절차 연계,품질팀,이광재,2026-11,"SH-QP-013, SH-WI-002",
66,2. 검사시험,2-7,자주검사체크시트,SH-FM-WI002-02,SH-FM-188,기존 절차 연계,품질팀,이광재,2026-11,SH-WI-002,같은 서류명이 여러 행에 있음(통합 검토)
67,2. 검사시험,2-7,용접spatter 관리기준,SH-FM-QP016-01,SH-FM-189,기존 절차 연계,품질팀,이광재,2026-11,"SH-QP-016, SH-WI-002",
68,2. 검사시험,2-7,용접스패터관리 점검체크시트,SH-FM-INS-N12,SH-FM-190,신규 작성 필요,품질팀,이광재,2026-09,,
69,2. 검사시험,2-7,자주검사체크시트,SH-FM-WI002-03,SH-FM-191,기존 절차 연계,품질팀,이광재,2026-11,SH-WI-002,같은 서류명이 여러 행에 있음(통합 검토)
70,2. 검사시험,2-7,품질순회검사체크시트(중요항목치수추가),SH-FM-WI002-04,SH-FM-192,기존 절차 연계,품질팀,이광재,2026-11,SH-WI-002,
71,2. 검사시험,2-7,자주검사대 설치(초중종현품보관),SH-FM-WI002-05,SH-FM-193,기존 절차 연계,생산팀,지성규,2026-11,SH-WI-002,
72,2. 검사시험,2-8,완성품검사기준서,SH-FM-QP013-08,SH-FM-194,기존 절차 연계,품질팀,김명용,2026-11,SH-QP-013,
73,2. 검사시험,2-8,완성품검사체크시트,SH-FM-INS-N13,SH-FM-195,신규 작성 필요,품질팀,김명용,2026-09,,
74,2. 검사시험,2-8,완성품검사식별표,SH-FM-INS-N14,SH-FM-196,신규 작성 필요,품질팀,김명용,2026-09,,
75,2. 검사시험,2-8,완성품보관장소선정,SH-FM-WI006-10,SH-FM-197,기존 절차 연계,품질팀,김명용,2026-09,SH-WI-006,
76,2. 검사시험,2-8,완성검사관리대제작,SH-FM-QP012-01,SH-FM-198,기존 절차 연계,품질팀,김명용,2026-09,SH-QP-012,
77,2. 검사시험,2-8,(QMS SYSTEM 운영시 컴퓨터설치운영),SH-FM-INS-N17,SH-FM-199,신규 작성 필요,(부서 미정),,2026-10,,
78,2. 검사시험,2-9,용입검사 계획대실적,SH-FM-INS-N18,SH-FM-200,신규 작성 필요,품질팀,이광재,2026-09,,
79,2. 검사시험,2-9,용접로보트별 용접POINT 관리표준,SH-FM-INS-N19,SH-FM-201,신규 작성 필요,생산팀,한상돈,2026-09,,같은 서류명이 여러 행에 있음(통합 검토)
80,2. 검사시험,2-9,용접로보트별 용접POINT 관리표준,SH-FM-INS-N20,SH-FM-202,신규 작성 필요,품질팀,이광재,2026-09,,같은 서류명이 여러 행에 있음(통합 검토)
81,2. 검사시험,2-9,용접반파괴/파괴검사기준,SH-FM-INS-N21,SH-FM-203,신규 작성 필요,생산팀,한상돈,2026-09,,
82,2. 검사시험,2-9,용접검사체크시트,SH-FM-INS-N22,SH-FM-204,신규 작성 필요,생산팀,한상돈,2026-09,,
83,2. 검사시험,2-9,용접반파괴 검사대제작,SH-FM-INS-N23,SH-FM-205,신규 작성 필요,생산팀,한상돈,2026-09,,
84,2. 검사시험,2-9,(용접반파괴테스트 보관대제작-한도견본&현품),SH-FM-WI001-03,SH-FM-206,기존 절차 연계,생산팀,한상돈,2026-09,SH-WI-001,
85,3. 설비관리,3-1,설비일상점검기준서,SH-FM-WI004-04,SH-FM-207,기존 절차 연계,생산팀,한상돈,2026-11,SH-WI-004,기존 양식과 중복 가능: SH-FM-101 설비 일상점검 및 고장이력 (0.60)
86,3. 설비관리,3-1,설비일상점검표(각부위별사진도식화),SH-FM-WI004-07,SH-FM-208,기존 절차 연계,생산팀,한상돈,2026-11,SH-WI-004,
87,3. 설비관리,3-1,설비게이지 상하한식별관리,SH-FM-QP018-02,SH-FM-209,기존 절차 연계,생산기술,한상돈,2026-12,SH-QP-018,
88,3. 설비관리,3-1,설비 오셋팅방지 KEY-LOCK,SH-FM-EQP-N01,SH-FM-210,신규 작성 필요,생산팀,한상돈,2026-09,,
89,3. 설비관리,3-2,설비정기점검 계획대실적표,SH-FM-EQP-N02,SH-FM-211,신규 작성 필요,생산기술,황지환,2026-10,,같은 서류명이 여러 행에 있음(통합 검토)
90,3. 설비관리,3-2,설비정기점검 실적,SH-FM-EQP-N03,SH-FM-212,신규 작성 필요,생산기술,황지환,2026-10,,같은 서류명이 여러 행에 있음(통합 검토)
91,3. 설비관리,3-2,설비관리대장,SH-FM-EQP-N04,SH-FM-213,신규 작성 필요,생산기술,황지환,2026-10,,기존 양식과 중복 가능: SH-FM-026 CSR관리대장 (0.62)
92,3. 설비관리,3-2,설비이력카드,SH-FM-EQP-N05,SH-FM-214,신규 작성 필요,생산기술,황지환,2026-10,,
93,3. 설비관리,3-2,설비수리보고서,SH-FM-WI015-02,SH-FM-215,기존 절차 연계,생산기술,황지환,2026-12,SH-WI-015,
94,3. 설비관리,3-2,설비압력게이지 검증 계획대실적표,SH-FM-QP015-01,SH-FM-216,기존 절차 연계,생산기술,황지환,2026-10,SH-QP-015,
95,3. 설비관리,3-2,설비압력게이지 점검실적,SH-FM-WI008-01,SH-FM-217,기존 절차 연계,생산기술,황지환,2026-12,SH-WI-008,
96,3. 설비관리,3-2,설비예비품관리대장,SH-FM-WI004-05,SH-FM-218,기존 절차 연계,생산기술,황지환,2026-12,SH-WI-004,
97,3. 설비관리,3-2,설비예비품 입출고 관리일지,SH-FM-EQP-N07,SH-FM-219,신규 작성 필요,생산기술,황지환,2026-11,,
98,3. 설비관리,3-2,작동유관리기준서,SH-FM-EQP-N08,SH-FM-220,신규 작성 필요,생산기술,황지환,2026-11,,
99,3. 설비관리,3-2,작동유샘플보관대제작설치,SH-FM-EQP-N09,SH-FM-221,신규 작성 필요,생산기술,황지환,2026-11,,
100,3. 설비관리,3-3,CO2용접원점확인장치,SH-FM-EQP-N10,SH-FM-222,신규 작성 필요,(부서 미정),김운주,2026-10,,같은 서류명이 여러 행에 있음(통합 검토)
101,3. 설비관리,3-3,스폿로봇 원점확인장치,SH-FM-EQP-N11,SH-FM-223,신규 작성 필요,생산팀,김운주,2026-09,,같은 서류명이 여러 행에 있음(통합 검토)
102,3. 설비관리,3-3,용접전극드레싱/교환 F/P장비설치,SH-FM-EQP-N12,SH-FM-224,신규 작성 필요,생산팀,김운주,2026-09,,
103,3. 설비관리,3-4,설비정기점검 관리기준서,SH-FM-EQP-N13,SH-FM-225,신규 작성 필요,생산기술,황지환,2026-11,,
104,3. 설비관리,3-4,설비정기점검계획대실적표,SH-FM-EQP-N14,SH-FM-226,신규 작성 필요,생산기술,황지환,2026-11,,같은 서류명이 여러 행에 있음(통합 검토)
105,3. 설비관리,3-4,설비정기점검 실적,SH-FM-EQP-N15,SH-FM-227,신규 작성 필요,생산기술,황지환,2026-12,,같은 서류명이 여러 행에 있음(통합 검토)
106,3. 설비관리,3-5,CO2용접원점확인장치,SH-FM-EQP-N16,SH-FM-228,신규 작성 필요,(부서 미정),황지환,2026-11,,같은 서류명이 여러 행에 있음(통합 검토)
107,3. 설비관리,3-5,스폿로봇 원점확인장치,SH-FM-EQP-N17,SH-FM-229,신규 작성 필요,생산팀,황지환,2026-09,,같은 서류명이 여러 행에 있음(통합 검토)
108,3. 설비관리,3-5,가스잔량 F/P장치,SH-FM-EQP-N18,SH-FM-230,신규 작성 필요,(부서 미정),황지환,2026-11,,
109,3. 설비관리,3-6,JIG정기점검 관리기준서,SH-FM-EQP-N19,SH-FM-231,신규 작성 필요,생산팀,지성규,2026-10,,
110,3. 설비관리,3-6,JIG정기점검계획대실적표,SH-FM-EQP-N20,SH-FM-232,신규 작성 필요,생산팀,지성규,2026-10,,
111,3. 설비관리,3-6,JIG 기준핀정기점검 실적,SH-FM-EQP-N21,SH-FM-233,신규 작성 필요,생산팀,지성규,2026-10,,
112,3. 설비관리,3-6,JIG PIN 위치도 및 상세사진 위치도,SH-FM-EQP-N22,SH-FM-234,신규 작성 필요,생산팀,지성규,2026-10,,
113,4. 금형관리,4-1,금형관리 프로세스,SH-FM-WI008-02,SH-FM-235,기존 절차 연계,생산팀,지성규,2026-11,SH-WI-008,
114,4. 금형관리,4-1,금형관리대장,SH-FM-QP021-02,SH-FM-236,기존 절차 연계,생산팀,지성규,2026-11,SH-QP-021,기존 양식과 중복 가능: SH-FM-026 CSR관리대장 (0.62)
115,4. 금형관리,4-1,금형이력카드,SH-FM-WI008-04,SH-FM-237,기존 절차 연계,생산팀,지성규,2026-11,SH-WI-008,
116,4. 금형관리,4-1,MMS SYSTEM금형수리내역,SH-FM-WI008-05,SH-FM-238,기존 절차 연계,생산팀,지성규,2026-11,"SH-WI-008, SH-WI-018",
117,4. 금형관리,4-1,금형일상점검관리기준서,SH-FM-WI001-04,SH-FM-239,기존 절차 연계,생산팀,지성규,2026-11,SH-WI-001,
118,4. 금형관리,4-1,금형일상점검체크시트,SH-FM-WI008-07,SH-FM-240,기존 절차 연계,생산팀,지성규,2026-11,SH-WI-008,
119,4. 금형관리,4-2,금형등급관리준서,SH-FM-WI008-08,SH-FM-241,기존 절차 연계,생산팀,지성규,2026-11,SH-WI-008,
120,4. 금형관리,4-2,금형별 등급실적,SH-FM-QP003-04,SH-FM-242,기존 절차 연계,생산팀,지성규,2026-11,"SH-QP-003, SH-WI-008",
121,4. 금형관리,4-2,금형정기점검실적,SH-FM-WI008-09,SH-FM-243,기존 절차 연계,생산팀,지성규,2026-11,SH-WI-008,
122,4. 금형관리,4-2,금형타발수관리대장,SH-FM-WI008-10,SH-FM-244,기존 절차 연계,생산팀,지성규,2026-11,SH-WI-008,
123,4. 금형관리,4-2,금형전산화시스템적용시 금형반컴퓨터설치,SH-FM-WI008-11,SH-FM-245,기존 절차 연계,생산팀,지성규,2026-11,SH-WI-008,
124,4. 금형관리,4-3,금형/지그관리대장,SH-FM-QP023-01,SH-FM-246,기존 절차 연계,개발팀,한상돈,2026-10,SH-QP-023,
125,4. 금형관리,4-3,금형/JIG이력카드,SH-FM-WI008-13,SH-FM-247,기존 절차 연계,개발팀,한상돈,2026-11,SH-WI-008,
126,4. 금형관리,4-4,금형보관 lay-out 설치,SH-FM-WI008-14,SH-FM-248,기존 절차 연계,생산팀,지성규,2026-12,"SH-WI-008, SH-WI-018",
127,4. 금형관리,4-4,금형보관구역 식별표시,SH-FM-WI017-02,SH-FM-249,기존 절차 연계,생산팀,지성규,2026-12,SH-WI-017,
128,4. 금형관리,4-4,금형보관시 잔존이물제거후 적재,SH-FM-WI017-03,SH-FM-250,기존 절차 연계,생산팀,지성규,2026-12,SH-WI-017,
129,4. 금형관리,4-5,금형이관 T/O보고서,SH-FM-WI008-16,SH-FM-251,기존 절차 연계,생산팀,사무실,2026-12,SH-WI-008,
130,4. 금형관리,4-5,금형이관시 접수자료,SH-FM-WI008-17,SH-FM-252,기존 절차 연계,생산팀,사무실,2026-12,SH-WI-008,
131,4. 금형관리,4-5,금형문제점개선자료,SH-FM-WI008-18,SH-FM-253,기존 절차 연계,생산팀,사무실,2026-12,SH-WI-008,
132,5. 자재관리,5-1,원자재입고 부품식별표,SH-FM-QP018-10,SH-FM-254,기존 절차 연계,구매자재팀,이은주,2026-11,SH-QP-018,
133,5. 자재관리,5-1,작업일보,SH-FM-MAT-N01,SH-FM-255,신규 작성 필요,생산팀,지성규,2026-09,,같은 서류명이 여러 행에 있음(통합 검토)
134,5. 자재관리,5-1,부품식별표,SH-FM-QP019-01,SH-FM-256,기존 절차 연계,생산팀,지성규,2026-11,SH-QP-019,같은 서류명이 여러 행에 있음(통합 검토)
135,5. 자재관리,5-1,작업일보,SH-FM-MAT-N02,SH-FM-257,신규 작성 필요,생산팀,지성규,2026-09,,같은 서류명이 여러 행에 있음(통합 검토)
136,5. 자재관리,5-1,부품식별표,SH-FM-MAT-N03,SH-FM-258,신규 작성 필요,생산팀,지성규,2026-09,,같은 서류명이 여러 행에 있음(통합 검토)
137,5. 자재관리,5-1,출하일지,SH-FM-MAT-N04,SH-FM-259,신규 작성 필요,구매자재팀,이은주,2026-10,,
138,5. 자재관리,5-1,고객부품식별표,SH-FM-MAT-N05,SH-FM-260,신규 작성 필요,구매자재팀,이은주,2026-10,,
139,5. 자재관리,5-1,일별생산실적현황 OR LOT 관리대장,SH-FM-QP018-04,SH-FM-261,기존 절차 연계,생산팀,지성규,2026-11,SH-QP-018,
140,5. 자재관리,5-1,LOT관리기준서,SH-FM-WI001-05,SH-FM-262,기존 절차 연계,생산팀,지성규,2026-11,SH-WI-001,
141,5. 자재관리,5-2,원자재보관관리기준서,SH-FM-QP019-02,SH-FM-263,기존 절차 연계,구매자재팀,이은주,2026-11,SH-QP-019,
142,5. 자재관리,5-2,원자재보관대 LAY-OUT 및재고현황,SH-FM-WI009-03,SH-FM-264,기존 절차 연계,구매자재팀,이은주,2026-11,SH-WI-009,
143,5. 자재관리,5-2,원자재보관대 구역설정및 식별,SH-FM-QP019-03,SH-FM-265,기존 절차 연계,구매자재팀,이은주,2026-11,"SH-QP-019, SH-WI-009",
144,5. 자재관리,5-2,원자재선입선출관리기준서,SH-FM-MAT-N06,SH-FM-266,신규 작성 필요,구매자재팀,이은주,2026-10,,
145,5. 자재관리,5-2,.원자재식별표,SH-FM-MAT-N07,SH-FM-267,신규 작성 필요,구매자재팀,이은주,2026-10,,같은 서류명이 여러 행에 있음(통합 검토)
146,5. 자재관리,5-2,장기재고보관관리기준서,SH-FM-QP019-04,SH-FM-268,기존 절차 연계,구매자재팀,이은주,2026-11,SH-QP-019,같은 서류명이 여러 행에 있음(통합 검토)
147,5. 자재관리,5-2,장기재고점검체크시트,SH-FM-WI028-01,SH-FM-269,기존 절차 연계,구매자재팀,이은주,2026-11,SH-WI-028,
148,5. 자재관리,5-2,장기재고식별표,SH-FM-WI028-02,SH-FM-270,기존 절차 연계,구매자재팀,이은주,2026-12,SH-WI-028,같은 서류명이 여러 행에 있음(통합 검토)
149,5. 자재관리,5-2,LAY-OUT 및재고현황,SH-FM-MAT-N08,SH-FM-271,신규 작성 필요,생산팀,지성규,2026-10,,
150,5. 자재관리,5-2,구역설정및 식별,SH-FM-MAT-N09,SH-FM-272,신규 작성 필요,생산팀,지성규,2026-10,,
151,5. 자재관리,5-2,부품식별표,SH-FM-MAT-N10,SH-FM-273,신규 작성 필요,생산팀,지성규,2026-10,,같은 서류명이 여러 행에 있음(통합 검토)
152,5. 자재관리,5-2,'-불용자재관리기준서,SH-FM-WI009-04,SH-FM-274,기존 절차 연계,구매자재팀,이은주,2026-12,SH-WI-009,
153,5. 자재관리,5-2,불용자재식별표,SH-FM-MAT-N11,SH-FM-275,신규 작성 필요,구매자재팀,이은주,2026-10,,
154,5. 자재관리,5-3,선입고품 우선사용 TAG식별,SH-FM-WI028-04,SH-FM-276,기존 절차 연계,구매자재팀,이은주,2026-10,SH-WI-028,
155,5. 자재관리,5-3,.원자재식별표,SH-FM-MAT-N13,SH-FM-277,신규 작성 필요,구매자재팀,이은주,2026-10,,같은 서류명이 여러 행에 있음(통합 검토)
156,5. 자재관리,5-3,장기재고보관관리기준서,SH-FM-QP018-06,SH-FM-278,기존 절차 연계,구매자재팀,이은주,2026-12,"SH-QP-018, SH-QP-019",같은 서류명이 여러 행에 있음(통합 검토)
157,5. 자재관리,5-3,장기재고식별표,SH-FM-WI028-03,SH-FM-279,기존 절차 연계,구매자재팀,이은주,2026-12,SH-WI-028,같은 서류명이 여러 행에 있음(통합 검토)
158,5. 자재관리,5-3,부품식별표,SH-FM-MAT-N14,SH-FM-280,신규 작성 필요,생산팀,지성규,2026-10,,같은 서류명이 여러 행에 있음(통합 검토)
159,5. 자재관리,5-4,공정제품 용기설정 기준서,SH-FM-MAT-N15,SH-FM-281,신규 작성 필요,생산팀,지성규,2026-10,,
160,5. 자재관리,5-4,과다적재방지 장입한계기준 설정,SH-FM-MAT-N16,SH-FM-282,신규 작성 필요,생산팀,지성규,2026-10,,
161,5. 자재관리,5-4,완성품 납용용기설정서,SH-FM-QP018-07,SH-FM-283,기존 절차 연계,구매자재팀,이은주,2026-12,SH-QP-018,
162,5. 자재관리,5-4,완성품 LAY-OUT,SH-FM-WI017-01,SH-FM-284,기존 절차 연계,구매자재팀,이은주,2026-12,SH-WI-017,
163,5. 자재관리,5-4,완성품 적재공간 구역설정 LINE MARK'G,SH-FM-WI010-01,SH-FM-285,기존 절차 연계,구매자재팀,이은주,2026-12,SH-WI-010,
164,5. 자재관리,5-4,완성품 적재장소 NAME PLATE부착,SH-FM-QP019-05,SH-FM-286,기존 절차 연계,구매자재팀,이은주,2026-12,SH-QP-019,
165,6. 품질경영체제,6-1,안전관리업무기준서,SH-FM-QP004-01,SH-FM-287,기존 절차 연계,생산팀,지성규,2026-09,SH-QP-004,
166,6. 품질경영체제,6-1,안전보호구 지급기준,SH-FM-QMS-N02,SH-FM-288,신규 작성 필요,생산팀,지성규,2026-09,,
167,6. 품질경영체제,6-1,안전보호구 지급관리대장,SH-FM-QMS-N03,SH-FM-289,신규 작성 필요,생산팀,지성규,2026-09,,
168,6. 품질경영체제,6-1,안전교육교안,SH-FM-QMS-N04,SH-FM-290,신규 작성 필요,생산팀,지성규,2026-09,,
169,6. 품질경영체제,6-1,안전교육실시보고서,SH-FM-QMS-N05,SH-FM-291,신규 작성 필요,생산팀,지성규,2026-09,,
170,6. 품질경영체제,6-1,작업장 안전수칙 라인별 제작활용,SH-FM-QMS-N06,SH-FM-292,신규 작성 필요,생산팀,지성규,2026-10,,
171,6. 품질경영체제,6-1,유해물질보관장 선정,SH-FM-QMS-N07,SH-FM-293,신규 작성 필요,생산팀,지성규,2026-10,,
172,6. 품질경영체제,6-1,유해물질보관장 MSDS비치활용,SH-FM-QMS-N08,SH-FM-294,신규 작성 필요,생산팀,지성규,2026-10,,
173,6. 품질경영체제,6-1,설비일상/정기점검기준서(안전장치점검반영),SH-FM-WI016-04,SH-FM-295,기존 절차 연계,생산팀,지성규,2026-10,SH-WI-016,
174,6. 품질경영체제,6-1,"설비안전관리책임자선정및 정,부 식별현황",SH-FM-QMS-N10,SH-FM-296,신규 작성 필요,생산팀,지성규,2026-10,,
175,6. 품질경영체제,6-1,소화기 배치 LAY-OUT,SH-FM-WI016-03,SH-FM-297,기존 절차 연계,생산팀,지성규,2026-12,SH-WI-016,
176,6. 품질경영체제,6-1,소화기점검식별표,SH-FM-QMS-N11,SH-FM-298,신규 작성 필요,생산팀,지성규,2026-10,,
177,6. 품질경영체제,6-2,설계변경/4M관리업무 프로세스,SH-FM-QMS-N12,SH-FM-299,신규 작성 필요,품질팀,이광재,2026-09,,
178,6. 품질경영체제,6-2,변경관리 master list,SH-FM-WI020-03,SH-FM-300,기존 절차 연계,품질팀,이광재,2026-12,SH-WI-020,
179,6. 품질경영체제,6-2,변경품적용시점통보서,SH-FM-WI029-01,SH-FM-301,기존 절차 연계,품질팀,이광재,2026-12,SH-WI-029,
180,6. 품질경영체제,6-2,변경품적용시 고객ISIR승인서류,SH-FM-QP010-06,SH-FM-302,기존 절차 연계,품질팀,이광재,2026-12,"SH-QP-010, SH-WI-029",
181,6. 품질경영체제,6-3,도면일치성관리기준서,SH-FM-QMS-N13,SH-FM-303,신규 작성 필요,품질팀,이광재,2026-09,,
182,6. 품질경영체제,6-3,도면일치성점검체크시트(고객사관리본접수),SH-FM-QP002-01,SH-FM-304,기존 절차 연계,품질팀,이광재,2026-09,SH-QP-002,
183,6. 품질경영체제,6-3,도면/검사협정서/초도품보증서고객승인본,SH-FM-QMS-N15,SH-FM-305,신규 작성 필요,품질팀,이광재,2026-09,,
184,6. 품질경영체제,6-3,정기검사계획대실적표,SH-FM-QP013-09,SH-FM-306,기존 절차 연계,품질팀,이광재,2026-12,SH-QP-013,
185,6. 품질경영체제,6-3,정기검사실적,SH-FM-QMS-N16,SH-FM-307,신규 작성 필요,품질팀,이광재,2026-09,,기존 양식과 중복 가능: SH-FM-034 공정검사 (0.60)
186,6. 품질경영체제,6-4,ISO인증서,SH-FM-QP025-02,SH-FM-308,기존 절차 연계,품질팀,이광재,2026-10,SH-QP-025,
187,6. 품질경영체제,6-4,품질매뉴얼/절차서/지침서,SH-FM-QP025-03,SH-FM-309,기존 절차 연계,품질팀,이광재,2026-10,SH-QP-025,
188,6. 품질경영체제,6-4,전사조직도 및 업무분장표,SH-FM-QP005-01,SH-FM-310,기존 절차 연계,품질팀,이광재,2026-12,SH-QP-005,
189,6. 품질경영체제,6-4,SQ 사전점검 지적사항및 개선대책,SH-FM-QMS-N19,SH-FM-311,신규 작성 필요,품질팀,이광재,2026-10,,
190,6. 품질경영체제,6-4,(유효성검증관리 실적),SH-FM-QMS-N20,SH-FM-312,신규 작성 필요,(부서 미정),,2026-12,,
191,6. 품질경영체제,6-5,자격인증관리 기준서,SH-FM-QMS-N21,SH-FM-313,신규 작성 필요,품질팀,이광재,2026-09,,
192,6. 품질경영체제,6-5,자격인증체크시트 (검사원),SH-FM-QP006-03,SH-FM-314,기존 절차 연계,품질팀,이광재,2026-10,SH-QP-006,
193,6. 품질경영체제,6-5,자격인증체크시트 (현장작업자),SH-FM-QP006-04,SH-FM-315,기존 절차 연계,생산팀,지성규,2026-10,SH-QP-006,
194,6. 품질경영체제,6-5,계수형R&R 계획대실적표,SH-FM-QMS-N24,SH-FM-316,신규 작성 필요,품질팀,이광재,2026-10,,
195,6. 품질경영체제,6-5,계수형R&R 실시실적,SH-FM-QMS-N25,SH-FM-317,신규 작성 필요,품질팀,이광재,2026-10,,
196,6. 품질경영체제,6-5,계량형/계수형 R&R 수기작성본,SH-FM-WI006-09,SH-FM-318,기존 절차 연계,품질팀,이광재,2026-12,SH-WI-006,
197,6. 품질경영체제,6-5,계수형R&R 평가샘플 보관대,SH-FM-QMS-N26,SH-FM-319,신규 작성 필요,생산팀,지성규,2026-10,,
198,6. 품질경영체제,6-5,자격인증대상자교육실시보고서,SH-FM-QMS-N27,SH-FM-320,신규 작성 필요,품질팀,이광재,2026-10,,
199,6. 품질경영체제,6-5,자격인증서(검사원/현장작업자),SH-FM-QMS-N28,SH-FM-321,신규 작성 필요,품질팀,이광재,2026-10,,
200,6. 품질경영체제,6-5,작업자변경시 교육실시보고서,SH-FM-QMS-N29,SH-FM-322,신규 작성 필요,생산팀,지성규,2026-10,,
201,6. 품질경영체제,6-6,교육교안,SH-FM-QP006-05,SH-FM-323,기존 절차 연계,품질팀,김명용,2026-11,SH-QP-006,
202,6. 품질경영체제,6-6,2026년 교육계획대실적,SH-FM-QP006-01,SH-FM-324,기존 절차 연계,품질팀,김명용,2026-12,SH-QP-006,
203,6. 품질경영체제,6-6,교육실시보고서 (교육사진/참석자서명),SH-FM-QMS-N31,SH-FM-325,신규 작성 필요,품질팀,김명용,2026-11,,
204,6. 품질경영체제,6-6,품질문제발생시 즉시교육실적보고서,SH-FM-QMS-N32,SH-FM-326,신규 작성 필요,품질팀,김명용,2026-11,,
205,6. 품질경영체제,6-7,부적합처리업무 프로세스,SH-FM-QMS-N33,SH-FM-327,신규 작성 필요,품질팀,이광재,2026-10,,
206,6. 품질경영체제,6-7,부적합 격리보관장소 지정 (펜스격리),SH-FM-QMS-N34,SH-FM-328,신규 작성 필요,품질팀,이광재,2026-10,,
207,6. 품질경영체제,6-7,부적합처리일지,SH-FM-QP014-02,SH-FM-329,기존 절차 연계,품질팀,이광재,2026-10,SH-QP-014,
208,6. 품질경영체제,6-7,부적합품 보관함,SH-FM-QMS-N36,SH-FM-330,신규 작성 필요,품질팀,이광재,2026-10,,기존 양식과 중복 가능: SH-FM-036 부적합품보고 (0.77)
209,6. 품질경영체제,6-7,부적합식별표,SH-FM-QP014-03,SH-FM-331,기존 절차 연계,품질팀,이광재,2026-10,SH-QP-014,
210,6. 품질경영체제,6-8,품질실적보고서 (전부서KPI목표대비실적),SH-FM-QP021-01,SH-FM-332,기존 절차 연계,품질팀,박철호,2026-12,SH-QP-021,
211,6. 품질경영체제,6-8,고객/공정/외주불량 실적PPM,SH-FM-QMS-N38,SH-FM-333,신규 작성 필요,품질팀,박철호,2026-10,,
212,6. 품질경영체제,6-8,고객/공정/외주불량 개선대책서,SH-FM-QMS-N39,SH-FM-334,신규 작성 필요,품질팀,박철호,2026-10,,
213,6. 품질경영체제,6-8,고객불량 유효성검증  MASTER LIST,SH-FM-QP016-02,SH-FM-335,기존 절차 연계,품질팀,박철호,2026-12,"SH-QP-016, SH-QP-017",
214,6. 품질경영체제,6-8,D+3개월 유효성검증,SH-FM-QMS-N40,SH-FM-336,신규 작성 필요,품질팀,품질팀,2026-10,,
215,6. 품질경영체제,6-9,조도관리기준서,SH-FM-QMS-N41,SH-FM-337,신규 작성 필요,생산팀,지성규,2026-10,,
216,6. 품질경영체제,6-9,조도측정 LAY-OUT,SH-FM-WI002-06,SH-FM-338,기존 절차 연계,생산팀,지성규,2026-12,SH-WI-002,
217,6. 품질경영체제,6-9,조도측정부 현장내 식별,SH-FM-QMS-N42,SH-FM-339,신규 작성 필요,생산팀,지성규,2026-10,,
218,6. 품질경영체제,6-9,조도측정 실적,SH-FM-QMS-N43,SH-FM-340,신규 작성 필요,생산팀,지성규,2026-11,,
219,6. 품질경영체제,6-10,3정5행관리 기준서,SH-FM-QP001-01,SH-FM-341,기존 절차 연계,생산팀,지성규,2026-11,SH-QP-001,
220,6. 품질경영체제,6-10,3정5행 점검 구역별 책임자 선정,SH-FM-QP016-03,SH-FM-342,기존 절차 연계,생산팀,지성규,2026-12,SH-QP-016,
221,6. 품질경영체제,6-10,3정5행점검 체크시트,SH-FM-QMS-N45,SH-FM-343,신규 작성 필요,생산팀,지성규,2026-11,,
222,6. 품질경영체제,6-10,3정5행 점검 결과 개선대책,SH-FM-WI001-06,SH-FM-344,기존 절차 연계,생산팀,지성규,2026-11,SH-WI-001,
223,6. 품질경영체제,6-10,3정5행개선사례 현황판,SH-FM-QMS-N47,SH-FM-345,신규 작성 필요,생산팀,지성규,2026-11,,
224,6. 품질경영체제,6-11,품질종합현황판 제작설치,SH-FM-QMS-N48,SH-FM-346,신규 작성 필요,품질팀,김명용,2026-11,,
225,6. 품질경영체제,6-11,공정별 주요문제점 각공정별 비치,SH-FM-QP017-01,SH-FM-347,기존 절차 연계,품질팀,김명용,2026-12,SH-QP-017,
226,6. 품질경영체제,6-11,중점관리POINT 선정 운영,SH-FM-QMS-N49,SH-FM-348,신규 작성 필요,품질팀,김명용,2026-11,,
227,6. 품질경영체제,6-12,재작업엄무처리 기준서,SH-FM-WI018-02,SH-FM-349,기존 절차 연계,생산팀,지성규,2026-12,SH-WI-018,
228,6. 품질경영체제,6-12,재작업품 작업공간 장소지정(공구확보),SH-FM-QP018-08,SH-FM-350,기존 절차 연계,생산팀,지성규,2026-12,"SH-QP-018, SH-WI-005",
229,6. 품질경영체제,6-12,재작업품 MASTER LIST,SH-FM-WI018-03,SH-FM-351,기존 절차 연계,생산팀,지성규,2026-12,SH-WI-018,
230,6. 품질경영체제,6-12,재작업품 검사기준및 검사실적,SH-FM-QP018-09,SH-FM-352,기존 절차 연계,생산팀,지성규,2026-12,"SH-QP-018, SH-WI-018",
231,6. 품질경영체제,6-12,재작업품 부품식별표,SH-FM-WI018-04,SH-FM-353,기존 절차 연계,생산팀,지성규,2026-12,SH-WI-018,
232,6. 품질경영체제,6-12,재작업품 출하 고객승인본,SH-FM-WI018-05,SH-FM-354,기존 절차 연계,품질팀,이광재,2026-12,SH-WI-018,
233,6. 품질경영체제,6-12,용접교육장설치,SH-FM-QP006-02,SH-FM-355,기존 절차 연계,생산팀,안종명,2026-12,"SH-QP-006, SH-QP-019",
234,6. 품질경영체제,6-12,자격인증내 실기평가보고서첨부,SH-FM-QP006-06,SH-FM-356,기존 절차 연계,생산팀,안종명,2026-11,SH-QP-006,
235,6. 품질경영체제,6-13,정성품질향상가이드,SH-FM-QMS-N51,SH-FM-357,신규 작성 필요,품질팀,김명용,2026-10,,
236,6. 품질경영체제,6-13,정성품질 조직도 (키맨선정),SH-FM-QMS-N52,SH-FM-358,신규 작성 필요,품질팀,김명용,2026-10,,
237,6. 품질경영체제,6-13,정성품질 체크시트,SH-FM-QMS-N53,SH-FM-359,신규 작성 필요,품질팀,김명용,2026-10,,
238,6. 품질경영체제,6-13,정성품질 개선추진보고서,SH-FM-QMS-N54,SH-FM-360,신규 작성 필요,품질팀,김명용,2026-10,,
239,6. 품질경영체제,6-13,정성품질 포상제도 시행안 보고서,SH-FM-QP016-04,SH-FM-361,기존 절차 연계,품질팀,김명용,2026-12,SH-QP-016,
240,6. 품질경영체제,6-13,정성품질 포상실행 품의서,SH-FM-QMS-N55,SH-FM-362,신규 작성 필요,품질팀,김명용,2026-10,,
