SQ NO,구분,번호,필요서류(양식명),정식 SH-FM 번호,SQ안 작성구분,중복검토 결정,판정,최고 유사도,같은 번호 폴더 파일 수,후보1,후보2,후보3,메모
1,1. 생산조건관리,1-1,P-FMEA,SH-FM-123,기존 절차 연계,보류(담당자 확인 필요),이름 일치,1.00,0,SHINHWA_CoreTools_APQP_PPAP_PFMEA_CP_MSA_SPC_Rev00.xlsx [00_QMS문서] (신화에이치앤티 SQ인증심사 참고본\SHINHWA_IATF_QMS_06-53단계_전체통합_문서패키지\SHINHWA_IATF_QMS_06-53단계_통합패키지\11_CoreTools\SHINHWA_CoreTools_APQP_PPAP_PFMEA_CP_MSA_SPC_Rev00.xlsx),00_README_단계상태.txt [00_QMS문서] (신화에이치앤티 SQ인증심사 참고본\SHINHWA_IATF_QMS_06-53단계_전체통합_문서패키지\SHINHWA_IATF_QMS_06-53단계_통합패키지\00_README_단계상태.txt),,
2,1. 생산조건관리,1-1,관리계획서,SH-FM-124,기존 절차 연계,보류(담당자 확인 필요),이름 일치,1.00,0,7.0_PLFA1A8L9SAA03-00_관리계획서.xlsx [08_SQ심사] (SQ 심사 관련서류\지빠귀\관리계획서\JX1\7.0_PLFA1A8L9SAA03-00_관리계획서.xlsx),7.0_PLFA1A8L9SAB03-00_관리계획서.xlsx [08_SQ심사] (SQ 심사 관련서류\지빠귀\관리계획서\JX1\7.0_PLFA1A8L9SAB03-00_관리계획서.xlsx),7.0_PLFA1A8L9SBA01-00_관리계획서.xlsx [08_SQ심사] (SQ 심사 관련서류\지빠귀\관리계획서\JX1\7.0_PLFA1A8L9SBA01-00_관리계획서.xlsx),
3,1. 생산조건관리,1-1,작업표준서,SH-FM-125,기존 절차 연계,보류(담당자 확인 필요),이름 일치,1.00,0,1동 작업표준서 차압기.xlsx [00_QMS문서] (기존 서류\황지환\과장님이 주신거\SQ\작업표준서\1동 작업표준서 차압기.xlsx),6동 작업표준서 밴딩라인.xlsx [00_QMS문서] (기존 서류\황지환\과장님이 주신거\SQ\작업표준서\6동 작업표준서 밴딩라인.xlsx),6동 작업표준서 자동라인.xlsx [00_QMS문서] (기존 서류\황지환\과장님이 주신거\SQ\작업표준서\6동 작업표준서 자동라인.xlsx),
4,1. 생산조건관리,1-1,설비일상점검표,SH-FM-126,기존 절차 연계,통합 확정,이름 일치,0.71,0,1동_설비일상점검 (1).xlsx [08_SQ심사] (기존 서류\황지환\과장님이 주신거\SQ\설비일상점검\1동_설비일상점검 (1).xlsx),차압1호기 설비일상점검.xlsx [08_SQ심사] (기존 서류\황지환\과장님이 주신거\SQ\설비일상점검\차압1호기 설비일상점검.xlsx),6동_설비일상점검 260519.xlsx [08_SQ심사] (기존 서류\황지환\과장님이 주신거\SQ\설비일상점검\6동_설비일상점검 260519.xlsx),
5,1. 생산조건관리,1-1,고객승인 검사협정 / ISIR 서류,SH-FM-127,기존 절차 연계,,자료 없음,0.20,0,,,,'기존 절차 연계'로 표시됐으나 E 드라이브 1차 범위에서 자료를 찾지 못함
6,1. 생산조건관리,1-2,설비재가동업무 프로세스,SH-FM-128,기존 절차 연계,,후보(사람 확인),0.60,3,설비 재가동 업무처리 기준.ppt [08_SQ심사] (SQ 심사 관련서류\1-2 설비 재가동 업무 처리 기준\설비 재가동 업무처리 기준.ppt),설비재가동 이력.xlsx [08_SQ심사] (SQ 심사 관련서류\1-2 설비 재가동 업무 처리 기준\설비재가동 이력.xlsx),설비 재가동 업무 처리 절차.pptx [08_SQ심사] (기존 서류\황지환\과장님이 주신거\SQ\설비\설비 재가동 처리\설비 재가동 업무 처리 절차.pptx),
7,1. 생산조건관리,1-2,(계획/비계획정지 기준 명확화),SH-FM-129,기존 절차 연계,,같은 SQ 번호 폴더에 자료만 있음,0.10,3,설비 재가동 업무처리 기준.ppt [08_SQ심사] (SQ 심사 관련서류\1-2 설비 재가동 업무 처리 기준\설비 재가동 업무처리 기준.ppt),설비재가동 이력.xlsx [08_SQ심사] (SQ 심사 관련서류\1-2 설비 재가동 업무 처리 기준\설비재가동 이력.xlsx),체크시트.xlsx [08_SQ심사] (SQ 심사 관련서류\1-2 설비 재가동 업무 처리 기준\체크시트.xlsx),
8,1. 생산조건관리,1-2,설비가동중단 LIST (설비이력카드 연계),SH-FM-130,기존 절차 연계,,후보(사람 확인),0.27,3,설비재가동 이력.xlsx [08_SQ심사] (SQ 심사 관련서류\1-2 설비 재가동 업무 처리 기준\설비재가동 이력.xlsx),측정실 측정기구 LIST.xlsx [08_SQ심사] (SQ 심사 관련서류\6-5 자격인증 관리기준 수립및 준수 상태\측정실 측정기구 LIST.xlsx),,
9,1. 생산조건관리,1-2,재가동 초품 검사 체크시트,SH-FM-131,기존 절차 연계,,이름 일치,0.70,3,설비 재가동검사 체크시트.xlsx [08_SQ심사] (기존 서류\황지환\과장님이 주신거\SQ\설비\설비 재가동 처리\설비 재가동검사 체크시트.xlsx),설비 재가동검사 체크시트(용접).xlsx [08_SQ심사] (기존 서류\황지환\과장님이 주신거\SQ\설비\설비 재가동 처리\설비 재가동검사 체크시트(용접).xlsx),체크시트.xlsx [08_SQ심사] (SQ 심사 관련서류\1-2 설비 재가동 업무 처리 기준\체크시트.xlsx),
10,1. 생산조건관리,1-2,재가동 초도생산품 LOT식별관리 기준서,SH-FM-132,기존 절차 연계,,후보(사람 확인),0.30,3,설비 재가동 업무처리 기준.ppt [08_SQ심사] (SQ 심사 관련서류\1-2 설비 재가동 업무 처리 기준\설비 재가동 업무처리 기준.ppt),부자재 관리 기준서.pptx [08_SQ심사] (SQ 심사 관련서류\2.-2 수입검사 누락방지 절차 수립\부자재 관리 기준서.pptx),작동유 관리 기준.xlsx [08_SQ심사] (SQ 심사 관련서류\3-2  설비 관련 서류\용접 설비\작동유 관리 기준.xlsx),
11,1. 생산조건관리,1-3,작업표준서 현지어번역본,SH-FM-133,기존 절차 연계,보류(담당자 확인 필요),후보(사람 확인),0.64,3,JLR D8 작업표준서-현지어.xlsx [00_QMS문서] (기존 서류\황지환\작업표준서\1팀 브레이징 용접\포밍\JLR D8 작업표준서-현지어.xlsx),GDI 작업표준 -현지어.xlsx [00_QMS문서] (기존 서류\황지환\작업표준서\1팀 브레이징 용접\포밍\GDI 작업표준 -현지어.xlsx),GTDI 작업표준 -현지어.xlsx [00_QMS문서] (기존 서류\황지환\작업표준서\1팀 브레이징 용접\포밍\GTDI 작업표준 -현지어.xlsx),
12,1. 생산조건관리,1-3,설비일상점검표 현지어 번역본,SH-FM-134,기존 절차 연계,보류(담당자 확인 필요),후보(사람 확인),0.50,3,1동_설비일상점검 (1).xlsx [08_SQ심사] (기존 서류\황지환\과장님이 주신거\SQ\설비일상점검\1동_설비일상점검 (1).xlsx),차압1호기 설비일상점검.xlsx [08_SQ심사] (기존 서류\황지환\과장님이 주신거\SQ\설비일상점검\차압1호기 설비일상점검.xlsx),6동_설비일상점검 260519.xlsx [08_SQ심사] (기존 서류\황지환\과장님이 주신거\SQ\설비일상점검\6동_설비일상점검 260519.xlsx),
13,1. 생산조건관리,1-3,작업일보 현지어 번역본,SH-FM-135,신규 작성 필요,,같은 SQ 번호 폴더에 자료만 있음,0.33,3,부적합품 관리 프로세스 이미지 번역본.png [00_QMS문서] (SQ 심사 관련서류\1-3 표준류 현지어 번역본 비치\부적합품 관리 프로세스 이미지 번역본.png),공통외관검사기준서  번역번 이미지.png [08_SQ심사] (SQ 심사 관련서류\1-3 표준류 현지어 번역본 비치\공통외관검사기준서  번역번 이미지.png),부적합품처리절차_Rev.0_0808.xlsx [08_SQ심사] (SQ 심사 관련서류\1-3 표준류 현지어 번역본 비치\부적합품처리절차_Rev.0_0808.xlsx),
14,1. 생산조건관리,1-3,부적합처리기준 현지어번역본,SH-FM-136,기존 절차 연계,,후보(사람 확인),0.30,3,부적합품 관리 프로세스 이미지 번역본.png [00_QMS문서] (SQ 심사 관련서류\1-3 표준류 현지어 번역본 비치\부적합품 관리 프로세스 이미지 번역본.png),GDI 작업표준 -현지어.xlsx [00_QMS문서] (기존 서류\황지환\작업표준서\1팀 브레이징 용접\포밍\GDI 작업표준 -현지어.xlsx),부적합품처리FLOW.xls [08_SQ심사] (기존 서류\황지환\과장님이 주신거\SQ\부적합품처리FLOW.xls),
15,1. 생산조건관리,1-3,외관검사기준 현지어번역본,SH-FM-137,기존 절차 연계,,후보(사람 확인),0.48,3,공통외관검사기준서  번역번 이미지.png [08_SQ심사] (SQ 심사 관련서류\1-3 표준류 현지어 번역본 비치\공통외관검사기준서  번역번 이미지.png),완성품(공통) 외관검사 기준서.xlsx [08_SQ심사] (SQ 심사 관련서류\2-8 완제품 외관검사 기준\완성품(공통) 외관검사 기준서.xlsx),2. 외관검사지침서.xls [08_SQ심사] (SQ 심사 관련서류\2.-2 수입검사 누락방지 절차 수립\양식모음\2. 외관검사지침서.xls),
16,1. 생산조건관리,1-4,품질취약시간관리기준서,SH-FM-138,신규 작성 필요,,후보(사람 확인),0.67,3,품질 취약시간.xls [08_SQ심사] (SQ 심사 관련서류\1-4 품질 취약시간대 관리 기준\품질 취약시간.xls),품질취약시간데 엄무 절차.xlsx [08_SQ심사] (SQ 심사 관련서류\1-4 품질 취약시간대 관리 기준\품질취약시간데 엄무 절차.xlsx),품질 취약시간의 업무 인수인계일지.xlsx [08_SQ심사] (SQ 심사 관련서류\1-4 품질 취약시간대 관리 기준\품질 취약시간의 업무 인수인계일지.xlsx),SQ안은 '신규 작성 필요'인데 비슷한 기존 자료가 있음 — 재사용 가능 여부 확인
17,1. 생산조건관리,1-4,비상연락망,SH-FM-139,기존 절차 연계,,같은 SQ 번호 폴더에 자료만 있음,0.25,3,품질 취약시간.xls [08_SQ심사] (SQ 심사 관련서류\1-4 품질 취약시간대 관리 기준\품질 취약시간.xls),품질 취약시간의 업무 인수인계일지.xlsx [08_SQ심사] (SQ 심사 관련서류\1-4 품질 취약시간대 관리 기준\품질 취약시간의 업무 인수인계일지.xlsx),품질취약시간데 엄무 절차.xlsx [08_SQ심사] (SQ 심사 관련서류\1-4 품질 취약시간대 관리 기준\품질취약시간데 엄무 절차.xlsx),
18,1. 생산조건관리,1-4,주야간업무 인수인계서,SH-FM-140,기존 절차 연계,,후보(사람 확인),0.43,3,품질 취약시간의 업무 인수인계일지.xlsx [08_SQ심사] (SQ 심사 관련서류\1-4 품질 취약시간대 관리 기준\품질 취약시간의 업무 인수인계일지.xlsx),,,
19,1. 생산조건관리,1-4,야간설비일상점검표,SH-FM-141,기존 절차 연계,통합 확정,후보(사람 확인),0.62,3,1동_설비일상점검 (1).xlsx [08_SQ심사] (기존 서류\황지환\과장님이 주신거\SQ\설비일상점검\1동_설비일상점검 (1).xlsx),차압1호기 설비일상점검.xlsx [08_SQ심사] (기존 서류\황지환\과장님이 주신거\SQ\설비일상점검\차압1호기 설비일상점검.xlsx),6동_설비일상점검 260519.xlsx [08_SQ심사] (기존 서류\황지환\과장님이 주신거\SQ\설비일상점검\6동_설비일상점검 260519.xlsx),
20,1. 생산조건관리,1-4,야간생산품 식별격리절차,SH-FM-142,기존 절차 연계,,같은 SQ 번호 폴더에 자료만 있음,0.10,3,품질취약시간데 엄무 절차.xlsx [08_SQ심사] (SQ 심사 관련서류\1-4 품질 취약시간대 관리 기준\품질취약시간데 엄무 절차.xlsx),품질 취약시간.xls [08_SQ심사] (SQ 심사 관련서류\1-4 품질 취약시간대 관리 기준\품질 취약시간.xls),품질 취약시간의 업무 인수인계일지.xlsx [08_SQ심사] (SQ 심사 관련서류\1-4 품질 취약시간대 관리 기준\품질 취약시간의 업무 인수인계일지.xlsx),
21,1. 생산조건관리,1-4,야간생산품 검사일지,SH-FM-143,신규 작성 필요,,후보(사람 확인),0.43,3,부자재 검사 일지.xls [08_SQ심사] (SQ 심사 관련서류\2.-2 수입검사 누락방지 절차 수립\검사기준서 개정본\부자재 검사 일지.xls),,,SQ안은 '신규 작성 필요'인데 비슷한 기존 자료가 있음 — 재사용 가능 여부 확인
22,1. 생산조건관리,1-5,작업표준서 OR 작업조건표,SH-FM-144,기존 절차 연계,,후보(사람 확인),0.42,0,1동 작업표준서 차압기.xlsx [00_QMS문서] (기존 서류\황지환\과장님이 주신거\SQ\작업표준서\1동 작업표준서 차압기.xlsx),6동 작업표준서 밴딩라인.xlsx [00_QMS문서] (기존 서류\황지환\과장님이 주신거\SQ\작업표준서\6동 작업표준서 밴딩라인.xlsx),6동 작업표준서 자동라인.xlsx [00_QMS문서] (기존 서류\황지환\과장님이 주신거\SQ\작업표준서\6동 작업표준서 자동라인.xlsx),
23,1. 생산조건관리,1-5,작업일보,SH-FM-145,신규 작성 필요,,자료 없음,0.33,0,,,,
24,1. 생산조건관리,1-5,(작업일보내작업조건필히기록),SH-FM-146,기존 절차 연계,,자료 없음,0.14,0,,,,'기존 절차 연계'로 표시됐으나 E 드라이브 1차 범위에서 자료를 찾지 못함
25,1. 생산조건관리,1-5,로봇용접프로그램백업관리기준서,SH-FM-147,기존 절차 연계,,자료 없음,0.38,0,,,,'기존 절차 연계'로 표시됐으나 E 드라이브 1차 범위에서 자료를 찾지 못함
26,1. 생산조건관리,1-5,로봇용접프로그램백업관리실적,SH-FM-148,기존 절차 연계,,자료 없음,0.26,0,,,,'기존 절차 연계'로 표시됐으나 E 드라이브 1차 범위에서 자료를 찾지 못함
27,1. 생산조건관리,1-5,용접조건 검증체크시트,SH-FM-149,신규 작성 필요,,후보(사람 확인),0.50,0,체크시트.xlsx [08_SQ심사] (SQ 심사 관련서류\1-2 설비 재가동 업무 처리 기준\체크시트.xlsx),설비 재가동검사 체크시트(용접).xlsx [08_SQ심사] (기존 서류\황지환\과장님이 주신거\SQ\설비\설비 재가동 처리\설비 재가동검사 체크시트(용접).xlsx),정성품질 체크시트.pdf [08_SQ심사] (SQ 심사 관련서류\지빠귀\정성품질\정성품질 활동 작성본\정성품질 체크시트.pdf),SQ안은 '신규 작성 필요'인데 비슷한 기존 자료가 있음 — 재사용 가능 여부 확인
28,1. 생산조건관리,1-5,스폿용접전류/가압력 관리기준서,SH-FM-150,신규 작성 필요,,후보(사람 확인),0.40,0,부자재 관리 기준서.pptx [08_SQ심사] (SQ 심사 관련서류\2.-2 수입검사 누락방지 절차 수립\부자재 관리 기준서.pptx),작동유 관리 기준.xlsx [08_SQ심사] (SQ 심사 관련서류\3-2  설비 관련 서류\용접 설비\작동유 관리 기준.xlsx),불응 자재 관리 기준.xlsx [08_SQ심사] (SQ 심사 관련서류\5-3 원재료 장기 재고 관리 기준\불응 자재 관리 기준.xlsx),SQ안은 '신규 작성 필요'인데 비슷한 기존 자료가 있음 — 재사용 가능 여부 확인
29,1. 생산조건관리,1-5,스폿용접전류/가압력 관리실적(1회/월),SH-FM-151,신규 작성 필요,,자료 없음,0.20,0,,,,
30,2. 검사시험,2-1,원자재 검사협정서  OR 검사기준서,SH-FM-152,기존 절차 연계,,후보(사람 확인),0.55,0,"검사기준서, 협정서 양식.xlsx [08_SQ심사] (SQ 심사 관련서류\2.-2 수입검사 누락방지 절차 수립\양식모음\검사기준서, 협정서 양식.xlsx)",수입검사기준서 CN7(구).xlsx [08_SQ심사] (SQ 심사 관련서류\2.-2 수입검사 누락방지 절차 수립\수입검사기준서 JOINT FLANGE\주신정밀\수입검사기준서 CN7(구).xlsx),수입검사기준서 CN7(신).xlsx [08_SQ심사] (SQ 심사 관련서류\2.-2 수입검사 누락방지 절차 수립\수입검사기준서 JOINT FLANGE\주신정밀\수입검사기준서 CN7(신).xlsx),
31,2. 검사시험,2-1,원자재 입고 LIST,SH-FM-153,기존 절차 연계,,자료 없음,0.35,0,,,,'기존 절차 연계'로 표시됐으나 E 드라이브 1차 범위에서 자료를 찾지 못함
32,2. 검사시험,2-1,원자재수입검사 기준서,SH-FM-154,기존 절차 연계,,후보(사람 확인),0.63,0,수입검사기준서 CN7(구).xlsx [08_SQ심사] (SQ 심사 관련서류\2.-2 수입검사 누락방지 절차 수립\수입검사기준서 JOINT FLANGE\주신정밀\수입검사기준서 CN7(구).xlsx),수입검사기준서 CN7(신).xlsx [08_SQ심사] (SQ 심사 관련서류\2.-2 수입검사 누락방지 절차 수립\수입검사기준서 JOINT FLANGE\주신정밀\수입검사기준서 CN7(신).xlsx),수입검사기준서 BD-GSL(구).xlsx [08_SQ심사] (SQ 심사 관련서류\2.-2 수입검사 누락방지 절차 수립\수입검사기준서 JOINT FLANGE\아이정밀1\수입검사기준서 BD-GSL(구).xlsx),
33,2. 검사시험,2-1,원자재수입검사 일지,SH-FM-155,기존 절차 연계,,후보(사람 확인),0.57,0,부자재 검사 일지.xls [08_SQ심사] (SQ 심사 관련서류\2.-2 수입검사 누락방지 절차 수립\검사기준서 개정본\부자재 검사 일지.xls),수입검사 리스트.xlsx [08_SQ심사] (SQ 심사 관련서류\2.-2 수입검사 누락방지 절차 수립\수입검사 리스트.xlsx),수입검사기준서 CN7(구).xlsx [08_SQ심사] (SQ 심사 관련서류\2.-2 수입검사 누락방지 절차 수립\수입검사기준서 JOINT FLANGE\주신정밀\수입검사기준서 CN7(구).xlsx),
34,2. 검사시험,2-1,원자재 M/SHEET (입고LOT별 접수),SH-FM-156,기존 절차 연계,,자료 없음,0.25,0,,,,'기존 절차 연계'로 표시됐으나 E 드라이브 1차 범위에서 자료를 찾지 못함
35,2. 검사시험,2-1,원자재 규격별 물성및 화학조성비 기준서,SH-FM-157,기존 절차 연계,,자료 없음,0.29,0,,,,'기존 절차 연계'로 표시됐으나 E 드라이브 1차 범위에서 자료를 찾지 못함
36,2. 검사시험,2-1,원자재 중금속검사 성적서,SH-FM-158,기존 절차 연계,,후보(사람 확인),0.42,0,원자재  성적서 관리 기준.xls [08_SQ심사] (SQ 심사 관련서류\2.-2 수입검사 누락방지 절차 수립\검사기준서 개정본\원자재  성적서 관리 기준.xls),부자재 검사 일지.xls [08_SQ심사] (SQ 심사 관련서류\2.-2 수입검사 누락방지 절차 수립\검사기준서 개정본\부자재 검사 일지.xls),,
37,2. 검사시험,2-1,원자재식별표,SH-FM-159,신규 작성 필요,,자료 없음,0.29,0,,,,
38,2. 검사시험,2-2,외주품 수입검사기준서,SH-FM-160,기존 절차 연계,,후보(사람 확인),0.63,33,수입검사기준서 CN7(구).xlsx [08_SQ심사] (SQ 심사 관련서류\2.-2 수입검사 누락방지 절차 수립\수입검사기준서 JOINT FLANGE\주신정밀\수입검사기준서 CN7(구).xlsx),수입검사기준서 CN7(신).xlsx [08_SQ심사] (SQ 심사 관련서류\2.-2 수입검사 누락방지 절차 수립\수입검사기준서 JOINT FLANGE\주신정밀\수입검사기준서 CN7(신).xlsx),수입검사기준서 BD-GSL(구).xlsx [08_SQ심사] (SQ 심사 관련서류\2.-2 수입검사 누락방지 절차 수립\수입검사기준서 JOINT FLANGE\아이정밀1\수입검사기준서 BD-GSL(구).xlsx),
39,2. 검사시험,2-2,외주품입고식별표,SH-FM-161,신규 작성 필요,,같은 SQ 번호 폴더에 자료만 있음,0.17,33,"20260514_수입검사 기준서,절차서.zip [00_QMS문서] (SQ 심사 관련서류\2.-2 수입검사 누락방지 절차 수립\20260514_수입검사 기준서,절차서.zip)",5.■수입검사업무절차_Rev.1 2408.xlsx [08_SQ심사] (SQ 심사 관련서류\2.-2 수입검사 누락방지 절차 수립\5.■수입검사업무절차_Rev.1 2408.xlsx),6.■부적합품처리절차_Rev.1 2408.xlsx [08_SQ심사] (SQ 심사 관련서류\2.-2 수입검사 누락방지 절차 수립\6.■부적합품처리절차_Rev.1 2408.xlsx),
40,2. 검사시험,2-2,외주품 부적합처리기준서,SH-FM-162,신규 작성 필요,,후보(사람 확인),0.35,33,부자재 관리 기준서.pptx [08_SQ심사] (SQ 심사 관련서류\2.-2 수입검사 누락방지 절차 수립\부자재 관리 기준서.pptx),부자재 기준서.xls [08_SQ심사] (SQ 심사 관련서류\2.-2 수입검사 누락방지 절차 수립\검사기준서 개정본\부자재 기준서.xls),외주품 및 사내 부적합품 처리절차 프로세스.xlsx [00_QMS문서] (기존 서류\이광재 부장 서류\기존서류 2\부적합품 프로세스\외주품 및 사내 부적합품 처리절차 프로세스.xlsx),SQ안은 '신규 작성 필요'인데 비슷한 기존 자료가 있음 — 재사용 가능 여부 확인
41,2. 검사시험,2-2,외주품 검사협정서,SH-FM-163,신규 작성 필요,보류(담당자 확인 필요),후보(사람 확인),0.38,33,"검사기준서, 협정서 양식.xlsx [08_SQ심사] (SQ 심사 관련서류\2.-2 수입검사 누락방지 절차 수립\양식모음\검사기준서, 협정서 양식.xlsx)",,,SQ안은 '신규 작성 필요'인데 비슷한 기존 자료가 있음 — 재사용 가능 여부 확인
42,2. 검사시험,2-2,외주품 검사기준서,SH-FM-164,기존 절차 연계,,후보(사람 확인),0.50,33,"검사기준서, 협정서 양식.xlsx [08_SQ심사] (SQ 심사 관련서류\2.-2 수입검사 누락방지 절차 수립\양식모음\검사기준서, 협정서 양식.xlsx)",수입검사기준서 CN7(구).xlsx [08_SQ심사] (SQ 심사 관련서류\2.-2 수입검사 누락방지 절차 수립\수입검사기준서 JOINT FLANGE\주신정밀\수입검사기준서 CN7(구).xlsx),수입검사기준서 CN7(신).xlsx [08_SQ심사] (SQ 심사 관련서류\2.-2 수입검사 누락방지 절차 수립\수입검사기준서 JOINT FLANGE\주신정밀\수입검사기준서 CN7(신).xlsx),
43,2. 검사시험,2-3,한도견본 관리대장(외주품/완성품),SH-FM-165,신규 작성 필요,,이름 일치,1.00,1,한도견본 관리대장.xlsx [08_SQ심사] (SQ 심사 관련서류\2-3 검사용 한도견본관리대장\한도견본 관리대장.xlsx),"관리대장.xlsx [08_SQ심사] (SQ 심사 관련서류\6-1 안전관리 프로세스\5-9안전관리,환경안전\7. MSDS\관리대장.xlsx)","소화기 관리대장.xlsx [08_SQ심사] (SQ 심사 관련서류\6-1 안전관리 프로세스\5-9안전관리,환경안전\8. 소방관리\소화기 관리대장.xlsx)",SQ안은 '신규 작성 필요'인데 비슷한 기존 자료가 있음 — 재사용 가능 여부 확인
44,2. 검사시험,2-3,한도견본 식별표,SH-FM-166,기존 절차 연계,,후보(사람 확인),0.46,1,한도견본 관리대장.xlsx [08_SQ심사] (SQ 심사 관련서류\2-3 검사용 한도견본관리대장\한도견본 관리대장.xlsx),,,
45,2. 검사시험,2-3,한도견본 샘플보관대 및 샘플,SH-FM-167,신규 작성 필요,,후보(사람 확인),0.35,1,한도견본 관리대장.xlsx [08_SQ심사] (SQ 심사 관련서류\2-3 검사용 한도견본관리대장\한도견본 관리대장.xlsx),,,SQ안은 '신규 작성 필요'인데 비슷한 기존 자료가 있음 — 재사용 가능 여부 확인
46,2. 검사시험,2-3,외관검사기준서,SH-FM-168,기존 절차 연계,,이름 일치,1.00,1,공통외관검사기준서  번역번 이미지.png [08_SQ심사] (SQ 심사 관련서류\1-3 표준류 현지어 번역본 비치\공통외관검사기준서  번역번 이미지.png),완성품(공통) 외관검사 기준서.xlsx [08_SQ심사] (SQ 심사 관련서류\2-8 완제품 외관검사 기준\완성품(공통) 외관검사 기준서.xlsx),"검사기준서, 협정서 양식.xlsx [08_SQ심사] (SQ 심사 관련서류\2.-2 수입검사 누락방지 절차 수립\양식모음\검사기준서, 협정서 양식.xlsx)",
47,2. 검사시험,2-4,정기검사계획대실적(치수/용접),SH-FM-169,신규 작성 필요,,후보(사람 확인),0.47,0,작동유 점검 계획대 실적.xlsx [08_SQ심사] (기존 서류\황지환\과장님이 주신거\SQ\설비\작동유 점검 계획대 실적.xlsx),,,SQ안은 '신규 작성 필요'인데 비슷한 기존 자료가 있음 — 재사용 가능 여부 확인
48,2. 검사시험,2-4,정기검사성적서(치수/용접),SH-FM-170,기존 절차 연계,,자료 없음,0.27,0,,,,'기존 절차 연계'로 표시됐으나 E 드라이브 1차 범위에서 자료를 찾지 못함
49,2. 검사시험,2-4,중금속 정기검사 계획대실적,SH-FM-171,신규 작성 필요,,후보(사람 확인),0.40,0,작동유 점검 계획대 실적.xlsx [08_SQ심사] (기존 서류\황지환\과장님이 주신거\SQ\설비\작동유 점검 계획대 실적.xlsx),,,SQ안은 '신규 작성 필요'인데 비슷한 기존 자료가 있음 — 재사용 가능 여부 확인
50,2. 검사시험,2-4,중금속 성적서,SH-FM-172,신규 작성 필요,,자료 없음,0.29,0,,,,
51,2. 검사시험,2-5,계측기관리대장,SH-FM-173,기존 절차 연계,통합 확정,이름 일치,1.00,46,계측기관리대장 (2024년).xls [08_SQ심사] (SQ 심사 관련서류\2-5 계측기 관리\계측기관리대장 (2024년).xls),계측기관리대장 (2025년).pdf [08_SQ심사] (SQ 심사 관련서류\2-5 계측기 관리\계측기관리대장 (2025년).pdf),계측기관리대장 (2025년).xls [08_SQ심사] (SQ 심사 관련서류\6-5 자격인증 관리기준 수립및 준수 상태\계측기관리대장 (2025년).xls),
52,2. 검사시험,2-5,계측기이력카드,SH-FM-174,기존 절차 연계,,이름 일치,1.00,46,2계측기이력카드.xls [08_SQ심사] (SQ 심사 관련서류\2-5 계측기 관리\2계측기이력카드.xls),2계측기이력카드(2024년).xls [08_SQ심사] (SQ 심사 관련서류\6-5 자격인증 관리기준 수립및 준수 상태\2계측기이력카드(2024년).xls),2계측기이력카드(2025년).xls [08_SQ심사] (SQ 심사 관련서류\6-5 자격인증 관리기준 수립및 준수 상태\2계측기이력카드(2025년).xls),
53,2. 검사시험,2-5,계측기검교정 계획대실적표,SH-FM-175,기존 절차 연계,,후보(사람 확인),0.58,46,계측기 검교정 계획서(2024년).xls [08_SQ심사] (SQ 심사 관련서류\2-5 계측기 관리\계측기 검교정 계획서(2024년).xls),계측기 검교정 계획서(2025년).xls [08_SQ심사] (SQ 심사 관련서류\2-5 계측기 관리\계측기 검교정 계획서(2025년).xls),작동유 점검 계획대 실적.xlsx [08_SQ심사] (기존 서류\황지환\과장님이 주신거\SQ\설비\작동유 점검 계획대 실적.xlsx),
54,2. 검사시험,2-5,계측기검교정 성적서,SH-FM-176,기존 절차 연계,,후보(사람 확인),0.48,46,계측기 검교정 계획서(2024년).xls [08_SQ심사] (SQ 심사 관련서류\2-5 계측기 관리\계측기 검교정 계획서(2024년).xls),계측기 검교정 계획서(2025년).xls [08_SQ심사] (SQ 심사 관련서류\2-5 계측기 관리\계측기 검교정 계획서(2025년).xls),계측기관리규정.xls [08_SQ심사] (SQ 심사 관련서류\2-5 계측기 관리\계측기관리규정.xls),
55,2. 검사시험,2-5,계측기보관함  위치지정및 레이아웃 주소화,SH-FM-177,기존 절차 연계,,같은 SQ 번호 폴더에 자료만 있음,0.17,46,계측기관리규정.xls [08_SQ심사] (SQ 심사 관련서류\2-5 계측기 관리\계측기관리규정.xls),2계측기이력카드.xls [08_SQ심사] (SQ 심사 관련서류\2-5 계측기 관리\2계측기이력카드.xls),계측기 FILE 목록.xlsx [08_SQ심사] (SQ 심사 관련서류\2-5 계측기 관리\계측기 FILE 목록.xlsx),
56,2. 검사시험,2-5,검사구관리대장,SH-FM-178,기존 절차 연계,별도 유지(제안),후보(사람 확인),0.65,46,"관리대장.xlsx [08_SQ심사] (SQ 심사 관련서류\6-1 안전관리 프로세스\5-9안전관리,환경안전\7. MSDS\관리대장.xlsx)",● 3. 교정지그 관리대장 (지그부착).xlsx [08_SQ심사] (SQ 심사 관련서류\2-5 계측기 관리\● 3. 교정지그 관리대장 (지그부착).xlsx),계측기관리대장 (2024년).xls [08_SQ심사] (SQ 심사 관련서류\2-5 계측기 관리\계측기관리대장 (2024년).xls),
57,2. 검사시험,2-5,검사구이력카드,SH-FM-179,기존 절차 연계,,후보(사람 확인),0.46,46,2계측기이력카드.xls [08_SQ심사] (SQ 심사 관련서류\2-5 계측기 관리\2계측기이력카드.xls),2계측기이력카드(2024년).xls [08_SQ심사] (SQ 심사 관련서류\6-5 자격인증 관리기준 수립및 준수 상태\2계측기이력카드(2024년).xls),2계측기이력카드(2025년).xls [08_SQ심사] (SQ 심사 관련서류\6-5 자격인증 관리기준 수립및 준수 상태\2계측기이력카드(2025년).xls),
58,2. 검사시험,2-5,검사구정기점검 계획대실적표,SH-FM-180,기존 절차 연계,,후보(사람 확인),0.57,46,작동유 점검 계획대 실적.xlsx [08_SQ심사] (기존 서류\황지환\과장님이 주신거\SQ\설비\작동유 점검 계획대 실적.xlsx),,,
59,2. 검사시험,2-5,검사구점검체크시트,SH-FM-181,기존 절차 연계,,후보(사람 확인),0.55,46,체크시트.xlsx [08_SQ심사] (SQ 심사 관련서류\1-2 설비 재가동 업무 처리 기준\체크시트.xlsx),설비 재가동검사 체크시트.xlsx [08_SQ심사] (기존 서류\황지환\과장님이 주신거\SQ\설비\설비 재가동 처리\설비 재가동검사 체크시트.xlsx),1. 검사구 & 마운틴지그 이력 및 점검시트 _Rev.1-완료.xls [08_SQ심사] (SQ 심사 관련서류\2-5 계측기 관리\1. 검사구 & 마운틴지그 이력 및 점검시트 _Rev.1-완료.xls),
60,2. 검사시험,2-5,검사구보관 lay-out,SH-FM-182,기존 절차 연계,,같은 SQ 번호 폴더에 자료만 있음,0.13,46,1. 검사구 & 마운틴지그 이력 및 점검시트 _Rev.1-완료.xls [08_SQ심사] (SQ 심사 관련서류\2-5 계측기 관리\1. 검사구 & 마운틴지그 이력 및 점검시트 _Rev.1-완료.xls),(공문)2023년 교정수수료 개정 안내.pdf [08_SQ심사] (SQ 심사 관련서류\2-5 계측기 관리\(공문)2023년 교정수수료 개정 안내.pdf),2024 GAUGE R&R_평가계획및시트 (2).xls [08_SQ심사] (SQ 심사 관련서류\2-5 계측기 관리\2024 GAUGE R&R_평가계획및시트 (2).xls),
61,2. 검사시험,2-5,검사구 식별표,SH-FM-183,기존 절차 연계,,같은 SQ 번호 폴더에 자료만 있음,0.15,46,1. 검사구 & 마운틴지그 이력 및 점검시트 _Rev.1-완료.xls [08_SQ심사] (SQ 심사 관련서류\2-5 계측기 관리\1. 검사구 & 마운틴지그 이력 및 점검시트 _Rev.1-완료.xls),(공문)2023년 교정수수료 개정 안내.pdf [08_SQ심사] (SQ 심사 관련서류\2-5 계측기 관리\(공문)2023년 교정수수료 개정 안내.pdf),2024 GAUGE R&R_평가계획및시트 (2).xls [08_SQ심사] (SQ 심사 관련서류\2-5 계측기 관리\2024 GAUGE R&R_평가계획및시트 (2).xls),
62,2. 검사시험,2-6,계측기 GAGE R&R 계획대실적표,SH-FM-184,기존 절차 연계,,후보(사람 확인),0.52,6,Gage R&R (계량형)-예.xls [08_SQ심사] (SQ 심사 관련서류\지빠귀\자격인증\2025년(계수형)\Gage R&R (계량형)-예.xls),Gage R&R (계수형)-예.xls [08_SQ심사] (SQ 심사 관련서류\지빠귀\자격인증\2025년(계수형)\Gage R&R (계수형)-예.xls),Gage R&R (계수형)-250602.xlsx [08_SQ심사] (SQ 심사 관련서류\지빠귀\자격인증\2025년(계수형)\Gage R&R (계수형)-250602.xlsx),
63,2. 검사시험,2-6,계측기 GAGE R&R 실시실적,SH-FM-185,기존 절차 연계,,후보(사람 확인),0.48,6,Gage R&R (계량형)-예.xls [08_SQ심사] (SQ 심사 관련서류\지빠귀\자격인증\2025년(계수형)\Gage R&R (계량형)-예.xls),Gage R&R (계수형)-예.xls [08_SQ심사] (SQ 심사 관련서류\지빠귀\자격인증\2025년(계수형)\Gage R&R (계수형)-예.xls),Gage R&R (계수형)-250602.xlsx [08_SQ심사] (SQ 심사 관련서류\지빠귀\자격인증\2025년(계수형)\Gage R&R (계수형)-250602.xlsx),
64,2. 검사시험,2-6,계측기 사용자 등록현황,SH-FM-186,기존 절차 연계,,같은 SQ 번호 폴더에 자료만 있음,0.27,6,게이지 R&R  측정 시트  .pptx.xlsx [08_SQ심사] (SQ 심사 관련서류\2-6 게이지 R&R 실시 기준\계측기 게이지 R&R 측정시트 개정본\계량형\게이지 R&R  측정 시트  .pptx.xlsx),게이지 R&R 평가시트 .pptx.xls [08_SQ심사] (SQ 심사 관련서류\2-6 게이지 R&R 실시 기준\계측기 게이지 R&R 측정시트 개정본\계량형\게이지 R&R 평가시트 .pptx.xls),게이지 r&r  계수형 답지 시트 .pptx.xlsx.ppt [08_SQ심사] (SQ 심사 관련서류\2-6 게이지 R&R 실시 기준\계측기 게이지 R&R 측정시트 개정본\계수형\게이지 r&r  계수형 답지 시트 .pptx.xlsx.ppt),
65,2. 검사시험,2-7,자주검사기준서,SH-FM-187,기존 절차 연계,,후보(사람 확인),0.53,0,"검사기준서, 협정서 양식.xlsx [08_SQ심사] (SQ 심사 관련서류\2.-2 수입검사 누락방지 절차 수립\양식모음\검사기준서, 협정서 양식.xlsx)",수입검사기준서 CN7(구).xlsx [08_SQ심사] (SQ 심사 관련서류\2.-2 수입검사 누락방지 절차 수립\수입검사기준서 JOINT FLANGE\주신정밀\수입검사기준서 CN7(구).xlsx),수입검사기준서 CN7(신).xlsx [08_SQ심사] (SQ 심사 관련서류\2.-2 수입검사 누락방지 절차 수립\수입검사기준서 JOINT FLANGE\주신정밀\수입검사기준서 CN7(신).xlsx),
66,2. 검사시험,2-7,자주검사체크시트,SH-FM-188,기존 절차 연계,,후보(사람 확인),0.60,0,체크시트.xlsx [08_SQ심사] (SQ 심사 관련서류\1-2 설비 재가동 업무 처리 기준\체크시트.xlsx),설비 재가동검사 체크시트.xlsx [08_SQ심사] (기존 서류\황지환\과장님이 주신거\SQ\설비\설비 재가동 처리\설비 재가동검사 체크시트.xlsx),설비 재가동검사 체크시트(용접).xlsx [08_SQ심사] (기존 서류\황지환\과장님이 주신거\SQ\설비\설비 재가동 처리\설비 재가동검사 체크시트(용접).xlsx),
67,2. 검사시험,2-7,용접spatter 관리기준,SH-FM-189,기존 절차 연계,,자료 없음,0.33,0,,,,'기존 절차 연계'로 표시됐으나 E 드라이브 1차 범위에서 자료를 찾지 못함
68,2. 검사시험,2-7,용접스패터관리 점검체크시트,SH-FM-190,신규 작성 필요,,후보(사람 확인),0.40,0,체크시트.xlsx [08_SQ심사] (SQ 심사 관련서류\1-2 설비 재가동 업무 처리 기준\체크시트.xlsx),정성품질 활동 점검 체크시트 _ 230622 (1).xlsx [08_SQ심사] (SQ 심사 관련서류\지빠귀\정성품질\정성품질 활동 작성본\협력사 참조\정성품질 활동 점검 체크시트 _ 230622 (1).xlsx),설비 재가동검사 체크시트(용접).xlsx [08_SQ심사] (기존 서류\황지환\과장님이 주신거\SQ\설비\설비 재가동 처리\설비 재가동검사 체크시트(용접).xlsx),SQ안은 '신규 작성 필요'인데 비슷한 기존 자료가 있음 — 재사용 가능 여부 확인
69,2. 검사시험,2-7,자주검사체크시트,SH-FM-191,기존 절차 연계,통합 확정,후보(사람 확인),0.60,0,체크시트.xlsx [08_SQ심사] (SQ 심사 관련서류\1-2 설비 재가동 업무 처리 기준\체크시트.xlsx),설비 재가동검사 체크시트.xlsx [08_SQ심사] (기존 서류\황지환\과장님이 주신거\SQ\설비\설비 재가동 처리\설비 재가동검사 체크시트.xlsx),설비 재가동검사 체크시트(용접).xlsx [08_SQ심사] (기존 서류\황지환\과장님이 주신거\SQ\설비\설비 재가동 처리\설비 재가동검사 체크시트(용접).xlsx),
70,2. 검사시험,2-7,품질순회검사체크시트(중요항목치수추가),SH-FM-192,기존 절차 연계,,후보(사람 확인),0.53,0,설비 재가동검사 체크시트.xlsx [08_SQ심사] (기존 서류\황지환\과장님이 주신거\SQ\설비\설비 재가동 처리\설비 재가동검사 체크시트.xlsx),체크시트.xlsx [08_SQ심사] (SQ 심사 관련서류\1-2 설비 재가동 업무 처리 기준\체크시트.xlsx),정성품질 체크시트.pdf [08_SQ심사] (SQ 심사 관련서류\지빠귀\정성품질\정성품질 활동 작성본\정성품질 체크시트.pdf),
71,2. 검사시험,2-7,자주검사대 설치(초중종현품보관),SH-FM-193,기존 절차 연계,,자료 없음,0.17,0,,,,'기존 절차 연계'로 표시됐으나 E 드라이브 1차 범위에서 자료를 찾지 못함
72,2. 검사시험,2-8,완성품검사기준서,SH-FM-194,기존 절차 연계,,후보(사람 확인),0.67,2,완성품(공통) 외관검사 기준서.xlsx [08_SQ심사] (SQ 심사 관련서류\2-8 완제품 외관검사 기준\완성품(공통) 외관검사 기준서.xlsx),"검사기준서, 협정서 양식.xlsx [08_SQ심사] (SQ 심사 관련서류\2.-2 수입검사 누락방지 절차 수립\양식모음\검사기준서, 협정서 양식.xlsx)",수입검사기준서 CN7(구).xlsx [08_SQ심사] (SQ 심사 관련서류\2.-2 수입검사 누락방지 절차 수립\수입검사기준서 JOINT FLANGE\주신정밀\수입검사기준서 CN7(구).xlsx),
73,2. 검사시험,2-8,완성품검사체크시트,SH-FM-195,신규 작성 필요,,후보(사람 확인),0.60,2,V710  완성품 검시 체크 시트.xlsx [08_SQ심사] (SQ 심사 관련서류\2-8 완제품 외관검사 기준\V710  완성품 검시 체크 시트.xlsx),설비 재가동검사 체크시트.xlsx [08_SQ심사] (기존 서류\황지환\과장님이 주신거\SQ\설비\설비 재가동 처리\설비 재가동검사 체크시트.xlsx),체크시트.xlsx [08_SQ심사] (SQ 심사 관련서류\1-2 설비 재가동 업무 처리 기준\체크시트.xlsx),SQ안은 '신규 작성 필요'인데 비슷한 기존 자료가 있음 — 재사용 가능 여부 확인
74,2. 검사시험,2-8,완성품검사식별표,SH-FM-196,신규 작성 필요,,후보(사람 확인),0.33,2,완성품(공통) 외관검사 기준서.xlsx [08_SQ심사] (SQ 심사 관련서류\2-8 완제품 외관검사 기준\완성품(공통) 외관검사 기준서.xlsx),V710  완성품 검시 체크 시트.xlsx [08_SQ심사] (SQ 심사 관련서류\2-8 완제품 외관검사 기준\V710  완성품 검시 체크 시트.xlsx),,SQ안은 '신규 작성 필요'인데 비슷한 기존 자료가 있음 — 재사용 가능 여부 확인
75,2. 검사시험,2-8,완성품보관장소선정,SH-FM-197,기존 절차 연계,,같은 SQ 번호 폴더에 자료만 있음,0.21,2,완성품(공통) 외관검사 기준서.xlsx [08_SQ심사] (SQ 심사 관련서류\2-8 완제품 외관검사 기준\완성품(공통) 외관검사 기준서.xlsx),V710  완성품 검시 체크 시트.xlsx [08_SQ심사] (SQ 심사 관련서류\2-8 완제품 외관검사 기준\V710  완성품 검시 체크 시트.xlsx),,
76,2. 검사시험,2-8,완성검사관리대제작,SH-FM-198,기존 절차 연계,,같은 SQ 번호 폴더에 자료만 있음,0.36,2,완성품(공통) 외관검사 기준서.xlsx [08_SQ심사] (SQ 심사 관련서류\2-8 완제품 외관검사 기준\완성품(공통) 외관검사 기준서.xlsx),V710  완성품 검시 체크 시트.xlsx [08_SQ심사] (SQ 심사 관련서류\2-8 완제품 외관검사 기준\V710  완성품 검시 체크 시트.xlsx),,
77,2. 검사시험,2-8,(QMS SYSTEM 운영시 컴퓨터설치운영),SH-FM-199,신규 작성 필요,,같은 SQ 번호 폴더에 자료만 있음,0.31,2,V710  완성품 검시 체크 시트.xlsx [08_SQ심사] (SQ 심사 관련서류\2-8 완제품 외관검사 기준\V710  완성품 검시 체크 시트.xlsx),완성품(공통) 외관검사 기준서.xlsx [08_SQ심사] (SQ 심사 관련서류\2-8 완제품 외관검사 기준\완성품(공통) 외관검사 기준서.xlsx),,
78,2. 검사시험,2-9,용입검사 계획대실적,SH-FM-200,신규 작성 필요,,후보(사람 확인),0.47,0,작동유 점검 계획대 실적.xlsx [08_SQ심사] (기존 서류\황지환\과장님이 주신거\SQ\설비\작동유 점검 계획대 실적.xlsx),수입검사 리스트.xlsx [08_SQ심사] (SQ 심사 관련서류\2.-2 수입검사 누락방지 절차 수립\수입검사 리스트.xlsx),,SQ안은 '신규 작성 필요'인데 비슷한 기존 자료가 있음 — 재사용 가능 여부 확인
79,2. 검사시험,2-9,용접로보트별 용접POINT 관리표준,SH-FM-201,신규 작성 필요,,자료 없음,0.24,0,,,,
80,2. 검사시험,2-9,용접로보트별 용접POINT 관리표준,SH-FM-202,신규 작성 필요,통합 확정,자료 없음,0.24,0,,,,
81,2. 검사시험,2-9,용접반파괴/파괴검사기준,SH-FM-203,신규 작성 필요,,자료 없음,0.33,0,,,,
82,2. 검사시험,2-9,용접검사체크시트,SH-FM-204,신규 작성 필요,,후보(사람 확인),0.63,0,설비 재가동검사 체크시트(용접).xlsx [08_SQ심사] (기존 서류\황지환\과장님이 주신거\SQ\설비\설비 재가동 처리\설비 재가동검사 체크시트(용접).xlsx),체크시트.xlsx [08_SQ심사] (SQ 심사 관련서류\1-2 설비 재가동 업무 처리 기준\체크시트.xlsx),설비 재가동검사 체크시트.xlsx [08_SQ심사] (기존 서류\황지환\과장님이 주신거\SQ\설비\설비 재가동 처리\설비 재가동검사 체크시트.xlsx),SQ안은 '신규 작성 필요'인데 비슷한 기존 자료가 있음 — 재사용 가능 여부 확인
83,2. 검사시험,2-9,용접반파괴 검사대제작,SH-FM-205,신규 작성 필요,,자료 없음,0.19,0,,,,
84,2. 검사시험,2-9,(용접반파괴테스트 보관대제작-한도견본&현품),SH-FM-206,기존 절차 연계,,자료 없음,0.24,0,,,,'기존 절차 연계'로 표시됐으나 E 드라이브 1차 범위에서 자료를 찾지 못함
85,3. 설비관리,3-1,설비일상점검기준서,SH-FM-207,기존 절차 연계,별도 유지(제안),후보(사람 확인),0.62,0,1동_설비일상점검 (1).xlsx [08_SQ심사] (기존 서류\황지환\과장님이 주신거\SQ\설비일상점검\1동_설비일상점검 (1).xlsx),차압1호기 설비일상점검.xlsx [08_SQ심사] (기존 서류\황지환\과장님이 주신거\SQ\설비일상점검\차압1호기 설비일상점검.xlsx),6동_설비일상점검 260519.xlsx [08_SQ심사] (기존 서류\황지환\과장님이 주신거\SQ\설비일상점검\6동_설비일상점검 260519.xlsx),
86,3. 설비관리,3-1,설비일상점검표(각부위별사진도식화),SH-FM-208,기존 절차 연계,,이름 일치,0.71,0,1동_설비일상점검 (1).xlsx [08_SQ심사] (기존 서류\황지환\과장님이 주신거\SQ\설비일상점검\1동_설비일상점검 (1).xlsx),차압1호기 설비일상점검.xlsx [08_SQ심사] (기존 서류\황지환\과장님이 주신거\SQ\설비일상점검\차압1호기 설비일상점검.xlsx),6동_설비일상점검 260519.xlsx [08_SQ심사] (기존 서류\황지환\과장님이 주신거\SQ\설비일상점검\6동_설비일상점검 260519.xlsx),
87,3. 설비관리,3-1,설비게이지 상하한식별관리,SH-FM-209,기존 절차 연계,,자료 없음,0.35,0,,,,'기존 절차 연계'로 표시됐으나 E 드라이브 1차 범위에서 자료를 찾지 못함
88,3. 설비관리,3-1,설비 오셋팅방지 KEY-LOCK,SH-FM-210,신규 작성 필요,,자료 없음,0.19,0,,,,
89,3. 설비관리,3-2,설비정기점검 계획대실적표,SH-FM-211,신규 작성 필요,,후보(사람 확인),0.60,11,작동유 점검 계획대 실적.xlsx [08_SQ심사] (기존 서류\황지환\과장님이 주신거\SQ\설비\작동유 점검 계획대 실적.xlsx),"소화기 점검표.hwp [08_SQ심사] (SQ 심사 관련서류\6-1 안전관리 프로세스\5-9안전관리,환경안전\8. 소방관리\소화기 점검표.hwp)",,SQ안은 '신규 작성 필요'인데 비슷한 기존 자료가 있음 — 재사용 가능 여부 확인
90,3. 설비관리,3-2,설비정기점검 실적,SH-FM-212,신규 작성 필요,,같은 SQ 번호 폴더에 자료만 있음,0.33,11,설비 평가  마킹.xls [08_SQ심사] (SQ 심사 관련서류\3-2  설비 관련 서류\설비 평가  마킹.xls),설비 평가  벤딩.xls [08_SQ심사] (SQ 심사 관련서류\3-2  설비 관련 서류\설비 평가  벤딩.xls),설비 평가 포밍.xls [08_SQ심사] (SQ 심사 관련서류\3-2  설비 관련 서류\설비 평가 포밍.xls),
91,3. 설비관리,3-2,설비관리대장,SH-FM-213,신규 작성 필요,별도 유지(제안),후보(사람 확인),0.57,11,설비예비 부품 관리 대장.xlsx [08_SQ심사] (SQ 심사 관련서류\3-2  설비 관련 서류\설비예비 부품 관리 대장.xlsx),"관리대장.xlsx [08_SQ심사] (SQ 심사 관련서류\6-1 안전관리 프로세스\5-9안전관리,환경안전\7. MSDS\관리대장.xlsx)","소화기 관리대장.xlsx [08_SQ심사] (SQ 심사 관련서류\6-1 안전관리 프로세스\5-9안전관리,환경안전\8. 소방관리\소화기 관리대장.xlsx)",SQ안은 '신규 작성 필요'인데 비슷한 기존 자료가 있음 — 재사용 가능 여부 확인
92,3. 설비관리,3-2,설비이력카드,SH-FM-214,신규 작성 필요,,후보(사람 확인),0.50,11,2계측기이력카드.xls [08_SQ심사] (SQ 심사 관련서류\2-5 계측기 관리\2계측기이력카드.xls),설비재가동 이력.xlsx [08_SQ심사] (SQ 심사 관련서류\1-2 설비 재가동 업무 처리 기준\설비재가동 이력.xlsx),2계측기이력카드(2024년).xls [08_SQ심사] (SQ 심사 관련서류\6-5 자격인증 관리기준 수립및 준수 상태\2계측기이력카드(2024년).xls),SQ안은 '신규 작성 필요'인데 비슷한 기존 자료가 있음 — 재사용 가능 여부 확인
93,3. 설비관리,3-2,설비수리보고서,SH-FM-215,기존 절차 연계,,같은 SQ 번호 폴더에 자료만 있음,0.18,11,설비 평가  마킹.xls [08_SQ심사] (SQ 심사 관련서류\3-2  설비 관련 서류\설비 평가  마킹.xls),설비 평가  벤딩.xls [08_SQ심사] (SQ 심사 관련서류\3-2  설비 관련 서류\설비 평가  벤딩.xls),설비 평가 포밍.xls [08_SQ심사] (SQ 심사 관련서류\3-2  설비 관련 서류\설비 평가 포밍.xls),
94,3. 설비관리,3-2,설비압력게이지 검증 계획대실적표,SH-FM-216,기존 절차 연계,,후보(사람 확인),0.60,11,설비 압력 게이지.xlsx [08_SQ심사] (SQ 심사 관련서류\3-2  설비 관련 서류\설비 압력 게이지.xlsx),작동유 점검 계획대 실적.xlsx [08_SQ심사] (기존 서류\황지환\과장님이 주신거\SQ\설비\작동유 점검 계획대 실적.xlsx),,
95,3. 설비관리,3-2,설비압력게이지 점검실적,SH-FM-217,기존 절차 연계,,이름 일치,0.75,11,설비 압력 게이지.xlsx [08_SQ심사] (SQ 심사 관련서류\3-2  설비 관련 서류\설비 압력 게이지.xlsx),■2025년 게이지 RR_실적(1).xlsx [08_SQ심사] (SQ 심사 관련서류\지빠귀\자격인증\2025년(계량형)\■2025년 게이지 RR_실적(1).xlsx),■2025년 게이지 RR_실적(2).xlsx [08_SQ심사] (SQ 심사 관련서류\지빠귀\자격인증\2025년(계량형)\■2025년 게이지 RR_실적(2).xlsx),
96,3. 설비관리,3-2,설비예비품관리대장,SH-FM-218,기존 절차 연계,,이름 일치,0.82,11,설비예비 부품 관리 대장.xlsx [08_SQ심사] (SQ 심사 관련서류\3-2  설비 관련 서류\설비예비 부품 관리 대장.xlsx),설비 예비 부품 입출과 관리대장.xls [08_SQ심사] (기존 서류\황지환\과장님이 주신거\SQ\설비 예비 부품 입출과 관리대장.xls),"관리대장.xlsx [08_SQ심사] (SQ 심사 관련서류\6-1 안전관리 프로세스\5-9안전관리,환경안전\7. MSDS\관리대장.xlsx)",
97,3. 설비관리,3-2,설비예비품 입출고 관리일지,SH-FM-219,신규 작성 필요,,후보(사람 확인),0.40,11,설비예비 부품 관리 대장.xlsx [08_SQ심사] (SQ 심사 관련서류\3-2  설비 관련 서류\설비예비 부품 관리 대장.xlsx),설비 예비 부품 입출과 관리대장.xls [08_SQ심사] (기존 서류\황지환\과장님이 주신거\SQ\설비 예비 부품 입출과 관리대장.xls),설비예비부품 리스트.xls [08_SQ심사] (SQ 심사 관련서류\3-2  설비 관련 서류\설비예비부품 리스트.xls),SQ안은 '신규 작성 필요'인데 비슷한 기존 자료가 있음 — 재사용 가능 여부 확인
98,3. 설비관리,3-2,작동유관리기준서,SH-FM-220,신규 작성 필요,,이름 일치,1.00,11,작동유 관리 기준.xlsx [08_SQ심사] (SQ 심사 관련서류\3-2  설비 관련 서류\용접 설비\작동유 관리 기준.xlsx),부자재 관리 기준서.pptx [08_SQ심사] (SQ 심사 관련서류\2.-2 수입검사 누락방지 절차 수립\부자재 관리 기준서.pptx),불응 자재 관리 기준.xlsx [08_SQ심사] (SQ 심사 관련서류\5-3 원재료 장기 재고 관리 기준\불응 자재 관리 기준.xlsx),SQ안은 '신규 작성 필요'인데 비슷한 기존 자료가 있음 — 재사용 가능 여부 확인
99,3. 설비관리,3-2,작동유샘플보관대제작설치,SH-FM-221,신규 작성 필요,,같은 SQ 번호 폴더에 자료만 있음,0.24,11,작동유 관리 기준.xlsx [08_SQ심사] (SQ 심사 관련서류\3-2  설비 관련 서류\용접 설비\작동유 관리 기준.xlsx),설비 압력 게이지.xlsx [08_SQ심사] (SQ 심사 관련서류\3-2  설비 관련 서류\설비 압력 게이지.xlsx),설비 평가  마킹.xls [08_SQ심사] (SQ 심사 관련서류\3-2  설비 관련 서류\설비 평가  마킹.xls),
100,3. 설비관리,3-3,CO2용접원점확인장치,SH-FM-222,신규 작성 필요,,자료 없음,0.13,0,,,,
101,3. 설비관리,3-3,스폿로봇 원점확인장치,SH-FM-223,신규 작성 필요,,자료 없음,0.06,0,,,,
102,3. 설비관리,3-3,용접전극드레싱/교환 F/P장비설치,SH-FM-224,신규 작성 필요,,자료 없음,0.11,0,,,,
103,3. 설비관리,3-4,설비정기점검 관리기준서,SH-FM-225,신규 작성 필요,,후보(사람 확인),0.47,0,부자재 관리 기준서.pptx [08_SQ심사] (SQ 심사 관련서류\2.-2 수입검사 누락방지 절차 수립\부자재 관리 기준서.pptx),작동유 관리 기준.xlsx [08_SQ심사] (SQ 심사 관련서류\3-2  설비 관련 서류\용접 설비\작동유 관리 기준.xlsx),불응 자재 관리 기준.xlsx [08_SQ심사] (SQ 심사 관련서류\5-3 원재료 장기 재고 관리 기준\불응 자재 관리 기준.xlsx),SQ안은 '신규 작성 필요'인데 비슷한 기존 자료가 있음 — 재사용 가능 여부 확인
104,3. 설비관리,3-4,설비정기점검계획대실적표,SH-FM-226,신규 작성 필요,통합 확정,후보(사람 확인),0.60,0,작동유 점검 계획대 실적.xlsx [08_SQ심사] (기존 서류\황지환\과장님이 주신거\SQ\설비\작동유 점검 계획대 실적.xlsx),"소화기 점검표.hwp [08_SQ심사] (SQ 심사 관련서류\6-1 안전관리 프로세스\5-9안전관리,환경안전\8. 소방관리\소화기 점검표.hwp)",,SQ안은 '신규 작성 필요'인데 비슷한 기존 자료가 있음 — 재사용 가능 여부 확인
105,3. 설비관리,3-4,설비정기점검 실적,SH-FM-227,신규 작성 필요,통합 확정,자료 없음,0.33,0,,,,
106,3. 설비관리,3-5,CO2용접원점확인장치,SH-FM-228,신규 작성 필요,통합 확정,자료 없음,0.13,0,,,,
107,3. 설비관리,3-5,스폿로봇 원점확인장치,SH-FM-229,신규 작성 필요,통합 확정,자료 없음,0.06,0,,,,
108,3. 설비관리,3-5,가스잔량 F/P장치,SH-FM-230,신규 작성 필요,,자료 없음,0.10,0,,,,
109,3. 설비관리,3-6,JIG정기점검 관리기준서,SH-FM-231,신규 작성 필요,,후보(사람 확인),0.44,3,부자재 관리 기준서.pptx [08_SQ심사] (SQ 심사 관련서류\2.-2 수입검사 누락방지 절차 수립\부자재 관리 기준서.pptx),작동유 관리 기준.xlsx [08_SQ심사] (SQ 심사 관련서류\3-2  설비 관련 서류\용접 설비\작동유 관리 기준.xlsx),불응 자재 관리 기준.xlsx [08_SQ심사] (SQ 심사 관련서류\5-3 원재료 장기 재고 관리 기준\불응 자재 관리 기준.xlsx),SQ안은 '신규 작성 필요'인데 비슷한 기존 자료가 있음 — 재사용 가능 여부 확인
110,3. 설비관리,3-6,JIG정기점검계획대실적표,SH-FM-232,신규 작성 필요,,후보(사람 확인),0.57,3,작동유 점검 계획대 실적.xlsx [08_SQ심사] (기존 서류\황지환\과장님이 주신거\SQ\설비\작동유 점검 계획대 실적.xlsx),,,SQ안은 '신규 작성 필요'인데 비슷한 기존 자료가 있음 — 재사용 가능 여부 확인
111,3. 설비관리,3-6,JIG 기준핀정기점검 실적,SH-FM-233,신규 작성 필요,,같은 SQ 번호 폴더에 자료만 있음,0.29,3,용접 지그 기준표.xls [08_SQ심사] (SQ 심사 관련서류\3-6 용접 지그 관리\용접 지그 기준표.xls),지그 관련기준1.xlsx [08_SQ심사] (SQ 심사 관련서류\3-6 용접 지그 관리\지그 관련기준1.xlsx),기초 품질 예방 용접 지그.pptx [08_SQ심사] (SQ 심사 관련서류\3-6 용접 지그 관리\기초 품질 예방 용접 지그.pptx),
112,3. 설비관리,3-6,JIG PIN 위치도 및 상세사진 위치도,SH-FM-234,신규 작성 필요,,같은 SQ 번호 폴더에 자료만 있음,0.00,3,기초 품질 예방 용접 지그.pptx [08_SQ심사] (SQ 심사 관련서류\3-6 용접 지그 관리\기초 품질 예방 용접 지그.pptx),용접 지그 기준표.xls [08_SQ심사] (SQ 심사 관련서류\3-6 용접 지그 관리\용접 지그 기준표.xls),지그 관련기준1.xlsx [08_SQ심사] (SQ 심사 관련서류\3-6 용접 지그 관리\지그 관련기준1.xlsx),
113,4. 금형관리,4-1,금형관리 프로세스,SH-FM-235,기존 절차 연계,,이름 일치,1.00,1,금형관리프로세스.xlsx [00_QMS문서] (SQ 심사 관련서류\4-1 금형관리 프로세스\금형관리프로세스.xlsx),"MSDS_관리프로세스.xls [00_QMS문서] (SQ 심사 관련서류\6-1 안전관리 프로세스\5-9안전관리,환경안전\7. MSDS\MSDS_관리프로세스.xls)",04.영업관리 프로세스(완).xlsx [00_QMS문서] (20260917_IATF16949 시스템\04.영업관리 프로세스(완).xlsx),
114,4. 금형관리,4-1,금형관리대장,SH-FM-236,기존 절차 연계,별도 유지(제안),후보(사람 확인),0.50,1,금형관리프로세스.xlsx [00_QMS문서] (SQ 심사 관련서류\4-1 금형관리 프로세스\금형관리프로세스.xlsx),"관리대장.xlsx [08_SQ심사] (SQ 심사 관련서류\6-1 안전관리 프로세스\5-9안전관리,환경안전\7. MSDS\관리대장.xlsx)","소화기 관리대장.xlsx [08_SQ심사] (SQ 심사 관련서류\6-1 안전관리 프로세스\5-9안전관리,환경안전\8. 소방관리\소화기 관리대장.xlsx)",
115,4. 금형관리,4-1,금형이력카드,SH-FM-237,기존 절차 연계,보류(담당자 확인 필요),후보(사람 확인),0.50,1,2계측기이력카드.xls [08_SQ심사] (SQ 심사 관련서류\2-5 계측기 관리\2계측기이력카드.xls),2계측기이력카드(2024년).xls [08_SQ심사] (SQ 심사 관련서류\6-5 자격인증 관리기준 수립및 준수 상태\2계측기이력카드(2024년).xls),2계측기이력카드(2025년).xls [08_SQ심사] (SQ 심사 관련서류\6-5 자격인증 관리기준 수립및 준수 상태\2계측기이력카드(2025년).xls),
116,4. 금형관리,4-1,MMS SYSTEM금형수리내역,SH-FM-238,기존 절차 연계,,같은 SQ 번호 폴더에 자료만 있음,0.29,1,금형관리프로세스.xlsx [00_QMS문서] (SQ 심사 관련서류\4-1 금형관리 프로세스\금형관리프로세스.xlsx),,,
117,4. 금형관리,4-1,금형일상점검관리기준서,SH-FM-239,기존 절차 연계,,후보(사람 확인),0.47,1,부자재 관리 기준서.pptx [08_SQ심사] (SQ 심사 관련서류\2.-2 수입검사 누락방지 절차 수립\부자재 관리 기준서.pptx),작동유 관리 기준.xlsx [08_SQ심사] (SQ 심사 관련서류\3-2  설비 관련 서류\용접 설비\작동유 관리 기준.xlsx),불응 자재 관리 기준.xlsx [08_SQ심사] (SQ 심사 관련서류\5-3 원재료 장기 재고 관리 기준\불응 자재 관리 기준.xlsx),
118,4. 금형관리,4-1,금형일상점검체크시트,SH-FM-240,기존 절차 연계,,후보(사람 확인),0.50,1,체크시트.xlsx [08_SQ심사] (SQ 심사 관련서류\1-2 설비 재가동 업무 처리 기준\체크시트.xlsx),정성품질 체크시트.pdf [08_SQ심사] (SQ 심사 관련서류\지빠귀\정성품질\정성품질 활동 작성본\정성품질 체크시트.pdf),정성품질 체크시트.xls [08_SQ심사] (SQ 심사 관련서류\지빠귀\정성품질\정성품질 활동 작성본\정성품질 체크시트.xls),
119,4. 금형관리,4-2,금형등급관리준서,SH-FM-241,기존 절차 연계,,자료 없음,0.32,0,,,,'기존 절차 연계'로 표시됐으나 E 드라이브 1차 범위에서 자료를 찾지 못함
120,4. 금형관리,4-2,금형별 등급실적,SH-FM-242,기존 절차 연계,,자료 없음,0.22,0,,,,'기존 절차 연계'로 표시됐으나 E 드라이브 1차 범위에서 자료를 찾지 못함
121,4. 금형관리,4-2,금형정기점검실적,SH-FM-243,기존 절차 연계,,자료 없음,0.39,0,,,,'기존 절차 연계'로 표시됐으나 E 드라이브 1차 범위에서 자료를 찾지 못함
122,4. 금형관리,4-2,금형타발수관리대장,SH-FM-244,기존 절차 연계,,후보(사람 확인),0.55,0,"관리대장.xlsx [08_SQ심사] (SQ 심사 관련서류\6-1 안전관리 프로세스\5-9안전관리,환경안전\7. MSDS\관리대장.xlsx)","소화기 관리대장.xlsx [08_SQ심사] (SQ 심사 관련서류\6-1 안전관리 프로세스\5-9안전관리,환경안전\8. 소방관리\소화기 관리대장.xlsx)",한도견본 관리대장.xlsx [08_SQ심사] (SQ 심사 관련서류\2-3 검사용 한도견본관리대장\한도견본 관리대장.xlsx),
123,4. 금형관리,4-2,금형전산화시스템적용시 금형반컴퓨터설치,SH-FM-245,기존 절차 연계,,자료 없음,0.14,0,,,,'기존 절차 연계'로 표시됐으나 E 드라이브 1차 범위에서 자료를 찾지 못함
124,4. 금형관리,4-3,금형/지그관리대장,SH-FM-246,기존 절차 연계,,후보(사람 확인),0.60,1,"관리대장.xlsx [08_SQ심사] (SQ 심사 관련서류\6-1 안전관리 프로세스\5-9안전관리,환경안전\7. MSDS\관리대장.xlsx)",● 3. 교정지그 관리대장 (지그부착).xlsx [08_SQ심사] (SQ 심사 관련서류\2-5 계측기 관리\● 3. 교정지그 관리대장 (지그부착).xlsx),"소화기 관리대장.xlsx [08_SQ심사] (SQ 심사 관련서류\6-1 안전관리 프로세스\5-9안전관리,환경안전\8. 소방관리\소화기 관리대장.xlsx)",
125,4. 금형관리,4-3,금형/JIG이력카드,SH-FM-247,기존 절차 연계,,후보(사람 확인),0.40,1,2계측기이력카드.xls [08_SQ심사] (SQ 심사 관련서류\2-5 계측기 관리\2계측기이력카드.xls),2계측기이력카드(2024년).xls [08_SQ심사] (SQ 심사 관련서류\6-5 자격인증 관리기준 수립및 준수 상태\2계측기이력카드(2024년).xls),2계측기이력카드(2025년).xls [08_SQ심사] (SQ 심사 관련서류\6-5 자격인증 관리기준 수립및 준수 상태\2계측기이력카드(2025년).xls),
126,4. 금형관리,4-4,금형보관 lay-out 설치,SH-FM-248,기존 절차 연계,,자료 없음,0.14,0,,,,'기존 절차 연계'로 표시됐으나 E 드라이브 1차 범위에서 자료를 찾지 못함
127,4. 금형관리,4-4,금형보관구역 식별표시,SH-FM-249,기존 절차 연계,,자료 없음,0.17,0,,,,'기존 절차 연계'로 표시됐으나 E 드라이브 1차 범위에서 자료를 찾지 못함
128,4. 금형관리,4-4,금형보관시 잔존이물제거후 적재,SH-FM-250,기존 절차 연계,,자료 없음,0.12,0,,,,'기존 절차 연계'로 표시됐으나 E 드라이브 1차 범위에서 자료를 찾지 못함
129,4. 금형관리,4-5,금형이관 T/O보고서,SH-FM-251,기존 절차 연계,,자료 없음,0.19,0,,,,'기존 절차 연계'로 표시됐으나 E 드라이브 1차 범위에서 자료를 찾지 못함
130,4. 금형관리,4-5,금형이관시 접수자료,SH-FM-252,기존 절차 연계,,자료 없음,0.18,0,,,,'기존 절차 연계'로 표시됐으나 E 드라이브 1차 범위에서 자료를 찾지 못함
131,4. 금형관리,4-5,금형문제점개선자료,SH-FM-253,기존 절차 연계,,자료 없음,0.18,0,,,,'기존 절차 연계'로 표시됐으나 E 드라이브 1차 범위에서 자료를 찾지 못함
132,5. 자재관리,5-1,원자재입고 부품식별표,SH-FM-254,기존 절차 연계,,자료 없음,0.22,0,,,,'기존 절차 연계'로 표시됐으나 E 드라이브 1차 범위에서 자료를 찾지 못함
133,5. 자재관리,5-1,작업일보,SH-FM-255,신규 작성 필요,통합 확정,자료 없음,0.33,0,,,,
134,5. 자재관리,5-1,부품식별표,SH-FM-256,기존 절차 연계,,자료 없음,0.22,0,,,,'기존 절차 연계'로 표시됐으나 E 드라이브 1차 범위에서 자료를 찾지 못함
135,5. 자재관리,5-1,작업일보,SH-FM-257,신규 작성 필요,통합 확정,자료 없음,0.33,0,,,,
136,5. 자재관리,5-1,부품식별표,SH-FM-258,신규 작성 필요,통합 확정,자료 없음,0.22,0,,,,
137,5. 자재관리,5-1,출하일지,SH-FM-259,신규 작성 필요,,자료 없음,0.22,0,,,,
138,5. 자재관리,5-1,고객부품식별표,SH-FM-260,신규 작성 필요,,자료 없음,0.18,0,,,,
139,5. 자재관리,5-1,일별생산실적현황 OR LOT 관리대장,SH-FM-261,기존 절차 연계,,자료 없음,0.32,0,,,,'기존 절차 연계'로 표시됐으나 E 드라이브 1차 범위에서 자료를 찾지 못함
140,5. 자재관리,5-1,LOT관리기준서,SH-FM-262,기존 절차 연계,,후보(사람 확인),0.57,0,부자재 관리 기준서.pptx [08_SQ심사] (SQ 심사 관련서류\2.-2 수입검사 누락방지 절차 수립\부자재 관리 기준서.pptx),작동유 관리 기준.xlsx [08_SQ심사] (SQ 심사 관련서류\3-2  설비 관련 서류\용접 설비\작동유 관리 기준.xlsx),불응 자재 관리 기준.xlsx [08_SQ심사] (SQ 심사 관련서류\5-3 원재료 장기 재고 관리 기준\불응 자재 관리 기준.xlsx),
141,5. 자재관리,5-2,원자재보관관리기준서,SH-FM-263,기존 절차 연계,,후보(사람 확인),0.62,0,부자재 관리 기준서.pptx [08_SQ심사] (SQ 심사 관련서류\2.-2 수입검사 누락방지 절차 수립\부자재 관리 기준서.pptx),원자재  성적서 관리 기준.xls [08_SQ심사] (SQ 심사 관련서류\2.-2 수입검사 누락방지 절차 수립\검사기준서 개정본\원자재  성적서 관리 기준.xls),불응 자재 관리 기준.xlsx [08_SQ심사] (SQ 심사 관련서류\5-3 원재료 장기 재고 관리 기준\불응 자재 관리 기준.xlsx),
142,5. 자재관리,5-2,원자재보관대 LAY-OUT 및재고현황,SH-FM-264,기존 절차 연계,,자료 없음,0.16,0,,,,'기존 절차 연계'로 표시됐으나 E 드라이브 1차 범위에서 자료를 찾지 못함
143,5. 자재관리,5-2,원자재보관대 구역설정및 식별,SH-FM-265,기존 절차 연계,,자료 없음,0.19,0,,,,'기존 절차 연계'로 표시됐으나 E 드라이브 1차 범위에서 자료를 찾지 못함
144,5. 자재관리,5-2,원자재선입선출관리기준서,SH-FM-266,신규 작성 필요,,후보(사람 확인),0.56,0,부자재 관리 기준서.pptx [08_SQ심사] (SQ 심사 관련서류\2.-2 수입검사 누락방지 절차 수립\부자재 관리 기준서.pptx),원자재  성적서 관리 기준.xls [08_SQ심사] (SQ 심사 관련서류\2.-2 수입검사 누락방지 절차 수립\검사기준서 개정본\원자재  성적서 관리 기준.xls),불응 자재 관리 기준.xlsx [08_SQ심사] (SQ 심사 관련서류\5-3 원재료 장기 재고 관리 기준\불응 자재 관리 기준.xlsx),SQ안은 '신규 작성 필요'인데 비슷한 기존 자료가 있음 — 재사용 가능 여부 확인
145,5. 자재관리,5-2,.원자재식별표,SH-FM-267,신규 작성 필요,,자료 없음,0.29,0,,,,
146,5. 자재관리,5-2,장기재고보관관리기준서,SH-FM-268,기존 절차 연계,,후보(사람 확인),0.47,0,부자재 관리 기준서.pptx [08_SQ심사] (SQ 심사 관련서류\2.-2 수입검사 누락방지 절차 수립\부자재 관리 기준서.pptx),장기재고 관련 기준.xlsx [08_SQ심사] (SQ 심사 관련서류\5-3 원재료 장기 재고 관리 기준\장기재고 관련 기준.xlsx),작동유 관리 기준.xlsx [08_SQ심사] (SQ 심사 관련서류\3-2  설비 관련 서류\용접 설비\작동유 관리 기준.xlsx),
147,5. 자재관리,5-2,장기재고점검체크시트,SH-FM-269,기존 절차 연계,통합 확정,후보(사람 확인),0.50,0,체크시트.xlsx [08_SQ심사] (SQ 심사 관련서류\1-2 설비 재가동 업무 처리 기준\체크시트.xlsx),장기재고 관련 기준.xlsx [08_SQ심사] (SQ 심사 관련서류\5-3 원재료 장기 재고 관리 기준\장기재고 관련 기준.xlsx),정성품질 체크시트.pdf [08_SQ심사] (SQ 심사 관련서류\지빠귀\정성품질\정성품질 활동 작성본\정성품질 체크시트.pdf),
148,5. 자재관리,5-2,장기재고식별표,SH-FM-270,기존 절차 연계,,후보(사람 확인),0.46,0,장기재고 관련 기준.xlsx [08_SQ심사] (SQ 심사 관련서류\5-3 원재료 장기 재고 관리 기준\장기재고 관련 기준.xlsx),장기재고 관련 지침서.xls [08_SQ심사] (SQ 심사 관련서류\5-3 원재료 장기 재고 관리 기준\장기재고 관련 지침서.xls),,
149,5. 자재관리,5-2,LAY-OUT 및재고현황,SH-FM-271,신규 작성 필요,,자료 없음,0.13,0,,,,
150,5. 자재관리,5-2,구역설정및 식별,SH-FM-272,신규 작성 필요,,자료 없음,0.00,0,,,,
151,5. 자재관리,5-2,부품식별표,SH-FM-273,신규 작성 필요,통합 확정,자료 없음,0.22,0,,,,
152,5. 자재관리,5-2,'-불용자재관리기준서,SH-FM-274,기존 절차 연계,,이름 일치,0.80,0,부자재 관리 기준서.pptx [08_SQ심사] (SQ 심사 관련서류\2.-2 수입검사 누락방지 절차 수립\부자재 관리 기준서.pptx),불용 자재 관리 대장.xlsx [08_SQ심사] (SQ 심사 관련서류\5-3 원재료 장기 재고 관리 기준\불용 자재 관리 대장.xlsx),불응 자재 관리 기준.xlsx [08_SQ심사] (SQ 심사 관련서류\5-3 원재료 장기 재고 관리 기준\불응 자재 관리 기준.xlsx),
153,5. 자재관리,5-2,불용자재식별표,SH-FM-275,신규 작성 필요,,후보(사람 확인),0.46,0,불용 자재 관리 대장.xlsx [08_SQ심사] (SQ 심사 관련서류\5-3 원재료 장기 재고 관리 기준\불용 자재 관리 대장.xlsx),불용자재 관련  지침서.xls [08_SQ심사] (SQ 심사 관련서류\5-3 원재료 장기 재고 관리 기준\불용자재 관련  지침서.xls),,SQ안은 '신규 작성 필요'인데 비슷한 기존 자료가 있음 — 재사용 가능 여부 확인
154,5. 자재관리,5-3,선입고품 우선사용 TAG식별,SH-FM-276,기존 절차 연계,,같은 SQ 번호 폴더에 자료만 있음,0.00,6,불용 자재 관리 대장.xlsx [08_SQ심사] (SQ 심사 관련서류\5-3 원재료 장기 재고 관리 기준\불용 자재 관리 대장.xlsx),불용자재 관련  지침서.xls [08_SQ심사] (SQ 심사 관련서류\5-3 원재료 장기 재고 관리 기준\불용자재 관련  지침서.xls),불응 자재 관리 기준.xlsx [08_SQ심사] (SQ 심사 관련서류\5-3 원재료 장기 재고 관리 기준\불응 자재 관리 기준.xlsx),
155,5. 자재관리,5-3,.원자재식별표,SH-FM-277,신규 작성 필요,통합 확정,같은 SQ 번호 폴더에 자료만 있음,0.17,6,불용 자재 관리 대장.xlsx [08_SQ심사] (SQ 심사 관련서류\5-3 원재료 장기 재고 관리 기준\불용 자재 관리 대장.xlsx),불응 자재 관리 기준.xlsx [08_SQ심사] (SQ 심사 관련서류\5-3 원재료 장기 재고 관리 기준\불응 자재 관리 기준.xlsx),불용자재 관련  지침서.xls [08_SQ심사] (SQ 심사 관련서류\5-3 원재료 장기 재고 관리 기준\불용자재 관련  지침서.xls),
156,5. 자재관리,5-3,장기재고보관관리기준서,SH-FM-278,기존 절차 연계,통합 확정,후보(사람 확인),0.47,6,장기재고 관련 기준.xlsx [08_SQ심사] (SQ 심사 관련서류\5-3 원재료 장기 재고 관리 기준\장기재고 관련 기준.xlsx),불응 자재 관리 기준.xlsx [08_SQ심사] (SQ 심사 관련서류\5-3 원재료 장기 재고 관리 기준\불응 자재 관리 기준.xlsx),장기재고 관련 지침서.xls [08_SQ심사] (SQ 심사 관련서류\5-3 원재료 장기 재고 관리 기준\장기재고 관련 지침서.xls),
157,5. 자재관리,5-3,장기재고식별표,SH-FM-279,기존 절차 연계,통합 확정,후보(사람 확인),0.46,6,장기재고 관련 기준.xlsx [08_SQ심사] (SQ 심사 관련서류\5-3 원재료 장기 재고 관리 기준\장기재고 관련 기준.xlsx),장기재고 관련 지침서.xls [08_SQ심사] (SQ 심사 관련서류\5-3 원재료 장기 재고 관리 기준\장기재고 관련 지침서.xls),,
158,5. 자재관리,5-3,부품식별표,SH-FM-280,신규 작성 필요,통합 확정,같은 SQ 번호 폴더에 자료만 있음,0.22,6,불용 자재 관리 대장.xlsx [08_SQ심사] (SQ 심사 관련서류\5-3 원재료 장기 재고 관리 기준\불용 자재 관리 대장.xlsx),불용자재 관련  지침서.xls [08_SQ심사] (SQ 심사 관련서류\5-3 원재료 장기 재고 관리 기준\불용자재 관련  지침서.xls),불응 자재 관리 기준.xlsx [08_SQ심사] (SQ 심사 관련서류\5-3 원재료 장기 재고 관리 기준\불응 자재 관리 기준.xlsx),
159,5. 자재관리,5-4,공정제품 용기설정 기준서,SH-FM-281,신규 작성 필요,,자료 없음,0.29,0,,,,
160,5. 자재관리,5-4,과다적재방지 장입한계기준 설정,SH-FM-282,신규 작성 필요,,자료 없음,0.12,0,,,,
161,5. 자재관리,5-4,완성품 납용용기설정서,SH-FM-283,기존 절차 연계,,자료 없음,0.20,0,,,,'기존 절차 연계'로 표시됐으나 E 드라이브 1차 범위에서 자료를 찾지 못함
162,5. 자재관리,5-4,완성품 LAY-OUT,SH-FM-284,기존 절차 연계,,자료 없음,0.21,0,,,,'기존 절차 연계'로 표시됐으나 E 드라이브 1차 범위에서 자료를 찾지 못함
163,5. 자재관리,5-4,완성품 적재공간 구역설정 LINE MARK'G,SH-FM-285,기존 절차 연계,,자료 없음,0.16,0,,,,'기존 절차 연계'로 표시됐으나 E 드라이브 1차 범위에서 자료를 찾지 못함
164,5. 자재관리,5-4,완성품 적재장소 NAME PLATE부착,SH-FM-286,기존 절차 연계,,자료 없음,0.19,0,,,,'기존 절차 연계'로 표시됐으나 E 드라이브 1차 범위에서 자료를 찾지 못함
165,6. 품질경영체제,6-1,안전관리업무기준서,SH-FM-287,기존 절차 연계,,후보(사람 확인),0.55,46,"안전관리.pptx [08_SQ심사] (SQ 심사 관련서류\6-1 안전관리 프로세스\5-9안전관리,환경안전\안전관리.pptx)","3.안전보호장비 사용 기준서.xlsx [08_SQ심사] (SQ 심사 관련서류\6-1 안전관리 프로세스\5-9안전관리,환경안전\3.안전보호장비 사용 기준서.xlsx)","안전보건관리규정.xlsx [08_SQ심사] (SQ 심사 관련서류\6-1 안전관리 프로세스\5-9안전관리,환경안전\안전보건관리규정.xlsx)",
166,6. 품질경영체제,6-1,안전보호구 지급기준,SH-FM-288,신규 작성 필요,,후보(사람 확인),0.42,46,"3.안전보호장비 사용 기준서.xlsx [08_SQ심사] (SQ 심사 관련서류\6-1 안전관리 프로세스\5-9안전관리,환경안전\3.안전보호장비 사용 기준서.xlsx)","안전보건경영방침.pdf [08_SQ심사] (SQ 심사 관련서류\6-1 안전관리 프로세스\5-9안전관리,환경안전\안전보건경영방침.pdf)","안전보건경영방침.pptx [08_SQ심사] (SQ 심사 관련서류\6-1 안전관리 프로세스\5-9안전관리,환경안전\안전보건경영방침.pptx)",SQ안은 '신규 작성 필요'인데 비슷한 기존 자료가 있음 — 재사용 가능 여부 확인
167,6. 품질경영체제,6-1,안전보호구 지급관리대장,SH-FM-289,신규 작성 필요,,후보(사람 확인),0.46,46,"관리대장.xlsx [08_SQ심사] (SQ 심사 관련서류\6-1 안전관리 프로세스\5-9안전관리,환경안전\7. MSDS\관리대장.xlsx)","소화기 관리대장.xlsx [08_SQ심사] (SQ 심사 관련서류\6-1 안전관리 프로세스\5-9안전관리,환경안전\8. 소방관리\소화기 관리대장.xlsx)","안전보건관리규정.xlsx [08_SQ심사] (SQ 심사 관련서류\6-1 안전관리 프로세스\5-9안전관리,환경안전\안전보건관리규정.xlsx)",SQ안은 '신규 작성 필요'인데 비슷한 기존 자료가 있음 — 재사용 가능 여부 확인
168,6. 품질경영체제,6-1,안전교육교안,SH-FM-290,신규 작성 필요,,후보(사람 확인),0.25,46,"환경안전.pptx [08_SQ심사] (SQ 심사 관련서류\6-1 안전관리 프로세스\5-9안전관리,환경안전\6. 환경안전(완)\환경안전.pptx)","안전관리.pptx [08_SQ심사] (SQ 심사 관련서류\6-1 안전관리 프로세스\5-9안전관리,환경안전\안전관리.pptx)",SQ_교육교안_리콜캠페인 PPT.pptx [08_SQ심사] (SQ 심사 관련서류\6-6  정기적 품질 교육\SQ_교육교안_리콜캠페인 PPT.pptx),SQ안은 '신규 작성 필요'인데 비슷한 기존 자료가 있음 — 재사용 가능 여부 확인
169,6. 품질경영체제,6-1,안전교육실시보고서,SH-FM-291,신규 작성 필요,,후보(사람 확인),0.25,46,"소방훈련교육 실시 결과서 서식2024.hwp [08_SQ심사] (SQ 심사 관련서류\6-1 안전관리 프로세스\5-9안전관리,환경안전\8. 소방관리\소방훈련교육 실시 결과서 서식2024.hwp)","소방훈련교육 실시 결과서 서식2025.hwp [08_SQ심사] (SQ 심사 관련서류\6-1 안전관리 프로세스\5-9안전관리,환경안전\8. 소방관리\소방훈련교육 실시 결과서 서식2025.hwp)",품질관리 교육실적표.xlsx [08_SQ심사] (SQ 심사 관련서류\6-6  정기적 품질 교육\품질관리 교육실적표.xlsx),SQ안은 '신규 작성 필요'인데 비슷한 기존 자료가 있음 — 재사용 가능 여부 확인
170,6. 품질경영체제,6-1,작업장 안전수칙 라인별 제작활용,SH-FM-292,신규 작성 필요,,같은 SQ 번호 폴더에 자료만 있음,0.12,46,"환경안전.pptx [08_SQ심사] (SQ 심사 관련서류\6-1 안전관리 프로세스\5-9안전관리,환경안전\6. 환경안전(완)\환경안전.pptx)","안전관리.pptx [08_SQ심사] (SQ 심사 관련서류\6-1 안전관리 프로세스\5-9안전관리,환경안전\안전관리.pptx)","안전보건경영방침.pdf [08_SQ심사] (SQ 심사 관련서류\6-1 안전관리 프로세스\5-9안전관리,환경안전\안전보건경영방침.pdf)",
171,6. 품질경영체제,6-1,유해물질보관장 선정,SH-FM-293,신규 작성 필요,,같은 SQ 번호 폴더에 자료만 있음,0.00,46,"MSDS_관리프로세스.xls [00_QMS문서] (SQ 심사 관련서류\6-1 안전관리 프로세스\5-9안전관리,환경안전\7. MSDS\MSDS_관리프로세스.xls)","1.설비점검 사고방지를 위한 업무 절차.xlsx [08_SQ심사] (SQ 심사 관련서류\6-1 안전관리 프로세스\5-9안전관리,환경안전\1.설비점검 사고방지를 위한 업무 절차.xlsx)","01. 2024-01. 2024년 생산부 _ 우발사고 대비 계획서.xls [08_SQ심사] (SQ 심사 관련서류\6-1 안전관리 프로세스\5-9안전관리,환경안전\10. 비상계획\01. 2024-01. 2024년 생산부 _ 우발사고 대비 계획서.xls)",
172,6. 품질경영체제,6-1,유해물질보관장 MSDS비치활용,SH-FM-294,신규 작성 필요,,후보(사람 확인),0.32,46,"MSDS 필요성 및 활용방법.pdf [08_SQ심사] (SQ 심사 관련서류\6-1 안전관리 프로세스\5-9안전관리,환경안전\7. MSDS\MSDS 교육자료\MSDS 필요성 및 활용방법.pdf)","MSDS_교육자료.ppt [08_SQ심사] (SQ 심사 관련서류\6-1 안전관리 프로세스\5-9안전관리,환경안전\7. MSDS\MSDS 교육자료\MSDS_교육자료.ppt)","MSDS_관리프로세스.xls [00_QMS문서] (SQ 심사 관련서류\6-1 안전관리 프로세스\5-9안전관리,환경안전\7. MSDS\MSDS_관리프로세스.xls)",SQ안은 '신규 작성 필요'인데 비슷한 기존 자료가 있음 — 재사용 가능 여부 확인
173,6. 품질경영체제,6-1,설비일상/정기점검기준서(안전장치점검반영),SH-FM-295,기존 절차 연계,,후보(사람 확인),0.44,46,1동_설비일상점검 (1).xlsx [08_SQ심사] (기존 서류\황지환\과장님이 주신거\SQ\설비일상점검\1동_설비일상점검 (1).xlsx),"소화기 점검표.hwp [08_SQ심사] (SQ 심사 관련서류\6-1 안전관리 프로세스\5-9안전관리,환경안전\8. 소방관리\소화기 점검표.hwp)",차압1호기 설비일상점검.xlsx [08_SQ심사] (기존 서류\황지환\과장님이 주신거\SQ\설비일상점검\차압1호기 설비일상점검.xlsx),
174,6. 품질경영체제,6-1,"설비안전관리책임자선정및 정,부 식별현황",SH-FM-296,신규 작성 필요,,후보(사람 확인),0.30,46,"안전관리.pptx [08_SQ심사] (SQ 심사 관련서류\6-1 안전관리 프로세스\5-9안전관리,환경안전\안전관리.pptx)",,,SQ안은 '신규 작성 필요'인데 비슷한 기존 자료가 있음 — 재사용 가능 여부 확인
175,6. 품질경영체제,6-1,소화기 배치 LAY-OUT,SH-FM-297,기존 절차 연계,,후보(사람 확인),0.33,46,"소화기.pdf [08_SQ심사] (SQ 심사 관련서류\6-1 안전관리 프로세스\5-9안전관리,환경안전\8. 소방관리\소화기.pdf)","소화기 점검표.hwp [08_SQ심사] (SQ 심사 관련서류\6-1 안전관리 프로세스\5-9안전관리,환경안전\8. 소방관리\소화기 점검표.hwp)","소화기 관리대장.xlsx [08_SQ심사] (SQ 심사 관련서류\6-1 안전관리 프로세스\5-9안전관리,환경안전\8. 소방관리\소화기 관리대장.xlsx)",
176,6. 품질경영체제,6-1,소화기점검식별표,SH-FM-298,신규 작성 필요,,후보(사람 확인),0.67,46,"소화기 점검표.hwp [08_SQ심사] (SQ 심사 관련서류\6-1 안전관리 프로세스\5-9안전관리,환경안전\8. 소방관리\소화기 점검표.hwp)","소화기.pdf [08_SQ심사] (SQ 심사 관련서류\6-1 안전관리 프로세스\5-9안전관리,환경안전\8. 소방관리\소화기.pdf)","소화기 관리대장.xlsx [08_SQ심사] (SQ 심사 관련서류\6-1 안전관리 프로세스\5-9안전관리,환경안전\8. 소방관리\소화기 관리대장.xlsx)",SQ안은 '신규 작성 필요'인데 비슷한 기존 자료가 있음 — 재사용 가능 여부 확인
177,6. 품질경영체제,6-2,설계변경/4M관리업무 프로세스,SH-FM-299,신규 작성 필요,,후보(사람 확인),0.33,4,4M 관련 시트 변경관리 기준.xls [08_SQ심사] (SQ 심사 관련서류\6-2 설계변경 4M 변경처리 업무절차\개정본\4M 관련 시트 변경관리 기준.xls),12.변경관리 프로세스(완).xlsx [00_QMS문서] (20260917_IATF16949 시스템\12.변경관리 프로세스(완).xlsx),금형관리프로세스.xlsx [00_QMS문서] (SQ 심사 관련서류\4-1 금형관리 프로세스\금형관리프로세스.xlsx),SQ안은 '신규 작성 필요'인데 비슷한 기존 자료가 있음 — 재사용 가능 여부 확인
178,6. 품질경영체제,6-2,변경관리 master list,SH-FM-300,기존 절차 연계,,후보(사람 확인),0.26,4,4M 관련 시트 변경관리 기준.xls [08_SQ심사] (SQ 심사 관련서류\6-2 설계변경 4M 변경처리 업무절차\개정본\4M 관련 시트 변경관리 기준.xls),00_MASTER_README.txt [00_QMS문서] (신화에이치앤티 SQ인증심사 참고본\SHINHWA_IATF_QMS_01-53단계_IATF16949_전체통합_MASTER_문서패키지\00_MASTER_README.txt),SHINHWA_QMS_최종_MasterList_통합추적Matrix_Rev00.xlsx [00_QMS문서] (작성중\QMS 통합 문서 Master List + 인증심사 준비 체크리스트 Rev.00\SHINHWA_QMS_최종_MasterList_통합추적Matrix_Rev00.xlsx),
179,6. 품질경영체제,6-2,변경품적용시점통보서,SH-FM-301,기존 절차 연계,,같은 SQ 번호 폴더에 자료만 있음,0.10,4,4M 관련 시트 변경관리 기준.xls [08_SQ심사] (SQ 심사 관련서류\6-2 설계변경 4M 변경처리 업무절차\개정본\4M 관련 시트 변경관리 기준.xls),4M 변경 승인절차 및 PROCESS.ppt [08_SQ심사] (SQ 심사 관련서류\6-2 설계변경 4M 변경처리 업무절차\기존 자료\4M 변경 승인절차 및 PROCESS.ppt),20260512_072008.zip [08_SQ심사] (SQ 심사 관련서류\6-2 설계변경 4M 변경처리 업무절차\기존 자료\20260512_072008.zip),
180,6. 품질경영체제,6-2,변경품적용시 고객ISIR승인서류,SH-FM-302,기존 절차 연계,,같은 SQ 번호 폴더에 자료만 있음,0.19,4,■ISIR & 4M_이력관리대장_250702.xlsx [08_SQ심사] (SQ 심사 관련서류\6-2 설계변경 4M 변경처리 업무절차\기존 자료\■ISIR & 4M_이력관리대장_250702.xlsx),4M 변경 승인절차 및 PROCESS.ppt [08_SQ심사] (SQ 심사 관련서류\6-2 설계변경 4M 변경처리 업무절차\기존 자료\4M 변경 승인절차 및 PROCESS.ppt),4M 관련 시트 변경관리 기준.xls [08_SQ심사] (SQ 심사 관련서류\6-2 설계변경 4M 변경처리 업무절차\개정본\4M 관련 시트 변경관리 기준.xls),
181,6. 품질경영체제,6-3,도면일치성관리기준서,SH-FM-303,신규 작성 필요,,이름 일치,1.00,2,도면일치성 관리기준.xlsx [08_SQ심사] (SQ 심사 관련서류\6-3  도면 일치성 관리 기준서\도면일치성 관리기준.xlsx),도면일치성 관리기준.xlsx 2.ppt [08_SQ심사] (SQ 심사 관련서류\6-3  도면 일치성 관리 기준서\도면일치성 관리기준.xlsx 2.ppt),부자재 관리 기준서.pptx [08_SQ심사] (SQ 심사 관련서류\2.-2 수입검사 누락방지 절차 수립\부자재 관리 기준서.pptx),SQ안은 '신규 작성 필요'인데 비슷한 기존 자료가 있음 — 재사용 가능 여부 확인
182,6. 품질경영체제,6-3,도면일치성점검체크시트(고객사관리본접수),SH-FM-304,기존 절차 연계,,후보(사람 확인),0.44,2,도면일치성 관리기준.xlsx [08_SQ심사] (SQ 심사 관련서류\6-3  도면 일치성 관리 기준서\도면일치성 관리기준.xlsx),도면일치성 관리기준.xlsx 2.ppt [08_SQ심사] (SQ 심사 관련서류\6-3  도면 일치성 관리 기준서\도면일치성 관리기준.xlsx 2.ppt),체크시트.xlsx [08_SQ심사] (SQ 심사 관련서류\1-2 설비 재가동 업무 처리 기준\체크시트.xlsx),
183,6. 품질경영체제,6-3,도면/검사협정서/초도품보증서고객승인본,SH-FM-305,신규 작성 필요,,같은 SQ 번호 폴더에 자료만 있음,0.23,2,도면일치성 관리기준.xlsx [08_SQ심사] (SQ 심사 관련서류\6-3  도면 일치성 관리 기준서\도면일치성 관리기준.xlsx),도면일치성 관리기준.xlsx 2.ppt [08_SQ심사] (SQ 심사 관련서류\6-3  도면 일치성 관리 기준서\도면일치성 관리기준.xlsx 2.ppt),,
184,6. 품질경영체제,6-3,정기검사계획대실적표,SH-FM-306,기존 절차 연계,,후보(사람 확인),0.44,2,작동유 점검 계획대 실적.xlsx [08_SQ심사] (기존 서류\황지환\과장님이 주신거\SQ\설비\작동유 점검 계획대 실적.xlsx),,,
185,6. 품질경영체제,6-3,정기검사실적,SH-FM-307,신규 작성 필요,보류(담당자 확인 필요),같은 SQ 번호 폴더에 자료만 있음,0.18,2,도면일치성 관리기준.xlsx [08_SQ심사] (SQ 심사 관련서류\6-3  도면 일치성 관리 기준서\도면일치성 관리기준.xlsx),도면일치성 관리기준.xlsx 2.ppt [08_SQ심사] (SQ 심사 관련서류\6-3  도면 일치성 관리 기준서\도면일치성 관리기준.xlsx 2.ppt),,
186,6. 품질경영체제,6-4,ISO인증서,SH-FM-308,기존 절차 연계,,자료 없음,0.38,0,,,,'기존 절차 연계'로 표시됐으나 E 드라이브 1차 범위에서 자료를 찾지 못함
187,6. 품질경영체제,6-4,품질매뉴얼/절차서/지침서,SH-FM-309,기존 절차 연계,,후보(사람 확인),0.47,0,00.품질매뉴얼(완).xls [00_QMS문서] (20260917_IATF16949 시스템\00.품질매뉴얼(완).xls),CJM_품질경영매뉴얼.xlsx [00_QMS문서] (기존 서류\이광재 부장 서류\기존서류 2\품질.경영 방침.목표(1)\품질목표\CJM_품질경영매뉴얼.xlsx),신화H&T_품질경영매뉴얼.xlsx [00_QMS문서] (기존 서류\이광재 부장 서류\기존서류 2\품질.경영 방침.목표(1)\품질목표\신화H&T_품질경영매뉴얼.xlsx),
188,6. 품질경영체제,6-4,전사조직도 및 업무분장표,SH-FM-310,기존 절차 연계,,자료 없음,0.17,0,,,,'기존 절차 연계'로 표시됐으나 E 드라이브 1차 범위에서 자료를 찾지 못함
189,6. 품질경영체제,6-4,SQ 사전점검 지적사항및 개선대책,SH-FM-311,신규 작성 필요,,자료 없음,0.21,0,,,,
190,6. 품질경영체제,6-4,(유효성검증관리 실적),SH-FM-312,신규 작성 필요,,자료 없음,0.30,0,,,,
191,6. 품질경영체제,6-5,자격인증관리 기준서,SH-FM-313,신규 작성 필요,,후보(사람 확인),0.42,11,자격인증 기준 개정본.xls.xls [08_SQ심사] (SQ 심사 관련서류\6-5 자격인증 관리기준 수립및 준수 상태\자격인증 관련서류 개정본\자격인증 기준 개정본.xls.xls),부자재 관리 기준서.pptx [08_SQ심사] (SQ 심사 관련서류\2.-2 수입검사 누락방지 절차 수립\부자재 관리 기준서.pptx),작동유 관리 기준.xlsx [08_SQ심사] (SQ 심사 관련서류\3-2  설비 관련 서류\용접 설비\작동유 관리 기준.xlsx),SQ안은 '신규 작성 필요'인데 비슷한 기존 자료가 있음 — 재사용 가능 여부 확인
192,6. 품질경영체제,6-5,자격인증체크시트 (검사원),SH-FM-314,기존 절차 연계,,후보(사람 확인),0.60,11,체크시트.xlsx [08_SQ심사] (SQ 심사 관련서류\1-2 설비 재가동 업무 처리 기준\체크시트.xlsx),자격인증 기준 개정본.xls.xls [08_SQ심사] (SQ 심사 관련서류\6-5 자격인증 관리기준 수립및 준수 상태\자격인증 관련서류 개정본\자격인증 기준 개정본.xls.xls),■ 자격인증 프로세스.xlsx [00_QMS문서] (SQ 심사 관련서류\지빠귀\자격인증\■ 자격인증 프로세스.xlsx),
193,6. 품질경영체제,6-5,자격인증체크시트 (현장작업자),SH-FM-315,기존 절차 연계,,후보(사람 확인),0.60,11,체크시트.xlsx [08_SQ심사] (SQ 심사 관련서류\1-2 설비 재가동 업무 처리 기준\체크시트.xlsx),자격인증 기준 개정본.xls.xls [08_SQ심사] (SQ 심사 관련서류\6-5 자격인증 관리기준 수립및 준수 상태\자격인증 관련서류 개정본\자격인증 기준 개정본.xls.xls),■ 자격인증 프로세스.xlsx [00_QMS문서] (SQ 심사 관련서류\지빠귀\자격인증\■ 자격인증 프로세스.xlsx),
194,6. 품질경영체제,6-5,계수형R&R 계획대실적표,SH-FM-316,신규 작성 필요,,후보(사람 확인),0.47,11,R&R 계수형 정답지.pdf [08_SQ심사] (SQ 심사 관련서류\지빠귀\자격인증\20240802(계수형)\R&R 계수형 정답지.pdf),R&R 계수형 검사시트.pdf [08_SQ심사] (SQ 심사 관련서류\지빠귀\자격인증\20240802(계수형)\R&R 계수형 검사시트.pdf),Gage R&R (계수형)-예.xls [08_SQ심사] (SQ 심사 관련서류\지빠귀\자격인증\2025년(계수형)\Gage R&R (계수형)-예.xls),SQ안은 '신규 작성 필요'인데 비슷한 기존 자료가 있음 — 재사용 가능 여부 확인
195,6. 품질경영체제,6-5,계수형R&R 실시실적,SH-FM-317,신규 작성 필요,,후보(사람 확인),0.40,11,R&R 계수형 정답지.pdf [08_SQ심사] (SQ 심사 관련서류\지빠귀\자격인증\20240802(계수형)\R&R 계수형 정답지.pdf),R&R 계수형 검사시트.pdf [08_SQ심사] (SQ 심사 관련서류\지빠귀\자격인증\20240802(계수형)\R&R 계수형 검사시트.pdf),Gage R&R (계수형)-예.xls [08_SQ심사] (SQ 심사 관련서류\지빠귀\자격인증\2025년(계수형)\Gage R&R (계수형)-예.xls),SQ안은 '신규 작성 필요'인데 비슷한 기존 자료가 있음 — 재사용 가능 여부 확인
196,6. 품질경영체제,6-5,계량형/계수형 R&R 수기작성본,SH-FM-318,기존 절차 연계,,후보(사람 확인),0.44,11,계량형(계수형) GAGE R&R 평가시트.xlsx [08_SQ심사] (SQ 심사 관련서류\지빠귀\자격인증\2025년(계량형)\계량형(계수형) GAGE R&R 평가시트.xlsx),R&R 계수형 정답지.pdf [08_SQ심사] (SQ 심사 관련서류\지빠귀\자격인증\20240802(계수형)\R&R 계수형 정답지.pdf),R&R 계수형 검사시트.pdf [08_SQ심사] (SQ 심사 관련서류\지빠귀\자격인증\20240802(계수형)\R&R 계수형 검사시트.pdf),
197,6. 품질경영체제,6-5,계수형R&R 평가샘플 보관대,SH-FM-319,신규 작성 필요,,같은 SQ 번호 폴더에 자료만 있음,0.38,11,2025년 작업자 LEVEL 평가.xlsx [08_SQ심사] (SQ 심사 관련서류\6-5 자격인증 관리기준 수립및 준수 상태\자격인증 관련서류 개정본\2025년 작업자 LEVEL 평가.xlsx),2023년9월_교정대상목록.xlsx [08_SQ심사] (SQ 심사 관련서류\6-5 자격인증 관리기준 수립및 준수 상태\2023년9월_교정대상목록.xlsx),2계측기이력카드(2024년).xls [08_SQ심사] (SQ 심사 관련서류\6-5 자격인증 관리기준 수립및 준수 상태\2계측기이력카드(2024년).xls),
198,6. 품질경영체제,6-5,자격인증대상자교육실시보고서,SH-FM-320,신규 작성 필요,,후보(사람 확인),0.25,11,자격인증 기준 개정본.xls.xls [08_SQ심사] (SQ 심사 관련서류\6-5 자격인증 관리기준 수립및 준수 상태\자격인증 관련서류 개정본\자격인증 기준 개정본.xls.xls),■ 자격인증 프로세스.xlsx [00_QMS문서] (SQ 심사 관련서류\지빠귀\자격인증\■ 자격인증 프로세스.xlsx),10 ■내부 심사원 자격인증서_.xlsx [08_SQ심사] (SQ 심사 관련서류\지빠귀\자격인증\10 ■내부 심사원 자격인증서_.xlsx),SQ안은 '신규 작성 필요'인데 비슷한 기존 자료가 있음 — 재사용 가능 여부 확인
199,6. 품질경영체제,6-5,자격인증서(검사원/현장작업자),SH-FM-321,신규 작성 필요,,이름 일치,1.00,11,10 ■내부 심사원 자격인증서_.xlsx [08_SQ심사] (SQ 심사 관련서류\지빠귀\자격인증\10 ■내부 심사원 자격인증서_.xlsx),9 ■리워크작업자격인증서_Rev.1_2507.xlsx [08_SQ심사] (SQ 심사 관련서류\지빠귀\자격인증\9 ■리워크작업자격인증서_Rev.1_2507.xlsx),자격인증 기준 개정본.xls.xls [08_SQ심사] (SQ 심사 관련서류\6-5 자격인증 관리기준 수립및 준수 상태\자격인증 관련서류 개정본\자격인증 기준 개정본.xls.xls),SQ안은 '신규 작성 필요'인데 비슷한 기존 자료가 있음 — 재사용 가능 여부 확인
200,6. 품질경영체제,6-5,작업자변경시 교육실시보고서,SH-FM-322,신규 작성 필요,,같은 SQ 번호 폴더에 자료만 있음,0.15,11,2025년 작업자 LEVEL 평가.xlsx [08_SQ심사] (SQ 심사 관련서류\6-5 자격인증 관리기준 수립및 준수 상태\자격인증 관련서류 개정본\2025년 작업자 LEVEL 평가.xlsx),품질관리 기본 교육.ppt [08_SQ심사] (SQ 심사 관련서류\6-5 자격인증 관리기준 수립및 준수 상태\자격인증 관련서류 개정본\품질관리 기본 교육.ppt),2023년9월_교정대상목록.xlsx [08_SQ심사] (SQ 심사 관련서류\6-5 자격인증 관리기준 수립및 준수 상태\2023년9월_교정대상목록.xlsx),
201,6. 품질경영체제,6-6,교육교안,SH-FM-323,기존 절차 연계,,이름 일치,1.00,2,SQ_교육교안_리콜캠페인 PPT.pptx [08_SQ심사] (SQ 심사 관련서류\6-6  정기적 품질 교육\SQ_교육교안_리콜캠페인 PPT.pptx),,,
202,6. 품질경영체제,6-6,2026년 교육계획대실적,SH-FM-324,기존 절차 연계,,후보(사람 확인),0.40,2,작동유 점검 계획대 실적.xlsx [08_SQ심사] (기존 서류\황지환\과장님이 주신거\SQ\설비\작동유 점검 계획대 실적.xlsx),"2024 환경교육.xlsx [08_SQ심사] (SQ 심사 관련서류\6-1 안전관리 프로세스\5-9안전관리,환경안전\6. 환경안전(완)\2024 환경교육.xlsx)",2026년 판매계획_Rev0_251211_배포용.xlsx [08_SQ심사] (기존 서류\황지환\과장님이 주신거\SQ\설비\설비 케파\2026년 판매계획_Rev0_251211_배포용.xlsx),
203,6. 품질경영체제,6-6,교육실시보고서 (교육사진/참석자서명),SH-FM-325,신규 작성 필요,,후보(사람 확인),0.29,2,품질관리 교육실적표.xlsx [08_SQ심사] (SQ 심사 관련서류\6-6  정기적 품질 교육\품질관리 교육실적표.xlsx),"소방훈련교육 실시 결과서 서식2024.hwp [08_SQ심사] (SQ 심사 관련서류\6-1 안전관리 프로세스\5-9안전관리,환경안전\8. 소방관리\소방훈련교육 실시 결과서 서식2024.hwp)","소방훈련교육 실시 결과서 서식2025.hwp [08_SQ심사] (SQ 심사 관련서류\6-1 안전관리 프로세스\5-9안전관리,환경안전\8. 소방관리\소방훈련교육 실시 결과서 서식2025.hwp)",SQ안은 '신규 작성 필요'인데 비슷한 기존 자료가 있음 — 재사용 가능 여부 확인
204,6. 품질경영체제,6-6,품질문제발생시 즉시교육실적보고서,SH-FM-326,신규 작성 필요,,후보(사람 확인),0.35,2,품질관리 교육실적표.xlsx [08_SQ심사] (SQ 심사 관련서류\6-6  정기적 품질 교육\품질관리 교육실적표.xlsx),,,SQ안은 '신규 작성 필요'인데 비슷한 기존 자료가 있음 — 재사용 가능 여부 확인
205,6. 품질경영체제,6-7,부적합처리업무 프로세스,SH-FM-327,신규 작성 필요,,후보(사람 확인),0.44,1,외주품 및 사내 부적합품 처리절차 프로세스.xlsx [00_QMS문서] (기존 서류\이광재 부장 서류\기존서류 2\부적합품 프로세스\외주품 및 사내 부적합품 처리절차 프로세스.xlsx),14.부적합 및 시정조치 프로세스(완).xlsx [00_QMS문서] (20260917_IATF16949 시스템\14.부적합 및 시정조치 프로세스(완).xlsx),부적합품 관리 프로세스 이미지 번역본.png [00_QMS문서] (SQ 심사 관련서류\1-3 표준류 현지어 번역본 비치\부적합품 관리 프로세스 이미지 번역본.png),SQ안은 '신규 작성 필요'인데 비슷한 기존 자료가 있음 — 재사용 가능 여부 확인
206,6. 품질경영체제,6-7,부적합 격리보관장소 지정 (펜스격리),SH-FM-328,신규 작성 필요,,같은 SQ 번호 폴더에 자료만 있음,0.16,1,6.■부적합품처리절차_Rev.0_0808.xlsx [08_SQ심사] (SQ 심사 관련서류\6-7 부적합품 처리 프로스세\6.■부적합품처리절차_Rev.0_0808.xlsx),,,
207,6. 품질경영체제,6-7,부적합처리일지,SH-FM-329,기존 절차 연계,,후보(사람 확인),0.29,1,6.■부적합품처리절차_Rev.0_0808.xlsx [08_SQ심사] (SQ 심사 관련서류\6-7 부적합품 처리 프로스세\6.■부적합품처리절차_Rev.0_0808.xlsx),부적합품처리FLOW.xls [08_SQ심사] (기존 서류\황지환\과장님이 주신거\SQ\부적합품처리FLOW.xls),부적합품처리절차_Rev.0_0808.xlsx [08_SQ심사] (SQ 심사 관련서류\1-3 표준류 현지어 번역본 비치\부적합품처리절차_Rev.0_0808.xlsx),
208,6. 품질경영체제,6-7,부적합품 보관함,SH-FM-330,신규 작성 필요,보류(담당자 확인 필요),후보(사람 확인),0.29,1,6.■부적합품처리절차_Rev.0_0808.xlsx [08_SQ심사] (SQ 심사 관련서류\6-7 부적합품 처리 프로스세\6.■부적합품처리절차_Rev.0_0808.xlsx),부적합품처리FLOW.xls [08_SQ심사] (기존 서류\황지환\과장님이 주신거\SQ\부적합품처리FLOW.xls),부적합품처리절차_Rev.0_0808.xlsx [08_SQ심사] (SQ 심사 관련서류\1-3 표준류 현지어 번역본 비치\부적합품처리절차_Rev.0_0808.xlsx),SQ안은 '신규 작성 필요'인데 비슷한 기존 자료가 있음 — 재사용 가능 여부 확인
209,6. 품질경영체제,6-7,부적합식별표,SH-FM-331,기존 절차 연계,,같은 SQ 번호 폴더에 자료만 있음,0.20,1,6.■부적합품처리절차_Rev.0_0808.xlsx [08_SQ심사] (SQ 심사 관련서류\6-7 부적합품 처리 프로스세\6.■부적합품처리절차_Rev.0_0808.xlsx),,,
210,6. 품질경영체제,6-8,품질실적보고서 (전부서KPI목표대비실적),SH-FM-332,기존 절차 연계,,후보(사람 확인),0.32,1,2025년품질 성과보고서_최종.pptx [08_SQ심사] (SQ 심사 관련서류\6-8 품질실적자료\2025년품질 성과보고서_최종.pptx),품질관리 교육실적표.xlsx [08_SQ심사] (SQ 심사 관련서류\6-6  정기적 품질 교육\품질관리 교육실적표.xlsx),,
211,6. 품질경영체제,6-8,고객/공정/외주불량 실적PPM,SH-FM-333,신규 작성 필요,,같은 SQ 번호 폴더에 자료만 있음,0.00,1,2025년품질 성과보고서_최종.pptx [08_SQ심사] (SQ 심사 관련서류\6-8 품질실적자료\2025년품질 성과보고서_최종.pptx),,,
212,6. 품질경영체제,6-8,고객/공정/외주불량 개선대책서,SH-FM-334,신규 작성 필요,,같은 SQ 번호 폴더에 자료만 있음,0.23,1,2025년품질 성과보고서_최종.pptx [08_SQ심사] (SQ 심사 관련서류\6-8 품질실적자료\2025년품질 성과보고서_최종.pptx),,,
213,6. 품질경영체제,6-8,고객불량 유효성검증  MASTER LIST,SH-FM-335,기존 절차 연계,,같은 SQ 번호 폴더에 자료만 있음,0.33,1,2025년품질 성과보고서_최종.pptx [08_SQ심사] (SQ 심사 관련서류\6-8 품질실적자료\2025년품질 성과보고서_최종.pptx),,,
214,6. 품질경영체제,6-8,D+3개월 유효성검증,SH-FM-336,신규 작성 필요,,같은 SQ 번호 폴더에 자료만 있음,0.30,1,2025년품질 성과보고서_최종.pptx [08_SQ심사] (SQ 심사 관련서류\6-8 품질실적자료\2025년품질 성과보고서_최종.pptx),,,
215,6. 품질경영체제,6-9,조도관리기준서,SH-FM-337,신규 작성 필요,,후보(사람 확인),0.65,2,조도관리.xls [08_SQ심사] (기존 서류\황지환\과장님이 주신거\SQ\조도관리.xls),부자재 관리 기준서.pptx [08_SQ심사] (SQ 심사 관련서류\2.-2 수입검사 누락방지 절차 수립\부자재 관리 기준서.pptx),조도관리 2.xlsx [08_SQ심사] (기존 서류\황지환\과장님이 주신거\SQ\조도관리 2.xlsx),SQ안은 '신규 작성 필요'인데 비슷한 기존 자료가 있음 — 재사용 가능 여부 확인
216,6. 품질경영체제,6-9,조도측정 LAY-OUT,SH-FM-338,기존 절차 연계,,같은 SQ 번호 폴더에 자료만 있음,0.17,2,3정5S 추진 방향 25년도.ppt [08_SQ심사] (SQ 심사 관련서류\6-9 3정5행 평가 개정본\3정5행 관련서류\3정5S 추진 방향 25년도.ppt),3정5행 실적.xls.xlsx [08_SQ심사] (SQ 심사 관련서류\6-9 3정5행 평가 개정본\3정5행 관련서류\3정5행 실적.xls.xlsx),,
217,6. 품질경영체제,6-9,조도측정부 현장내 식별,SH-FM-339,신규 작성 필요,,같은 SQ 번호 폴더에 자료만 있음,0.17,2,3정5S 추진 방향 25년도.ppt [08_SQ심사] (SQ 심사 관련서류\6-9 3정5행 평가 개정본\3정5행 관련서류\3정5S 추진 방향 25년도.ppt),3정5행 실적.xls.xlsx [08_SQ심사] (SQ 심사 관련서류\6-9 3정5행 평가 개정본\3정5행 관련서류\3정5행 실적.xls.xlsx),,
218,6. 품질경영체제,6-9,조도측정 실적,SH-FM-340,신규 작성 필요,,같은 SQ 번호 폴더에 자료만 있음,0.15,2,3정5행 실적.xls.xlsx [08_SQ심사] (SQ 심사 관련서류\6-9 3정5행 평가 개정본\3정5행 관련서류\3정5행 실적.xls.xlsx),3정5S 추진 방향 25년도.ppt [08_SQ심사] (SQ 심사 관련서류\6-9 3정5행 평가 개정본\3정5행 관련서류\3정5S 추진 방향 25년도.ppt),,
219,6. 품질경영체제,6-10,3정5행관리 기준서,SH-FM-341,기존 절차 연계,,후보(사람 확인),0.53,4,부자재 관리 기준서.pptx [08_SQ심사] (SQ 심사 관련서류\2.-2 수입검사 누락방지 절차 수립\부자재 관리 기준서.pptx),재작업 업무 관리 기준.ppt [08_SQ심사] (SQ 심사 관련서류\6-10  재작업 업무 서류\재작업 업무 관리 기준.ppt),작동유 관리 기준.xlsx [08_SQ심사] (SQ 심사 관련서류\3-2  설비 관련 서류\용접 설비\작동유 관리 기준.xlsx),
220,6. 품질경영체제,6-10,3정5행 점검 구역별 책임자 선정,SH-FM-342,기존 절차 연계,,같은 SQ 번호 폴더에 자료만 있음,0.29,4,재작업 업무 관리 기준.ppt [08_SQ심사] (SQ 심사 관련서류\6-10  재작업 업무 서류\재작업 업무 관리 기준.ppt),재작업 업무일지.xls [08_SQ심사] (SQ 심사 관련서류\6-10  재작업 업무 서류\재작업 업무일지.xls),재작업 요령서.xls [08_SQ심사] (SQ 심사 관련서류\6-10  재작업 업무 서류\재작업 요령서.xls),
221,6. 품질경영체제,6-10,3정5행점검 체크시트,SH-FM-343,신규 작성 필요,,후보(사람 확인),0.50,4,체크시트.xlsx [08_SQ심사] (SQ 심사 관련서류\1-2 설비 재가동 업무 처리 기준\체크시트.xlsx),정성품질 체크시트.pdf [08_SQ심사] (SQ 심사 관련서류\지빠귀\정성품질\정성품질 활동 작성본\정성품질 체크시트.pdf),정성품질 체크시트.xls [08_SQ심사] (SQ 심사 관련서류\지빠귀\정성품질\정성품질 활동 작성본\정성품질 체크시트.xls),SQ안은 '신규 작성 필요'인데 비슷한 기존 자료가 있음 — 재사용 가능 여부 확인
222,6. 품질경영체제,6-10,3정5행 점검 결과 개선대책,SH-FM-344,기존 절차 연계,,같은 SQ 번호 폴더에 자료만 있음,0.32,4,재작업 업무 관리 기준.ppt [08_SQ심사] (SQ 심사 관련서류\6-10  재작업 업무 서류\재작업 업무 관리 기준.ppt),재작업 업무일지.xls [08_SQ심사] (SQ 심사 관련서류\6-10  재작업 업무 서류\재작업 업무일지.xls),재작업 요령서.xls [08_SQ심사] (SQ 심사 관련서류\6-10  재작업 업무 서류\재작업 요령서.xls),
223,6. 품질경영체제,6-10,3정5행개선사례 현황판,SH-FM-345,신규 작성 필요,,같은 SQ 번호 폴더에 자료만 있음,0.33,4,재작업 업무 관리 기준.ppt [08_SQ심사] (SQ 심사 관련서류\6-10  재작업 업무 서류\재작업 업무 관리 기준.ppt),재작업 업무일지.xls [08_SQ심사] (SQ 심사 관련서류\6-10  재작업 업무 서류\재작업 업무일지.xls),재작업 요령서.xls [08_SQ심사] (SQ 심사 관련서류\6-10  재작업 업무 서류\재작업 요령서.xls),
224,6. 품질경영체제,6-11,품질종합현황판 제작설치,SH-FM-346,신규 작성 필요,,자료 없음,0.21,0,,,,
225,6. 품질경영체제,6-11,공정별 주요문제점 각공정별 비치,SH-FM-347,기존 절차 연계,,자료 없음,0.06,0,,,,'기존 절차 연계'로 표시됐으나 E 드라이브 1차 범위에서 자료를 찾지 못함
226,6. 품질경영체제,6-11,중점관리POINT 선정 운영,SH-FM-348,신규 작성 필요,,자료 없음,0.27,0,,,,
227,6. 품질경영체제,6-12,재작업엄무처리 기준서,SH-FM-349,기존 절차 연계,,후보(사람 확인),0.47,0,재작업 업무 관리 기준.ppt [08_SQ심사] (SQ 심사 관련서류\6-10  재작업 업무 서류\재작업 업무 관리 기준.ppt),설비 재가동 업무처리 기준.ppt [08_SQ심사] (SQ 심사 관련서류\1-2 설비 재가동 업무 처리 기준\설비 재가동 업무처리 기준.ppt),부자재 관리 기준서.pptx [08_SQ심사] (SQ 심사 관련서류\2.-2 수입검사 누락방지 절차 수립\부자재 관리 기준서.pptx),
228,6. 품질경영체제,6-12,재작업품 작업공간 장소지정(공구확보),SH-FM-350,기존 절차 연계,,자료 없음,0.27,0,,,,'기존 절차 연계'로 표시됐으나 E 드라이브 1차 범위에서 자료를 찾지 못함
229,6. 품질경영체제,6-12,재작업품 MASTER LIST,SH-FM-351,기존 절차 연계,,후보(사람 확인),0.40,0,00_MASTER_README.txt [00_QMS문서] (신화에이치앤티 SQ인증심사 참고본\SHINHWA_IATF_QMS_01-53단계_IATF16949_전체통합_MASTER_문서패키지\00_MASTER_README.txt),SHINHWA_QMS_최종_MasterList_통합추적Matrix_Rev00.xlsx [00_QMS문서] (작성중\QMS 통합 문서 Master List + 인증심사 준비 체크리스트 Rev.00\SHINHWA_QMS_최종_MasterList_통합추적Matrix_Rev00.xlsx),SHINHWA_QMS_통합문서_MasterList_인증심사체크리스트_Rev00.xlsx [00_QMS문서] (신화에이치앤티 SQ인증심사 참고본\SHINHWA_IATF_QMS_06-53단계_전체통합_문서패키지\SHINHWA_IATF_QMS_06-53단계_통합패키지\40-53_승인대기_FINAL전환_인증심사준비\SHINHWA_QMS_통합문서_MasterList_인증심사체크리스트_Rev00.xlsx),
230,6. 품질경영체제,6-12,재작업품 검사기준및 검사실적,SH-FM-352,기존 절차 연계,보류(담당자 확인 필요),자료 없음,0.32,0,,,,'기존 절차 연계'로 표시됐으나 E 드라이브 1차 범위에서 자료를 찾지 못함
231,6. 품질경영체제,6-12,재작업품 부품식별표,SH-FM-353,기존 절차 연계,,자료 없음,0.31,0,,,,'기존 절차 연계'로 표시됐으나 E 드라이브 1차 범위에서 자료를 찾지 못함
232,6. 품질경영체제,6-12,재작업품 출하 고객승인본,SH-FM-354,기존 절차 연계,,자료 없음,0.27,0,,,,'기존 절차 연계'로 표시됐으나 E 드라이브 1차 범위에서 자료를 찾지 못함
233,6. 품질경영체제,6-12,용접교육장설치,SH-FM-355,기존 절차 연계,,자료 없음,0.18,0,,,,'기존 절차 연계'로 표시됐으나 E 드라이브 1차 범위에서 자료를 찾지 못함
234,6. 품질경영체제,6-12,자격인증내 실기평가보고서첨부,SH-FM-356,기존 절차 연계,,자료 없음,0.30,0,,,,'기존 절차 연계'로 표시됐으나 E 드라이브 1차 범위에서 자료를 찾지 못함
235,6. 품질경영체제,6-13,정성품질향상가이드,SH-FM-357,신규 작성 필요,,후보(사람 확인),0.53,4,정성품질 향상활동(이상조치).pptx [08_SQ심사] (SQ 심사 관련서류\지빠귀\정성품질\정성품질 관련자료\작성제출본 230223\협력사 정성품질 향상활동 계획서\정성품질 향상활동(이상조치).pptx),정성품질 향상활동(작업실시).pptx [08_SQ심사] (SQ 심사 관련서류\지빠귀\정성품질\정성품질 관련자료\작성제출본 230223\협력사 정성품질 향상활동 계획서\정성품질 향상활동(작업실시).pptx),정성품질 향상활동(작업준비).pptx [08_SQ심사] (SQ 심사 관련서류\지빠귀\정성품질\정성품질 관련자료\작성제출본 230223\협력사 정성품질 향상활동 계획서\정성품질 향상활동(작업준비).pptx),SQ안은 '신규 작성 필요'인데 비슷한 기존 자료가 있음 — 재사용 가능 여부 확인
236,6. 품질경영체제,6-13,정성품질 조직도 (키맨선정),SH-FM-358,신규 작성 필요,,후보(사람 확인),0.55,4,정성품질 6차.7z [08_SQ심사] (SQ 심사 관련서류\지빠귀\정성품질\정성품질 관련자료\정성품질 가이드(우수사례)\정성품질 6차.7z),정성품질 추진 조직도_Rev 0.1.pptx [08_SQ심사] (SQ 심사 관련서류\지빠귀\정성품질\정성품질 추진 조직도_Rev 0.1.pptx),■정성품질접수대장 _26년.xlsx [08_SQ심사] (SQ 심사 관련서류\6-13 정성품질\■정성품질접수대장 _26년.xlsx),SQ안은 '신규 작성 필요'인데 비슷한 기존 자료가 있음 — 재사용 가능 여부 확인
237,6. 품질경영체제,6-13,정성품질 체크시트,SH-FM-359,신규 작성 필요,,이름 일치,1.00,4,정성품질 체크시트_260608.xlsx [08_SQ심사] (SQ 심사 관련서류\6-13 정성품질\정성품질 체크시트_260608.xlsx),정성품질 체크시트 년간 점검 결과 230626.xlsx [08_SQ심사] (SQ 심사 관련서류\지빠귀\정성품질\정성품질 활동 작성본\정성품질 체크시트 년간 점검 결과 230626.xlsx),정성품질 체크시트 지적사항 20230615.pptx [08_SQ심사] (SQ 심사 관련서류\지빠귀\정성품질\정성품질 활동 작성본\정성품질 체크시트 지적사항 20230615.pptx),SQ안은 '신규 작성 필요'인데 비슷한 기존 자료가 있음 — 재사용 가능 여부 확인
238,6. 품질경영체제,6-13,정성품질 개선추진보고서,SH-FM-360,신규 작성 필요,,후보(사람 확인),0.47,4,정성품질개요-V1.pptx [08_SQ심사] (SQ 심사 관련서류\지빠귀\정성품질\정성품질 관련자료\정성품질 추진관련(원본)\정성품질개요-V1.pptx),■정성품질접수대장 _26년.xlsx [08_SQ심사] (SQ 심사 관련서류\6-13 정성품질\■정성품질접수대장 _26년.xlsx),정성품질 체크시트_260608.xlsx [08_SQ심사] (SQ 심사 관련서류\6-13 정성품질\정성품질 체크시트_260608.xlsx),SQ안은 '신규 작성 필요'인데 비슷한 기존 자료가 있음 — 재사용 가능 여부 확인
239,6. 품질경영체제,6-13,정성품질 포상제도 시행안 보고서,SH-FM-361,기존 절차 연계,,후보(사람 확인),0.26,4,■정성품질접수대장 _26년.xlsx [08_SQ심사] (SQ 심사 관련서류\6-13 정성품질\■정성품질접수대장 _26년.xlsx),정성품질 6차.7z [08_SQ심사] (SQ 심사 관련서류\지빠귀\정성품질\정성품질 관련자료\정성품질 가이드(우수사례)\정성품질 6차.7z),정성품질 통신문.pdf [08_SQ심사] (SQ 심사 관련서류\지빠귀\정성품질\정성품질 통신문(포레시아)\정성품질 통신문.pdf),
240,6. 품질경영체제,6-13,정성품질 포상실행 품의서,SH-FM-362,신규 작성 필요,,후보(사람 확인),0.30,4,■정성품질접수대장 _26년.xlsx [08_SQ심사] (SQ 심사 관련서류\6-13 정성품질\■정성품질접수대장 _26년.xlsx),정성품질 체크시트_260608.xlsx [08_SQ심사] (SQ 심사 관련서류\6-13 정성품질\정성품질 체크시트_260608.xlsx),정성품질 6차.7z [08_SQ심사] (SQ 심사 관련서류\지빠귀\정성품질\정성품질 관련자료\정성품질 가이드(우수사례)\정성품질 6차.7z),SQ안은 '신규 작성 필요'인데 비슷한 기존 자료가 있음 — 재사용 가능 여부 확인
