정식 SH-FM 번호,양식명,결정,대표/기존 번호,근거,결정일,결정자
SH-FM-173,계측기관리대장,통합 확정,SH-FM-023,"양식명이 동일(계측기관리대장), 연계 QP도 동일 계열 — 기존 SH-FM-023 사용, 173 사용 안 함",2026-10-02,사용자 지시
SH-FM-126,설비일상점검표,통합 확정,SH-FM-101,SH-FM-101 '설비 일상점검 및 고장이력'과 같은 일상점검 기록. 101 에 점검구분/교대 칸이 있음,2026-10-02,사용자 지시
SH-FM-141,야간설비일상점검표,통합 확정,SH-FM-101,야간은 101 의 교대 구분으로 기록 가능. 야간 전용 서식을 고객이 요구하면 별도 유지,2026-10-02,사용자 지시
SH-FM-269,장기재고점검체크시트,통합 확정,SH-FM-118,SH-FM-118 '장기재고·유효기간 점검기록'과 같은 목적,2026-10-02,사용자 지시
SH-FM-163,외주품 검사협정서,통합 확정,SH-FM-056,외주품 검사협정서를 SH-FM-056 수입품검사협정서로 통합(사용자 결정). 협정서 구분 항목은 056 에서 외주품·수입품으로 구분,2026-10-06,사용자 지시
SH-FM-237,금형이력카드,통합 확정,SH-FM-103,"금형이력카드를 SH-FM-103 금형·치공구 관리이력으로 통합, 금형별로 복제해 사용(사용자 결정)",2026-10-06,사용자 지시
SH-FM-307,정기검사실적,통합 확정,SH-FM-034,정기검사실적을 SH-FM-034 공정검사로 통합(사용자 결정). SQ 6-3 요구 원문 확인 시 재검토 필요,2026-10-06,사용자 지시
SH-FM-352,재작업품 검사기준 및 검사실적,통합 확정,SH-QP-018·SH-WI-018 / SH-FM-037,"재작업품 기준은 SH-QP-018(6 식별 이상)·SH-WI-018, 실적은 SH-FM-037 로 연결(사용자 결정)",2026-10-06,사용자 지시
SH-FM-134,설비일상점검표 현지어 번역본,통합 확정,SH-FM-101(언어 표기),설비일상점검표 번역본은 SH-FM-101 에 언어 표기(현지어판)로 관리(사용자 결정). 양식명·요구 내용 불일치는 SQ 원문 확인 필요,2026-10-06,사용자 지시
SH-FM-133,작업표준서 현지어번역본,통합 확정,원본 WI 번호(언어 표기),작업표준서 현지어 번역본은 원본 WI 번호에 언어 표기(현지어판)로 관리(사용자 결정),2026-10-06,사용자 지시
SH-FM-123,P-FMEA,별도 유지,(APQP),APQP P-FMEA 를 '표준류와 실제 공정 일치성 확인 기록'으로 정의해 FM 번호 유지(사용자 결정),2026-10-06,사용자 지시
SH-FM-124,관리계획서,별도 유지,(APQP),관리계획서를 '검사기준과 실제 업무절차 일치성 확인 기록'으로 정의해 FM 번호 유지(사용자 결정),2026-10-06,사용자 지시
SH-FM-125,작업표준서,별도 유지,(WI),작업표준서를 '공정 FMEA 와 주요 품질 문서 연계 상태 확인 기록'으로 정의해 FM 번호 유지(사용자 결정),2026-10-06,사용자 지시
SH-FM-330,부적합품 보관함,비문서 처리,SH-FM-071 (점검 기록 흡수),"부적합품 보관함은 현물로 관리하고 '발생수량 대 수거량 점검 이력'은 SH-FM-071 부적합품 관리대장에 수거량·차이 열을 추가해 기록(사용자 결정 2026-10-06, 이전 'SH-FM-036 연결' 결정 대체, 번호는 삭제하지 않음). 초안 03_EDIT/AUTO_DRAFT/SH-FM-071_부적합품관리대장_Rev00_DRAFT.xlsx",2026-10-06,사용자 지시
SH-FM-178,검사구관리대장,별도 유지(제안),,SH-FM-059 '구매품추적관리대장'과 무관(이름 유사도만 높음),,
SH-FM-207,설비일상점검기준서,별도 유지(제안),,기준서(문서) — SH-FM-101 은 기록 양식,,
SH-FM-213,설비관리대장,별도 유지(제안),,SH-FM-026 'CSR관리대장'과 무관,,
SH-FM-236,금형관리대장,별도 유지(제안),,"SH-FM-026 'CSR관리대장'과 무관(단, SH-FM-103 과의 관계는 SH-FM-237 항목에서 확인)",,
SH-FM-255,작업일보,통합 확정,SH-FM-145,같은 서류명이 SQ 여러 요구사항에 반복 — 대표번호 SH-FM-145 하나로 통합하고 요구사항은 같은 양식을 참조,2026-10-02,사용자 지시
SH-FM-257,작업일보,통합 확정,SH-FM-145,같은 서류명이 SQ 여러 요구사항에 반복 — 대표번호 SH-FM-145 하나로 통합하고 요구사항은 같은 양식을 참조,2026-10-02,사용자 지시
SH-FM-191,자주검사체크시트,통합 확정,SH-FM-188,같은 서류명이 SQ 여러 요구사항에 반복 — 대표번호 SH-FM-188 하나로 통합하고 요구사항은 같은 양식을 참조,2026-10-02,사용자 지시
SH-FM-202,용접로보트별 용접POINT 관리표준,통합 확정,SH-FM-201,같은 서류명이 SQ 여러 요구사항에 반복 — 대표번호 SH-FM-201 하나로 통합하고 요구사항은 같은 양식을 참조,2026-10-02,사용자 지시
SH-FM-226,설비정기점검 계획대실적표,통합 확정,SH-FM-211,같은 서류명이 SQ 여러 요구사항에 반복 — 대표번호 SH-FM-211 하나로 통합하고 요구사항은 같은 양식을 참조,2026-10-02,사용자 지시
SH-FM-227,설비정기점검 실적,통합 확정,SH-FM-212,같은 서류명이 SQ 여러 요구사항에 반복 — 대표번호 SH-FM-212 하나로 통합하고 요구사항은 같은 양식을 참조,2026-10-02,사용자 지시
SH-FM-228,CO2용접원점확인장치,통합 확정,SH-FM-222,같은 서류명이 SQ 여러 요구사항에 반복 — 대표번호 SH-FM-222 하나로 통합하고 요구사항은 같은 양식을 참조,2026-10-02,사용자 지시
SH-FM-229,스폿로봇 원점확인장치,통합 확정,SH-FM-223,같은 서류명이 SQ 여러 요구사항에 반복 — 대표번호 SH-FM-223 하나로 통합하고 요구사항은 같은 양식을 참조,2026-10-02,사용자 지시
SH-FM-258,부품식별표,통합 확정,SH-FM-256,같은 서류명이 SQ 여러 요구사항에 반복 — 대표번호 SH-FM-256 하나로 통합하고 요구사항은 같은 양식을 참조,2026-10-02,사용자 지시
SH-FM-273,부품식별표,통합 확정,SH-FM-256,같은 서류명이 SQ 여러 요구사항에 반복 — 대표번호 SH-FM-256 하나로 통합하고 요구사항은 같은 양식을 참조,2026-10-02,사용자 지시
SH-FM-280,부품식별표,통합 확정,SH-FM-256,같은 서류명이 SQ 여러 요구사항에 반복 — 대표번호 SH-FM-256 하나로 통합하고 요구사항은 같은 양식을 참조,2026-10-02,사용자 지시
SH-FM-277,원자재식별표,통합 확정,SH-FM-159,같은 서류명(원자재식별표) — 대표번호를 SH-FM-159 로 정정(2026-10-07 사용자 지시; 이전 대표 267 대체),2026-10-07,사용자 지시
SH-FM-278,장기재고보관관리기준서,통합 확정,SH-FM-268,같은 서류명이 SQ 여러 요구사항에 반복 — 대표번호 SH-FM-268 하나로 통합하고 요구사항은 같은 양식을 참조,2026-10-02,사용자 지시
SH-FM-279,장기재고식별표,통합 확정,SH-FM-270,같은 서류명이 SQ 여러 요구사항에 반복 — 대표번호 SH-FM-270 하나로 통합하고 요구사항은 같은 양식을 참조,2026-10-02,사용자 지시
SH-FM-262,LOT관리기준서,통합 확정,SH-QP-018 개정(편입),"LOT관리기준서가 SH-QP-018 개정에 편입됨 — 연계는 SH-QP-018·SH-WI-005 로 정정, 별도 양식 없이 통합(번호는 삭제하지 않음). 02_REVIEW/SH-FM-262_연계WI_확인_20261006.md",2026-10-06,사용자 지시
SH-FM-267,원자재식별표,통합 확정,SH-FM-159,"양식명 동일(원자재식별표, 원문 '.원자재식별표') — 대표번호 SH-FM-159 사용, 267 사용 안 함",2026-10-07,사용자 지시
SH-FM-164,외주품 검사기준서,통합 확정,SH-FM-160,"같은 외주품 검사기준서(연계 SH-QP-013·SQ 2-2 동일) — 대표번호 SH-FM-160 사용, 164 사용 안 함",2026-10-07,사용자 지시
SH-FM-135,작업일보 현지어 번역본,통합 확정,SH-FM-145,작업일보 현지어 번역본은 원본 SH-FM-145 에 언어 표기(현지어판)로 관리(사용자 지시),2026-10-07,사용자 지시
SH-FM-137,외관검사기준 현지어번역본,통합 확정,SH-FM-168,외관검사기준 현지어 번역본은 원본 SH-FM-168(외관검사기준서)에 언어 표기(현지어판)로 관리(사용자 지시),2026-10-07,사용자 지시
SH-FM-136,부적합처리기준 현지어번역본,통합 확정,원본 부적합처리기준 문서(번호 확인 필요),"부적합처리기준 현지어 번역본은 원본에 언어 표기(현지어판)로 관리 — 원본 번호 미확정(SH-QP-014 연계, SH-FM-162·329 등 후보), 확인 필요(사용자 지시)",2026-10-07,사용자 지시
SH-FM-146,(작업일보내작업조건필히기록),통합 확정,SH-FM-145,작업일보 내 작업조건 필히 기록은 별도 양식 없이 작업일보 SH-FM-145 에 항목으로 포함(사용자 지시),2026-10-07,사용자 지시
