정식 SH-FM 번호,양식명,SQ NO·구분,담당 부서/담당자/목표월/연계,SQ 요구 내용(FM Master 기능란),비교 대상,판단 쟁점,선택지,참고 의견(결정 아님),기존 자료 현황(파일명 비교),담당자 결정(A/B/기타),결정일,결정자
SH-FM-163,외주품 검사협정서,41 · 2. 검사시험 2-2,"품질팀 / 이광재 (목표 2026-09, 신규 작성 필요)",(요구 내용 기재 없음),"SH-FM-056 수입품검사협정서 (Rev.00, 기준선 확정·기존근거확인, 부서 미기재)",외주품과 수입품 협정서를 같은 양식으로 쓰는지,A 통합: SH-FM-056 을 사용하고 163 은 '통합(사용 안 함)' / B 별도 유지: 외주품용 양식을 따로 작성,"같은 양식(구분 항목만 다름)이면 A, 협정 항목이 다르면 B. 같은 SQ 폴더(2-2)에 '검사기준서, 협정서 양식.xlsx' 등 자료가 33개 있어 현행 양식을 확인할 수 있음",후보(사람 확인): 협정서 양식 자료가 같은 번호 폴더에 33개,,,
SH-FM-237,금형이력카드,115 · 4. 금형관리 4-1,"생산팀 / 지성규 (목표 2026-11, 기존 절차 연계 SH-WI-008)",(요구 내용 기재 없음),"SH-FM-103 금형·치공구 관리이력 (Rev.03 ACTIVE·승인완료, 식별번호·수명·교환·초품확인, 설비관리 담당부서)",카드(금형 1개당)와 이력(전체)을 구분해서 쓰는지,A 통합: SH-FM-103 을 금형별로 복제해 사용하고 237 은 '통합(사용 안 함)' / B 별도 유지: 금형 1개당 카드 양식을 따로 작성,SH-FM-103 은 이미 승인·릴리스된 양식이고 시트를 건별로 복제해 쓰는 구조라 금형별 사용이 가능해 보임. 이미 쓰는 '카드'가 있다면 그 양식 확인 필요,후보 1건은 '계측기이력카드'로 금형 자료가 아닐 수 있음(이름만 비교한 결과),,,
SH-FM-307,정기검사실적,185 · 6. 품질경영체제 6-3,"품질팀 / 이광재 (목표 2026-09, 신규 작성 필요)",(요구 내용 기재 없음),"SH-FM-034 공정검사 (Rev.00, 원본양식명 확인·Master 승인대기, 연계 SH-QP-011)",'정기검사'가 공정검사와 같은 기록인지. 같은 번호(6-3) 폴더의 자료는 '도면 일치성 관리 기준서'라서 요구가 도면 일치성 정기 점검일 수도 있음,A 통합: SH-FM-034 사용 / B 별도 유지: 정기검사(도면 일치성 등) 실적 양식을 따로 작성,SQ 6-3 요구사항 원문(무엇을 정기적으로 검사해 남기라는 것인지)을 먼저 확인해야 판단 가능,"같은 SQ 번호 폴더에 자료만 있음(도면일치성 관리기준 2건), 이름 일치 없음",,,
SH-FM-352,재작업품 검사기준 및 검사실적,230 · 6. 품질경영체제 6-12,"생산팀 / 지성규 (목표 2026-12, 기존 절차 연계 SH-QP-018, SH-WI-018)",REWORK 전/후 부품의 식별 관리기준 및 준수상태,"SH-FM-037 재작업검사이력 (Rev.00, 원본양식명 확인·Master 승인대기)",기준서(문서)와 실적(기록)이 한 항목에 섞여 있음. 요구는 '식별 관리기준 및 준수상태',"A 분리·통합: 기준은 SH-QP-018(6 식별 이상: 재작업·특채품도 원 LOT 와 처리이력 유지)·SH-WI-018 로, 실적은 SH-FM-037 로 연결하고 352 는 '통합(사용 안 함)' / B 별도 유지: 기준+실적 양식 신규 작성",이번 SH-QP-018 개정에 재작업품 LOT 연결 유지 규정이 이미 있어 기준 부분은 해결 가능. 실적은 SH-FM-037 양식 내용 확인 필요,자료 없음(대응표),,,
SH-FM-134,설비일상점검표 현지어 번역본,12 · 1. 생산조건관리 1-3,"생산팀 / (담당자 미기재) (목표 2026-12, 기존 절차 연계 SH-WI-004)",부적합 처리절차 및 중요 품질문제 개선 사례 등 품질의식 강화 목적 표준류 번역 게시(추가 관리 시 우수),SH-FM-101 설비 일상점검 및 고장이력 (Rev.03 ACTIVE·승인완료),번역본에 별도 번호가 필요한지. 양식명(설비일상점검표 번역본)과 요구 내용(부적합 처리절차 번역 게시)이 어긋나 보임 — SQ 시트 원문 확인 필요,A 통합: 원본 번호 사용 + 번역본은 언어 표기(예: SH-FM-101 현지어판)로 관리하고 134 는 '통합(사용 안 함)' / B 별도 유지: 번역본에도 별도 번호,번역본은 같은 양식의 언어 판으로 보고 별도 번호를 쓰지 않는 방식이 문서 수를 줄임. 단 요구 내용이 번역 대상 문서(부적합 처리절차 등)를 가리키면 번역할 문서 목록부터 정해야 함. 담당자 미기재,후보(사람 확인): 1동 설비일상점검 등 3건(번역본 아님),,,
SH-FM-133,작업표준서 현지어번역본,11 · 1. 생산조건관리 1-3,"생산팀 / 지성규 (목표 2026-12, 기존 절차 연계 SH-WI-004)","작업표준서, 설비일상점검 기준표, 작업일보 등 외국인 배치공정 표준류 현지어 번역 게시상태","SH-WI 계열 작업표준서 (예: SH-WI-004, 문서번호 체계상 WI)",번역본에 별도 번호가 필요한지,A 통합: 원본 WI 번호에 언어 표기를 붙여 관리하고 133 은 '통합(사용 안 함)' / B 별도 유지,SH-FM-134 와 같은 방식으로 결정하는 것이 일관됨. 기존 자료에 '…작업표준서-현지어.xlsx' 같은 번역본이 이미 있어 현황 확인 가능,후보(사람 확인): JLR D8 작업표준서-현지어 등 3건,,,
SH-FM-123,P-FMEA,1 · 1. 생산조건관리 1-1,"품질팀 / 이광재 (목표 2026-11, 기존 절차 연계 SH-QP-010, SH-WI-004)","표준류(관리계획서, 작업표준서, 설비일상점검표 등)와 실제 공정 일치성 확인[관리 분담 등]","SH-FM-048 PFMEA작성검토표 (검토표, 별개) / APQP 산출물 번호 체계","P-FMEA 는 기록 양식이 아니라 문서 자체(APQP 산출물). FM 번호로 관리할지, APQP 문서 번호로 관리할지",A 통합(번호 보류): FM 번호는 쓰지 않고 APQP 산출물(P-FMEA)을 증빙으로 참조 / B FM 번호 유지: 표준류와 실제 공정의 '일치성 확인 기록'으로 정의,"SQ 요구 내용이 '일치성 확인'이라 필요한 것은 확인 기록일 수 있음. 문서 자체는 APQP 번호로, 일치성 확인은 별도 점검 기록(또는 SH-FM-113 공정감사 등 기존 양식)으로 나누는 방법도 있음",이름 일치: 신화 APQP·PPAP·PFMEA·CP 통합 파일 등 (내용 확인 필요),,,
SH-FM-124,관리계획서,2 · 1. 생산조건관리 1-1,"품질팀 / 이광재 (목표 2026-11, 기존 절차 연계 SH-WI-022)",고객과 협의된 검사협정서/검사기준서 기준과 실제 업무절차 일치성,"SH-FM-049 관리계획서검토표 (검토표, 별개) / APQP 산출물 번호 체계",관리계획서도 문서 자체(APQP). FM 번호 vs APQP 문서 번호,A 통합(번호 보류): APQP 관리계획서를 증빙으로 참조 / B FM 번호 유지: 일치성 확인 기록으로 정의,SH-FM-123 과 같은 방식으로 결정하면 일관됨,이름 일치: 관리계획서 파일 다수(고객사별),,,
SH-FM-125,작업표준서,3 · 1. 생산조건관리 1-1,"생산팀 / 지성규 (목표 2026-12, 기존 절차 연계 SH-QP-010)",공정 FMEA 작성 및 주요 품질 문서 내용과 연계 상태 확인,"SH-FM-050 작업표준서승인대장 (대장, 별개) / SH-WI 번호 체계",작업표준서는 SH-WI 로 관리하는 문서 자체. FM 번호가 필요한지,A 통합(번호 보류): 작업표준서는 SH-WI 번호로 관리하고 FM 번호는 쓰지 않음 / B FM 번호 유지: 연계 상태 확인 기록으로 정의,SH-FM-123·124 와 같은 방식으로 정하는 것이 일관됨,이름 일치: 현장 작업표준서 다수,,,
SH-FM-330,부적합품 보관함,208 · 6. 품질경영체제 6-7,"품질팀 / 이광재 (목표 2026-10, 신규 작성 필요)",생산 중 부적합품 발생 수량과 실제 수거량 비교를 통한 부적합품 후공정 유출 발생 여부 점검 활동[점검 이력 보관],"SH-FM-036 부적합품보고 (Rev.00, 원본양식명 확인·Master 승인대기, 별개)",보관함은 물건(비문서)처럼 보이지만 요구는 '점검 이력 보관'이라 점검 기록이 필요함,A 비문서 처리: 보관함은 현물로 관리하고 점검 기록은 별도 양식 또는 기존 양식으로 연결 / B 신규 양식: '부적합품 발생수량 대 수거량 점검 기록'으로 이름·내용을 바꿔 정의,요구 내용상 A 만으로는 점검 이력 증빙이 부족할 수 있어 B(양식명을 점검 기록으로 정정)를 검토할 가치가 있음. 번호는 바꾸지 않고 양식명만 조정,후보(사람 확인): 부적합품 처리 절차·FLOW 자료(보관함 점검 기록 아님),,,
