NO,구분,번호,우선순위,필요서류,SQ안 FM번호,번호체계,번호 중복,"유사 기존 양식 후보(제안, 확정 아님)",작성구분,담당부서,목표완료월,연계 QP/WI,대장에 없는 연계 QP/WI
1,1. 생산조건관리,1-1,보통,P-FMEA,SH-FM-123,공식(SH-FM-NNN),,SH-FM-048 PFMEA작성검토표 (0.67),기존 절차 연계,품질팀,2026-11,"SH-QP-010, SH-WI-004",
2,1. 생산조건관리,1-1,보통,관리계획서,SH-FM-124,공식(SH-FM-NNN),,SH-FM-049 관리계획서검토표 (0.77),기존 절차 연계,품질팀,2026-11,SH-WI-022,
3,1. 생산조건관리,1-1,보통,작업표준서,SH-FM-125,공식(SH-FM-NNN),,SH-FM-050 작업표준서승인대장 (0.71),기존 절차 연계,생산팀,2026-12,SH-QP-010,
4,1. 생산조건관리,1-1,보통,설비일상점검표,SH-FM-126,공식(SH-FM-NNN),,SH-FM-101 설비 일상점검 및 고장이력 (0.67),기존 절차 연계,생산팀,2026-12,SH-WI-004,
5,1. 생산조건관리,1-1,보통,고객승인 검사협정 / ISIR 서류,SH-FM-127,공식(SH-FM-NNN),,,기존 절차 연계,품질팀,2026-11,"SH-QP-010, SH-QP-025",
6,1. 생산조건관리,1-2,보통,설비재가동업무 프로세스,SH-FM-128,공식(SH-FM-NNN),,,기존 절차 연계,생산팀,2026-12,SH-QP-025,
7,1. 생산조건관리,1-2,보통,(계획/비계획정지 기준 명확화),SH-FM-129,공식(SH-FM-NNN),,,기존 절차 연계,(부서 미정),2026-12,"SH-WI-020, SH-WI-025",
8,1. 생산조건관리,1-2,보통,설비가동중단 LIST (설비이력카드 연계),SH-FM-130,공식(SH-FM-NNN),,,기존 절차 연계,생산팀,2026-12,"SH-WI-016, SH-WI-020",
9,1. 생산조건관리,1-2,보통,재가동 초품 검사 체크시트,SH-FM-131,공식(SH-FM-NNN),,,기존 절차 연계,품질팀,2026-11,SH-WI-020,
10,1. 생산조건관리,1-2,보통,재가동 초도생산품 LOT식별관리 기준서,SH-FM-132,공식(SH-FM-NNN),,,기존 절차 연계,생산팀,2026-12,"SH-QP-018, SH-WI-005",
11,1. 생산조건관리,1-3,낮음,작업표준서 현지어번역본,SH-FM-133,공식(SH-FM-NNN),,,기존 절차 연계,생산팀,2026-12,SH-WI-004,
12,1. 생산조건관리,1-3,낮음,설비일상점검표 현지어 번역본,SH-FM-134,공식(SH-FM-NNN),,,기존 절차 연계,생산팀,2026-12,SH-WI-004,
13,1. 생산조건관리,1-3,낮음,작업일보 현지어 번역본,SH-FM-135,공식(SH-FM-NNN),,,신규 작성 필요,생산팀,2026-10,,
14,1. 생산조건관리,1-3,낮음,부적합처리기준 현지어번역본,SH-FM-136,공식(SH-FM-NNN),,,기존 절차 연계,품질팀,2026-10,SH-QP-014,
15,1. 생산조건관리,1-3,낮음,외관검사기준 현지어번역본,SH-FM-137,공식(SH-FM-NNN),,,기존 절차 연계,품질팀,2026-10,SH-WI-030,
16,1. 생산조건관리,1-4,보통,품질취약시간관리기준서,SH-FM-138,공식(SH-FM-NNN),,,신규 작성 필요,생산팀,2026-10,,
17,1. 생산조건관리,1-4,보통,비상연락망,SH-FM-139,공식(SH-FM-NNN),,,기존 절차 연계,생산팀,2026-12,SH-QP-020,
18,1. 생산조건관리,1-4,보통,주야간업무 인수인계서,SH-FM-140,공식(SH-FM-NNN),,,기존 절차 연계,생산팀,2026-12,SH-WI-015,
19,1. 생산조건관리,1-4,보통,야간설비일상점검표,SH-FM-141,공식(SH-FM-NNN),,SH-FM-101 설비 일상점검 및 고장이력 (0.60),기존 절차 연계,생산팀,2026-12,SH-WI-004,
20,1. 생산조건관리,1-4,보통,야간생산품 식별격리절차,SH-FM-142,공식(SH-FM-NNN),,,기존 절차 연계,품질팀,2026-11,SH-WI-003,
21,1. 생산조건관리,1-4,보통,야간생산품 검사일지,SH-FM-143,공식(SH-FM-NNN),,,신규 작성 필요,품질팀,2026-09,,
22,1. 생산조건관리,1-5,높음,작업표준서 OR 작업조건표,SH-FM-144,공식(SH-FM-NNN),,,기존 절차 연계,생산팀,2026-11,"SH-QP-003, SH-WI-011",
23,1. 생산조건관리,1-5,높음,작업일보,SH-FM-145,공식(SH-FM-NNN),,,신규 작성 필요,생산팀,2026-09,,
24,1. 생산조건관리,1-5,높음,(작업일보내작업조건필히기록),SH-FM-146,공식(SH-FM-NNN),,,기존 절차 연계,(부서 미정),2026-09,SH-WI-001,
25,1. 생산조건관리,1-5,높음,로봇용접프로그램백업관리기준서,SH-FM-147,공식(SH-FM-NNN),,,기존 절차 연계,생산기술,2026-09,SH-QP-003,
26,1. 생산조건관리,1-5,높음,로봇용접프로그램백업관리실적,SH-FM-148,공식(SH-FM-NNN),,,기존 절차 연계,생산기술,2026-09,SH-QP-003,
27,1. 생산조건관리,1-5,높음,용접조건 검증체크시트,SH-FM-149,공식(SH-FM-NNN),,,신규 작성 필요,생산기술,2026-09,,
28,1. 생산조건관리,1-5,높음,스폿용접전류/가압력 관리기준서,SH-FM-150,공식(SH-FM-NNN),,,신규 작성 필요,(부서 미정),2026-09,,
29,1. 생산조건관리,1-5,높음,스폿용접전류/가압력 관리실적(1회/월),SH-FM-151,공식(SH-FM-NNN),,,신규 작성 필요,생산기술,2026-09,,
30,2. 검사시험,2-1,높음,원자재 검사협정서  OR 검사기준서,SH-FM-152,공식(SH-FM-NNN),,,기존 절차 연계,구매자재팀,2026-10,SH-QP-013,
31,2. 검사시험,2-1,높음,원자재 입고 LIST,SH-FM-153,공식(SH-FM-NNN),,,기존 절차 연계,구매자재팀,2026-10,SH-WI-009,
32,2. 검사시험,2-1,높음,원자재수입검사 기준서,SH-FM-154,공식(SH-FM-NNN),,,기존 절차 연계,구매자재팀,2026-11,SH-QP-013,
33,2. 검사시험,2-1,높음,원자재수입검사 일지,SH-FM-155,공식(SH-FM-NNN),,,기존 절차 연계,구매자재팀,2026-09,SH-QP-013,
34,2. 검사시험,2-1,높음,원자재 M/SHEET (입고LOT별 접수),SH-FM-156,공식(SH-FM-NNN),,,기존 절차 연계,구매자재팀,2026-09,SH-WI-029,
35,2. 검사시험,2-1,높음,원자재 규격별 물성및 화학조성비 기준서,SH-FM-157,공식(SH-FM-NNN),,,기존 절차 연계,구매자재팀,2026-11,SH-WI-027,
36,2. 검사시험,2-1,높음,원자재 중금속검사 성적서,SH-FM-158,공식(SH-FM-NNN),,,기존 절차 연계,구매자재팀,2026-11,SH-WI-027,
37,2. 검사시험,2-1,높음,원자재식별표,SH-FM-159,공식(SH-FM-NNN),,,신규 작성 필요,구매자재팀,2026-09,,
38,2. 검사시험,2-2,보통,외주품 수입검사기준서,SH-FM-160,공식(SH-FM-NNN),,,기존 절차 연계,품질팀,2026-11,SH-QP-013,
39,2. 검사시험,2-2,보통,외주품입고식별표,SH-FM-161,공식(SH-FM-NNN),,,신규 작성 필요,구매자재팀,2026-09,,
40,2. 검사시험,2-2,보통,외주품 부적합처리기준서,SH-FM-162,공식(SH-FM-NNN),,,신규 작성 필요,품질팀,2026-09,,
41,2. 검사시험,2-2,보통,외주품 검사협정서,SH-FM-163,공식(SH-FM-NNN),,SH-FM-056 수입품검사협정서 (0.75),신규 작성 필요,품질팀,2026-09,,
42,2. 검사시험,2-2,보통,외주품 검사기준서,SH-FM-164,공식(SH-FM-NNN),,,기존 절차 연계,품질팀,2026-11,SH-QP-013,
43,2. 검사시험,2-3,보통,한도견본 관리대장(외주품/완성품),SH-FM-165,공식(SH-FM-NNN),,,신규 작성 필요,품질팀,2026-09,,
44,2. 검사시험,2-3,보통,한도견본 식별표,SH-FM-166,공식(SH-FM-NNN),,,기존 절차 연계,품질팀,2026-11,SH-WI-001,
45,2. 검사시험,2-3,보통,한도견본 샘플보관대 및 샘플,SH-FM-167,공식(SH-FM-NNN),,,신규 작성 필요,생산팀,2026-10,,
46,2. 검사시험,2-3,보통,외관검사기준서,SH-FM-168,공식(SH-FM-NNN),,,기존 절차 연계,품질팀,2026-11,SH-QP-013,
47,2. 검사시험,2-4,보통,정기검사계획대실적(치수/용접),SH-FM-169,공식(SH-FM-NNN),,,신규 작성 필요,품질팀,2026-09,,
48,2. 검사시험,2-4,보통,정기검사성적서(치수/용접),SH-FM-170,공식(SH-FM-NNN),,,기존 절차 연계,품질팀,2026-11,SH-WI-027,
49,2. 검사시험,2-4,보통,중금속 정기검사 계획대실적,SH-FM-171,공식(SH-FM-NNN),,,신규 작성 필요,구매자재팀,2026-09,,
50,2. 검사시험,2-4,보통,중금속 성적서,SH-FM-172,공식(SH-FM-NNN),,,신규 작성 필요,구매자재팀,2026-09,,
51,2. 검사시험,2-5,보통,계측기관리대장,SH-FM-173,공식(SH-FM-NNN),,SH-FM-023 계측기관리대장 (1.00),기존 절차 연계,품질팀,2026-11,SH-QP-008,
52,2. 검사시험,2-5,보통,계측기이력카드,SH-FM-174,공식(SH-FM-NNN),,,기존 절차 연계,품질팀,2026-11,SH-WI-006,
53,2. 검사시험,2-5,보통,계측기검교정 계획대실적표,SH-FM-175,공식(SH-FM-NNN),,,기존 절차 연계,품질팀,2026-12,SH-WI-006,
54,2. 검사시험,2-5,보통,계측기검교정 성적서,SH-FM-176,공식(SH-FM-NNN),,,기존 절차 연계,품질팀,2026-12,SH-WI-006,
55,2. 검사시험,2-5,보통,계측기보관함  위치지정및 레이아웃 주소화,SH-FM-177,공식(SH-FM-NNN),,,기존 절차 연계,품질팀,2026-12,SH-WI-006,
56,2. 검사시험,2-5,보통,검사구관리대장,SH-FM-178,공식(SH-FM-NNN),,SH-FM-059 구매품추적관리대장 (0.62),기존 절차 연계,품질팀,2026-12,SH-WI-007,
57,2. 검사시험,2-5,보통,검사구이력카드,SH-FM-179,공식(SH-FM-NNN),,,기존 절차 연계,품질팀,2026-12,"SH-WI-002, SH-WI-007",
58,2. 검사시험,2-5,보통,검사구정기점검 계획대실적표,SH-FM-180,공식(SH-FM-NNN),,,기존 절차 연계,품질팀,2026-12,SH-WI-007,
59,2. 검사시험,2-5,보통,검사구점검체크시트,SH-FM-181,공식(SH-FM-NNN),,,기존 절차 연계,품질팀,2026-12,SH-WI-007,
60,2. 검사시험,2-5,보통,검사구보관 lay-out,SH-FM-182,공식(SH-FM-NNN),,,기존 절차 연계,품질팀,2026-12,SH-WI-007,
61,2. 검사시험,2-5,보통,검사구 식별표,SH-FM-183,공식(SH-FM-NNN),,,기존 절차 연계,품질팀,2026-12,SH-WI-007,
62,2. 검사시험,2-6,보통,계측기 GAGE R&R 계획대실적표,SH-FM-184,공식(SH-FM-NNN),,,기존 절차 연계,품질팀,2026-12,SH-WI-006,
63,2. 검사시험,2-6,보통,계측기 GAGE R&R 실시실적,SH-FM-185,공식(SH-FM-NNN),,,기존 절차 연계,품질팀,2026-12,SH-WI-006,
64,2. 검사시험,2-6,보통,계측기 사용자 등록현황,SH-FM-186,공식(SH-FM-NNN),,,기존 절차 연계,품질팀,2026-12,SH-WI-006,
65,2. 검사시험,2-7,높음,자주검사기준서,SH-FM-187,공식(SH-FM-NNN),,,기존 절차 연계,품질팀,2026-11,"SH-QP-013, SH-WI-002",
66,2. 검사시험,2-7,높음,자주검사체크시트,SH-FM-188,공식(SH-FM-NNN),,,기존 절차 연계,품질팀,2026-11,SH-WI-002,
67,2. 검사시험,2-7,높음,용접spatter 관리기준,SH-FM-189,공식(SH-FM-NNN),,,기존 절차 연계,품질팀,2026-11,"SH-QP-016, SH-WI-002",
68,2. 검사시험,2-7,높음,용접스패터관리 점검체크시트,SH-FM-190,공식(SH-FM-NNN),,,신규 작성 필요,품질팀,2026-09,,
69,2. 검사시험,2-7,높음,자주검사체크시트,SH-FM-191,공식(SH-FM-NNN),,,기존 절차 연계,품질팀,2026-11,SH-WI-002,
70,2. 검사시험,2-7,높음,품질순회검사체크시트(중요항목치수추가),SH-FM-192,공식(SH-FM-NNN),,,기존 절차 연계,품질팀,2026-11,SH-WI-002,
71,2. 검사시험,2-7,높음,자주검사대 설치(초중종현품보관),SH-FM-193,공식(SH-FM-NNN),,,기존 절차 연계,생산팀,2026-11,SH-WI-002,
72,2. 검사시험,2-8,높음,완성품검사기준서,SH-FM-194,공식(SH-FM-NNN),,,기존 절차 연계,품질팀,2026-11,SH-QP-013,
73,2. 검사시험,2-8,높음,완성품검사체크시트,SH-FM-195,공식(SH-FM-NNN),,,신규 작성 필요,품질팀,2026-09,,
74,2. 검사시험,2-8,높음,완성품검사식별표,SH-FM-196,공식(SH-FM-NNN),,,신규 작성 필요,품질팀,2026-09,,
75,2. 검사시험,2-8,높음,완성품보관장소선정,SH-FM-197,공식(SH-FM-NNN),,,기존 절차 연계,품질팀,2026-09,SH-WI-006,
76,2. 검사시험,2-8,높음,완성검사관리대제작,SH-FM-198,공식(SH-FM-NNN),,,기존 절차 연계,품질팀,2026-09,SH-QP-012,
77,2. 검사시험,2-8,높음,(QMS SYSTEM 운영시 컴퓨터설치운영),SH-FM-199,공식(SH-FM-NNN),,,신규 작성 필요,(부서 미정),2026-10,,
78,2. 검사시험,2-9,높음,용입검사 계획대실적,SH-FM-200,공식(SH-FM-NNN),,,신규 작성 필요,품질팀,2026-09,,
79,2. 검사시험,2-9,높음,용접로보트별 용접POINT 관리표준,SH-FM-201,공식(SH-FM-NNN),,,신규 작성 필요,생산팀,2026-09,,
80,2. 검사시험,2-9,높음,용접로보트별 용접POINT 관리표준,SH-FM-202,공식(SH-FM-NNN),,,신규 작성 필요,품질팀,2026-09,,
81,2. 검사시험,2-9,높음,용접반파괴/파괴검사기준,SH-FM-203,공식(SH-FM-NNN),,,신규 작성 필요,생산팀,2026-09,,
82,2. 검사시험,2-9,높음,용접검사체크시트,SH-FM-204,공식(SH-FM-NNN),,,신규 작성 필요,생산팀,2026-09,,
83,2. 검사시험,2-9,높음,용접반파괴 검사대제작,SH-FM-205,공식(SH-FM-NNN),,,신규 작성 필요,생산팀,2026-09,,
84,2. 검사시험,2-9,높음,(용접반파괴테스트 보관대제작-한도견본&현품),SH-FM-206,공식(SH-FM-NNN),,,기존 절차 연계,생산팀,2026-09,SH-WI-001,
85,3. 설비관리,3-1,보통,설비일상점검기준서,SH-FM-207,공식(SH-FM-NNN),,SH-FM-101 설비 일상점검 및 고장이력 (0.60),기존 절차 연계,생산팀,2026-11,SH-WI-004,
86,3. 설비관리,3-1,보통,설비일상점검표(각부위별사진도식화),SH-FM-208,공식(SH-FM-NNN),,,기존 절차 연계,생산팀,2026-11,SH-WI-004,
87,3. 설비관리,3-1,보통,설비게이지 상하한식별관리,SH-FM-209,공식(SH-FM-NNN),,,기존 절차 연계,생산기술,2026-12,SH-QP-018,
88,3. 설비관리,3-1,보통,설비 오셋팅방지 KEY-LOCK,SH-FM-210,공식(SH-FM-NNN),,,신규 작성 필요,생산팀,2026-09,,
89,3. 설비관리,3-2,보통,설비정기점검 계획대실적표,SH-FM-211,공식(SH-FM-NNN),,,신규 작성 필요,생산기술,2026-10,,
90,3. 설비관리,3-2,보통,설비정기점검 실적,SH-FM-212,공식(SH-FM-NNN),,,신규 작성 필요,생산기술,2026-10,,
91,3. 설비관리,3-2,보통,설비관리대장,SH-FM-213,공식(SH-FM-NNN),,SH-FM-026 CSR관리대장 (0.62),신규 작성 필요,생산기술,2026-10,,
92,3. 설비관리,3-2,보통,설비이력카드,SH-FM-214,공식(SH-FM-NNN),,,신규 작성 필요,생산기술,2026-10,,
93,3. 설비관리,3-2,보통,설비수리보고서,SH-FM-215,공식(SH-FM-NNN),,,기존 절차 연계,생산기술,2026-12,SH-WI-015,
94,3. 설비관리,3-2,보통,설비압력게이지 검증 계획대실적표,SH-FM-216,공식(SH-FM-NNN),,,기존 절차 연계,생산기술,2026-10,SH-QP-015,
95,3. 설비관리,3-2,보통,설비압력게이지 점검실적,SH-FM-217,공식(SH-FM-NNN),,,기존 절차 연계,생산기술,2026-12,SH-WI-008,
96,3. 설비관리,3-2,보통,설비예비품관리대장,SH-FM-218,공식(SH-FM-NNN),,,기존 절차 연계,생산기술,2026-12,SH-WI-004,
97,3. 설비관리,3-2,보통,설비예비품 입출고 관리일지,SH-FM-219,공식(SH-FM-NNN),,,신규 작성 필요,생산기술,2026-11,,
98,3. 설비관리,3-2,보통,작동유관리기준서,SH-FM-220,공식(SH-FM-NNN),,,신규 작성 필요,생산기술,2026-11,,
99,3. 설비관리,3-2,보통,작동유샘플보관대제작설치,SH-FM-221,공식(SH-FM-NNN),,,신규 작성 필요,생산기술,2026-11,,
100,3. 설비관리,3-3,보통,CO2용접원점확인장치,SH-FM-222,공식(SH-FM-NNN),,,신규 작성 필요,(부서 미정),2026-10,,
101,3. 설비관리,3-3,보통,스폿로봇 원점확인장치,SH-FM-223,공식(SH-FM-NNN),,,신규 작성 필요,생산팀,2026-09,,
102,3. 설비관리,3-3,보통,용접전극드레싱/교환 F/P장비설치,SH-FM-224,공식(SH-FM-NNN),,,신규 작성 필요,생산팀,2026-09,,
103,3. 설비관리,3-4,보통,설비정기점검 관리기준서,SH-FM-225,공식(SH-FM-NNN),,,신규 작성 필요,생산기술,2026-11,,
104,3. 설비관리,3-4,보통,설비정기점검계획대실적표,SH-FM-226,공식(SH-FM-NNN),,,신규 작성 필요,생산기술,2026-11,,
105,3. 설비관리,3-4,보통,설비정기점검 실적,SH-FM-227,공식(SH-FM-NNN),,,신규 작성 필요,생산기술,2026-12,,
106,3. 설비관리,3-5,보통,CO2용접원점확인장치,SH-FM-228,공식(SH-FM-NNN),,,신규 작성 필요,(부서 미정),2026-11,,
107,3. 설비관리,3-5,보통,스폿로봇 원점확인장치,SH-FM-229,공식(SH-FM-NNN),,,신규 작성 필요,생산팀,2026-09,,
108,3. 설비관리,3-5,보통,가스잔량 F/P장치,SH-FM-230,공식(SH-FM-NNN),,,신규 작성 필요,(부서 미정),2026-11,,
109,3. 설비관리,3-6,보통,JIG정기점검 관리기준서,SH-FM-231,공식(SH-FM-NNN),,,신규 작성 필요,생산팀,2026-10,,
110,3. 설비관리,3-6,보통,JIG정기점검계획대실적표,SH-FM-232,공식(SH-FM-NNN),,,신규 작성 필요,생산팀,2026-10,,
111,3. 설비관리,3-6,보통,JIG 기준핀정기점검 실적,SH-FM-233,공식(SH-FM-NNN),,,신규 작성 필요,생산팀,2026-10,,
112,3. 설비관리,3-6,보통,JIG PIN 위치도 및 상세사진 위치도,SH-FM-234,공식(SH-FM-NNN),,,신규 작성 필요,생산팀,2026-10,,
113,4. 금형관리,4-1,보통,금형관리 프로세스,SH-FM-235,공식(SH-FM-NNN),,,기존 절차 연계,생산팀,2026-11,SH-WI-008,
114,4. 금형관리,4-1,보통,금형관리대장,SH-FM-236,공식(SH-FM-NNN),,SH-FM-026 CSR관리대장 (0.62),기존 절차 연계,생산팀,2026-11,SH-QP-021,
115,4. 금형관리,4-1,보통,금형이력카드,SH-FM-237,공식(SH-FM-NNN),,,기존 절차 연계,생산팀,2026-11,SH-WI-008,
116,4. 금형관리,4-1,보통,MMS SYSTEM금형수리내역,SH-FM-238,공식(SH-FM-NNN),,,기존 절차 연계,생산팀,2026-11,"SH-WI-008, SH-WI-018",
117,4. 금형관리,4-1,보통,금형일상점검관리기준서,SH-FM-239,공식(SH-FM-NNN),,,기존 절차 연계,생산팀,2026-11,SH-WI-001,
118,4. 금형관리,4-1,보통,금형일상점검체크시트,SH-FM-240,공식(SH-FM-NNN),,,기존 절차 연계,생산팀,2026-11,SH-WI-008,
119,4. 금형관리,4-2,보통,금형등급관리준서,SH-FM-241,공식(SH-FM-NNN),,,기존 절차 연계,생산팀,2026-11,SH-WI-008,
120,4. 금형관리,4-2,보통,금형별 등급실적,SH-FM-242,공식(SH-FM-NNN),,,기존 절차 연계,생산팀,2026-11,"SH-QP-003, SH-WI-008",
121,4. 금형관리,4-2,보통,금형정기점검실적,SH-FM-243,공식(SH-FM-NNN),,,기존 절차 연계,생산팀,2026-11,SH-WI-008,
122,4. 금형관리,4-2,보통,금형타발수관리대장,SH-FM-244,공식(SH-FM-NNN),,,기존 절차 연계,생산팀,2026-11,SH-WI-008,
123,4. 금형관리,4-2,보통,금형전산화시스템적용시 금형반컴퓨터설치,SH-FM-245,공식(SH-FM-NNN),,,기존 절차 연계,생산팀,2026-11,SH-WI-008,
124,4. 금형관리,4-3,낮음,금형/지그관리대장,SH-FM-246,공식(SH-FM-NNN),,,기존 절차 연계,개발팀,2026-10,SH-QP-023,
125,4. 금형관리,4-3,낮음,금형/JIG이력카드,SH-FM-247,공식(SH-FM-NNN),,,기존 절차 연계,개발팀,2026-11,SH-WI-008,
126,4. 금형관리,4-4,낮음,금형보관 lay-out 설치,SH-FM-248,공식(SH-FM-NNN),,,기존 절차 연계,생산팀,2026-12,"SH-WI-008, SH-WI-018",
127,4. 금형관리,4-4,낮음,금형보관구역 식별표시,SH-FM-249,공식(SH-FM-NNN),,,기존 절차 연계,생산팀,2026-12,SH-WI-017,
128,4. 금형관리,4-4,낮음,금형보관시 잔존이물제거후 적재,SH-FM-250,공식(SH-FM-NNN),,,기존 절차 연계,생산팀,2026-12,SH-WI-017,
129,4. 금형관리,4-5,낮음,금형이관 T/O보고서,SH-FM-251,공식(SH-FM-NNN),,,기존 절차 연계,생산팀,2026-12,SH-WI-008,
130,4. 금형관리,4-5,낮음,금형이관시 접수자료,SH-FM-252,공식(SH-FM-NNN),,,기존 절차 연계,생산팀,2026-12,SH-WI-008,
131,4. 금형관리,4-5,낮음,금형문제점개선자료,SH-FM-253,공식(SH-FM-NNN),,,기존 절차 연계,생산팀,2026-12,SH-WI-008,
132,5. 자재관리,5-1,보통,원자재입고 부품식별표,SH-FM-254,공식(SH-FM-NNN),,,기존 절차 연계,구매자재팀,2026-11,SH-QP-018,
133,5. 자재관리,5-1,보통,작업일보,SH-FM-255,공식(SH-FM-NNN),,,신규 작성 필요,생산팀,2026-09,,
134,5. 자재관리,5-1,보통,부품식별표,SH-FM-256,공식(SH-FM-NNN),,,기존 절차 연계,생산팀,2026-11,SH-QP-019,
135,5. 자재관리,5-1,보통,작업일보,SH-FM-257,공식(SH-FM-NNN),,,신규 작성 필요,생산팀,2026-09,,
136,5. 자재관리,5-1,보통,부품식별표,SH-FM-258,공식(SH-FM-NNN),,,신규 작성 필요,생산팀,2026-09,,
137,5. 자재관리,5-1,보통,출하일지,SH-FM-259,공식(SH-FM-NNN),,,신규 작성 필요,구매자재팀,2026-10,,
138,5. 자재관리,5-1,보통,고객부품식별표,SH-FM-260,공식(SH-FM-NNN),,,신규 작성 필요,구매자재팀,2026-10,,
139,5. 자재관리,5-1,보통,일별생산실적현황 OR LOT 관리대장,SH-FM-261,공식(SH-FM-NNN),,,기존 절차 연계,생산팀,2026-11,SH-QP-018,
140,5. 자재관리,5-1,보통,LOT관리기준서,SH-FM-262,공식(SH-FM-NNN),,,기존 절차 연계,생산팀,2026-11,SH-WI-001,
141,5. 자재관리,5-2,보통,원자재보관관리기준서,SH-FM-263,공식(SH-FM-NNN),,,기존 절차 연계,구매자재팀,2026-11,SH-QP-019,
142,5. 자재관리,5-2,보통,원자재보관대 LAY-OUT 및재고현황,SH-FM-264,공식(SH-FM-NNN),,,기존 절차 연계,구매자재팀,2026-11,SH-WI-009,
143,5. 자재관리,5-2,보통,원자재보관대 구역설정및 식별,SH-FM-265,공식(SH-FM-NNN),,,기존 절차 연계,구매자재팀,2026-11,"SH-QP-019, SH-WI-009",
144,5. 자재관리,5-2,보통,원자재선입선출관리기준서,SH-FM-266,공식(SH-FM-NNN),,,신규 작성 필요,구매자재팀,2026-10,,
145,5. 자재관리,5-2,보통,.원자재식별표,SH-FM-267,공식(SH-FM-NNN),,,신규 작성 필요,구매자재팀,2026-10,,
146,5. 자재관리,5-2,보통,장기재고보관관리기준서,SH-FM-268,공식(SH-FM-NNN),,,기존 절차 연계,구매자재팀,2026-11,SH-QP-019,
147,5. 자재관리,5-2,보통,장기재고점검체크시트,SH-FM-269,공식(SH-FM-NNN),,,기존 절차 연계,구매자재팀,2026-11,SH-WI-028,
148,5. 자재관리,5-2,보통,장기재고식별표,SH-FM-270,공식(SH-FM-NNN),,,기존 절차 연계,구매자재팀,2026-12,SH-WI-028,
149,5. 자재관리,5-2,보통,LAY-OUT 및재고현황,SH-FM-271,공식(SH-FM-NNN),,,신규 작성 필요,생산팀,2026-10,,
150,5. 자재관리,5-2,보통,구역설정및 식별,SH-FM-272,공식(SH-FM-NNN),,,신규 작성 필요,생산팀,2026-10,,
151,5. 자재관리,5-2,보통,부품식별표,SH-FM-273,공식(SH-FM-NNN),,,신규 작성 필요,생산팀,2026-10,,
152,5. 자재관리,5-2,보통,'-불용자재관리기준서,SH-FM-274,공식(SH-FM-NNN),,,기존 절차 연계,구매자재팀,2026-12,SH-WI-009,
153,5. 자재관리,5-2,보통,불용자재식별표,SH-FM-275,공식(SH-FM-NNN),,,신규 작성 필요,구매자재팀,2026-10,,
154,5. 자재관리,5-3,보통,선입고품 우선사용 TAG식별,SH-FM-276,공식(SH-FM-NNN),,,기존 절차 연계,구매자재팀,2026-10,SH-WI-028,
155,5. 자재관리,5-3,보통,.원자재식별표,SH-FM-277,공식(SH-FM-NNN),,,신규 작성 필요,구매자재팀,2026-10,,
156,5. 자재관리,5-3,보통,장기재고보관관리기준서,SH-FM-278,공식(SH-FM-NNN),,,기존 절차 연계,구매자재팀,2026-12,"SH-QP-018, SH-QP-019",
157,5. 자재관리,5-3,보통,장기재고식별표,SH-FM-279,공식(SH-FM-NNN),,,기존 절차 연계,구매자재팀,2026-12,SH-WI-028,
158,5. 자재관리,5-3,보통,부품식별표,SH-FM-280,공식(SH-FM-NNN),,,신규 작성 필요,생산팀,2026-10,,
159,5. 자재관리,5-4,보통,공정제품 용기설정 기준서,SH-FM-281,공식(SH-FM-NNN),,,신규 작성 필요,생산팀,2026-10,,
160,5. 자재관리,5-4,보통,과다적재방지 장입한계기준 설정,SH-FM-282,공식(SH-FM-NNN),,,신규 작성 필요,생산팀,2026-10,,
161,5. 자재관리,5-4,보통,완성품 납용용기설정서,SH-FM-283,공식(SH-FM-NNN),,,기존 절차 연계,구매자재팀,2026-12,SH-QP-018,
162,5. 자재관리,5-4,보통,완성품 LAY-OUT,SH-FM-284,공식(SH-FM-NNN),,,기존 절차 연계,구매자재팀,2026-12,SH-WI-017,
163,5. 자재관리,5-4,보통,완성품 적재공간 구역설정 LINE MARK'G,SH-FM-285,공식(SH-FM-NNN),,,기존 절차 연계,구매자재팀,2026-12,SH-WI-010,
164,5. 자재관리,5-4,보통,완성품 적재장소 NAME PLATE부착,SH-FM-286,공식(SH-FM-NNN),,,기존 절차 연계,구매자재팀,2026-12,SH-QP-019,
165,6. 품질경영체제,6-1,보통,안전관리업무기준서,SH-FM-287,공식(SH-FM-NNN),,,기존 절차 연계,생산팀,2026-09,SH-QP-004,
166,6. 품질경영체제,6-1,보통,안전보호구 지급기준,SH-FM-288,공식(SH-FM-NNN),,,신규 작성 필요,생산팀,2026-09,,
167,6. 품질경영체제,6-1,보통,안전보호구 지급관리대장,SH-FM-289,공식(SH-FM-NNN),,,신규 작성 필요,생산팀,2026-09,,
168,6. 품질경영체제,6-1,보통,안전교육교안,SH-FM-290,공식(SH-FM-NNN),,,신규 작성 필요,생산팀,2026-09,,
169,6. 품질경영체제,6-1,보통,안전교육실시보고서,SH-FM-291,공식(SH-FM-NNN),,,신규 작성 필요,생산팀,2026-09,,
170,6. 품질경영체제,6-1,보통,작업장 안전수칙 라인별 제작활용,SH-FM-292,공식(SH-FM-NNN),,,신규 작성 필요,생산팀,2026-10,,
171,6. 품질경영체제,6-1,보통,유해물질보관장 선정,SH-FM-293,공식(SH-FM-NNN),,,신규 작성 필요,생산팀,2026-10,,
172,6. 품질경영체제,6-1,보통,유해물질보관장 MSDS비치활용,SH-FM-294,공식(SH-FM-NNN),,,신규 작성 필요,생산팀,2026-10,,
173,6. 품질경영체제,6-1,보통,설비일상/정기점검기준서(안전장치점검반영),SH-FM-295,공식(SH-FM-NNN),,,기존 절차 연계,생산팀,2026-10,SH-WI-016,
174,6. 품질경영체제,6-1,보통,"설비안전관리책임자선정및 정,부 식별현황",SH-FM-296,공식(SH-FM-NNN),,,신규 작성 필요,생산팀,2026-10,,
175,6. 품질경영체제,6-1,보통,소화기 배치 LAY-OUT,SH-FM-297,공식(SH-FM-NNN),,,기존 절차 연계,생산팀,2026-12,SH-WI-016,
176,6. 품질경영체제,6-1,보통,소화기점검식별표,SH-FM-298,공식(SH-FM-NNN),,,신규 작성 필요,생산팀,2026-10,,
177,6. 품질경영체제,6-2,보통,설계변경/4M관리업무 프로세스,SH-FM-299,공식(SH-FM-NNN),,,신규 작성 필요,품질팀,2026-09,,
178,6. 품질경영체제,6-2,보통,변경관리 master list,SH-FM-300,공식(SH-FM-NNN),,,기존 절차 연계,품질팀,2026-12,SH-WI-020,
179,6. 품질경영체제,6-2,보통,변경품적용시점통보서,SH-FM-301,공식(SH-FM-NNN),,,기존 절차 연계,품질팀,2026-12,SH-WI-029,
180,6. 품질경영체제,6-2,보통,변경품적용시 고객ISIR승인서류,SH-FM-302,공식(SH-FM-NNN),,,기존 절차 연계,품질팀,2026-12,"SH-QP-010, SH-WI-029",
181,6. 품질경영체제,6-3,보통,도면일치성관리기준서,SH-FM-303,공식(SH-FM-NNN),,,신규 작성 필요,품질팀,2026-09,,
182,6. 품질경영체제,6-3,보통,도면일치성점검체크시트(고객사관리본접수),SH-FM-304,공식(SH-FM-NNN),,,기존 절차 연계,품질팀,2026-09,SH-QP-002,
183,6. 품질경영체제,6-3,보통,도면/검사협정서/초도품보증서고객승인본,SH-FM-305,공식(SH-FM-NNN),,,신규 작성 필요,품질팀,2026-09,,
184,6. 품질경영체제,6-3,보통,정기검사계획대실적표,SH-FM-306,공식(SH-FM-NNN),,,기존 절차 연계,품질팀,2026-12,SH-QP-013,
185,6. 품질경영체제,6-3,보통,정기검사실적,SH-FM-307,공식(SH-FM-NNN),,SH-FM-034 공정검사 (0.60),신규 작성 필요,품질팀,2026-09,,
186,6. 품질경영체제,6-4,낮음,ISO인증서,SH-FM-308,공식(SH-FM-NNN),,,기존 절차 연계,품질팀,2026-10,SH-QP-025,
187,6. 품질경영체제,6-4,낮음,품질매뉴얼/절차서/지침서,SH-FM-309,공식(SH-FM-NNN),,,기존 절차 연계,품질팀,2026-10,SH-QP-025,
188,6. 품질경영체제,6-4,낮음,전사조직도 및 업무분장표,SH-FM-310,공식(SH-FM-NNN),,,기존 절차 연계,품질팀,2026-12,SH-QP-005,
189,6. 품질경영체제,6-4,낮음,SQ 사전점검 지적사항및 개선대책,SH-FM-311,공식(SH-FM-NNN),,,신규 작성 필요,품질팀,2026-10,,
190,6. 품질경영체제,6-4,낮음,(유효성검증관리 실적),SH-FM-312,공식(SH-FM-NNN),,,신규 작성 필요,(부서 미정),2026-12,,
191,6. 품질경영체제,6-5,보통,자격인증관리 기준서,SH-FM-313,공식(SH-FM-NNN),,,신규 작성 필요,품질팀,2026-09,,
192,6. 품질경영체제,6-5,보통,자격인증체크시트 (검사원),SH-FM-314,공식(SH-FM-NNN),,,기존 절차 연계,품질팀,2026-10,SH-QP-006,
193,6. 품질경영체제,6-5,보통,자격인증체크시트 (현장작업자),SH-FM-315,공식(SH-FM-NNN),,,기존 절차 연계,생산팀,2026-10,SH-QP-006,
194,6. 품질경영체제,6-5,보통,계수형R&R 계획대실적표,SH-FM-316,공식(SH-FM-NNN),,,신규 작성 필요,품질팀,2026-10,,
195,6. 품질경영체제,6-5,보통,계수형R&R 실시실적,SH-FM-317,공식(SH-FM-NNN),,,신규 작성 필요,품질팀,2026-10,,
196,6. 품질경영체제,6-5,보통,계량형/계수형 R&R 수기작성본,SH-FM-318,공식(SH-FM-NNN),,,기존 절차 연계,품질팀,2026-12,SH-WI-006,
197,6. 품질경영체제,6-5,보통,계수형R&R 평가샘플 보관대,SH-FM-319,공식(SH-FM-NNN),,,신규 작성 필요,생산팀,2026-10,,
198,6. 품질경영체제,6-5,보통,자격인증대상자교육실시보고서,SH-FM-320,공식(SH-FM-NNN),,,신규 작성 필요,품질팀,2026-10,,
199,6. 품질경영체제,6-5,보통,자격인증서(검사원/현장작업자),SH-FM-321,공식(SH-FM-NNN),,,신규 작성 필요,품질팀,2026-10,,
200,6. 품질경영체제,6-5,보통,작업자변경시 교육실시보고서,SH-FM-322,공식(SH-FM-NNN),,,신규 작성 필요,생산팀,2026-10,,
201,6. 품질경영체제,6-6,낮음,교육교안,SH-FM-323,공식(SH-FM-NNN),,,기존 절차 연계,품질팀,2026-11,SH-QP-006,
202,6. 품질경영체제,6-6,낮음,2026년 교육계획대실적,SH-FM-324,공식(SH-FM-NNN),,,기존 절차 연계,품질팀,2026-12,SH-QP-006,
203,6. 품질경영체제,6-6,낮음,교육실시보고서 (교육사진/참석자서명),SH-FM-325,공식(SH-FM-NNN),,,신규 작성 필요,품질팀,2026-11,,
204,6. 품질경영체제,6-6,낮음,품질문제발생시 즉시교육실적보고서,SH-FM-326,공식(SH-FM-NNN),,,신규 작성 필요,품질팀,2026-11,,
205,6. 품질경영체제,6-7,보통,부적합처리업무 프로세스,SH-FM-327,공식(SH-FM-NNN),,,신규 작성 필요,품질팀,2026-10,,
206,6. 품질경영체제,6-7,보통,부적합 격리보관장소 지정 (펜스격리),SH-FM-328,공식(SH-FM-NNN),,,신규 작성 필요,품질팀,2026-10,,
207,6. 품질경영체제,6-7,보통,부적합처리일지,SH-FM-329,공식(SH-FM-NNN),,,기존 절차 연계,품질팀,2026-10,SH-QP-014,
208,6. 품질경영체제,6-7,보통,부적합품 보관함,SH-FM-330,공식(SH-FM-NNN),,SH-FM-036 부적합품보고 (0.77),신규 작성 필요,품질팀,2026-10,,
209,6. 품질경영체제,6-7,보통,부적합식별표,SH-FM-331,공식(SH-FM-NNN),,,기존 절차 연계,품질팀,2026-10,SH-QP-014,
210,6. 품질경영체제,6-8,보통,품질실적보고서 (전부서KPI목표대비실적),SH-FM-332,공식(SH-FM-NNN),,,기존 절차 연계,품질팀,2026-12,SH-QP-021,
211,6. 품질경영체제,6-8,보통,고객/공정/외주불량 실적PPM,SH-FM-333,공식(SH-FM-NNN),,,신규 작성 필요,품질팀,2026-10,,
212,6. 품질경영체제,6-8,보통,고객/공정/외주불량 개선대책서,SH-FM-334,공식(SH-FM-NNN),,,신규 작성 필요,품질팀,2026-10,,
213,6. 품질경영체제,6-8,보통,고객불량 유효성검증  MASTER LIST,SH-FM-335,공식(SH-FM-NNN),,,기존 절차 연계,품질팀,2026-12,"SH-QP-016, SH-QP-017",
214,6. 품질경영체제,6-8,보통,D+3개월 유효성검증,SH-FM-336,공식(SH-FM-NNN),,,신규 작성 필요,품질팀,2026-10,,
215,6. 품질경영체제,6-9,낮음,조도관리기준서,SH-FM-337,공식(SH-FM-NNN),,,신규 작성 필요,생산팀,2026-10,,
216,6. 품질경영체제,6-9,낮음,조도측정 LAY-OUT,SH-FM-338,공식(SH-FM-NNN),,,기존 절차 연계,생산팀,2026-12,SH-WI-002,
217,6. 품질경영체제,6-9,낮음,조도측정부 현장내 식별,SH-FM-339,공식(SH-FM-NNN),,,신규 작성 필요,생산팀,2026-10,,
218,6. 품질경영체제,6-9,낮음,조도측정 실적,SH-FM-340,공식(SH-FM-NNN),,,신규 작성 필요,생산팀,2026-11,,
219,6. 품질경영체제,6-10,낮음,3정5행관리 기준서,SH-FM-341,공식(SH-FM-NNN),,,기존 절차 연계,생산팀,2026-11,SH-QP-001,
220,6. 품질경영체제,6-10,낮음,3정5행 점검 구역별 책임자 선정,SH-FM-342,공식(SH-FM-NNN),,,기존 절차 연계,생산팀,2026-12,SH-QP-016,
221,6. 품질경영체제,6-10,낮음,3정5행점검 체크시트,SH-FM-343,공식(SH-FM-NNN),,,신규 작성 필요,생산팀,2026-11,,
222,6. 품질경영체제,6-10,낮음,3정5행 점검 결과 개선대책,SH-FM-344,공식(SH-FM-NNN),,,기존 절차 연계,생산팀,2026-11,SH-WI-001,
223,6. 품질경영체제,6-10,낮음,3정5행개선사례 현황판,SH-FM-345,공식(SH-FM-NNN),,,신규 작성 필요,생산팀,2026-11,,
224,6. 품질경영체제,6-11,낮음,품질종합현황판 제작설치,SH-FM-346,공식(SH-FM-NNN),,,신규 작성 필요,품질팀,2026-11,,
225,6. 품질경영체제,6-11,낮음,공정별 주요문제점 각공정별 비치,SH-FM-347,공식(SH-FM-NNN),,,기존 절차 연계,품질팀,2026-12,SH-QP-017,
226,6. 품질경영체제,6-11,낮음,중점관리POINT 선정 운영,SH-FM-348,공식(SH-FM-NNN),,,신규 작성 필요,품질팀,2026-11,,
227,6. 품질경영체제,6-12,낮음,재작업엄무처리 기준서,SH-FM-349,공식(SH-FM-NNN),,,기존 절차 연계,생산팀,2026-12,SH-WI-018,
228,6. 품질경영체제,6-12,낮음,재작업품 작업공간 장소지정(공구확보),SH-FM-350,공식(SH-FM-NNN),,,기존 절차 연계,생산팀,2026-12,"SH-QP-018, SH-WI-005",
229,6. 품질경영체제,6-12,낮음,재작업품 MASTER LIST,SH-FM-351,공식(SH-FM-NNN),,,기존 절차 연계,생산팀,2026-12,SH-WI-018,
230,6. 품질경영체제,6-12,낮음,재작업품 검사기준및 검사실적,SH-FM-352,공식(SH-FM-NNN),,,기존 절차 연계,생산팀,2026-12,"SH-QP-018, SH-WI-018",
231,6. 품질경영체제,6-12,낮음,재작업품 부품식별표,SH-FM-353,공식(SH-FM-NNN),,,기존 절차 연계,생산팀,2026-12,SH-WI-018,
232,6. 품질경영체제,6-12,낮음,재작업품 출하 고객승인본,SH-FM-354,공식(SH-FM-NNN),,,기존 절차 연계,품질팀,2026-12,SH-WI-018,
233,6. 품질경영체제,6-12,낮음,용접교육장설치,SH-FM-355,공식(SH-FM-NNN),,,기존 절차 연계,생산팀,2026-12,"SH-QP-006, SH-QP-019",
234,6. 품질경영체제,6-12,낮음,자격인증내 실기평가보고서첨부,SH-FM-356,공식(SH-FM-NNN),,,기존 절차 연계,생산팀,2026-11,SH-QP-006,
235,6. 품질경영체제,6-13,보통,정성품질향상가이드,SH-FM-357,공식(SH-FM-NNN),,,신규 작성 필요,품질팀,2026-10,,
236,6. 품질경영체제,6-13,보통,정성품질 조직도 (키맨선정),SH-FM-358,공식(SH-FM-NNN),,,신규 작성 필요,품질팀,2026-10,,
237,6. 품질경영체제,6-13,보통,정성품질 체크시트,SH-FM-359,공식(SH-FM-NNN),,,신규 작성 필요,품질팀,2026-10,,
238,6. 품질경영체제,6-13,보통,정성품질 개선추진보고서,SH-FM-360,공식(SH-FM-NNN),,,신규 작성 필요,품질팀,2026-10,,
239,6. 품질경영체제,6-13,보통,정성품질 포상제도 시행안 보고서,SH-FM-361,공식(SH-FM-NNN),,,기존 절차 연계,품질팀,2026-12,SH-QP-016,
240,6. 품질경영체제,6-13,보통,정성품질 포상실행 품의서,SH-FM-362,공식(SH-FM-NNN),,,신규 작성 필요,품질팀,2026-10,,
