SQ NO,구분,번호,진척율 원본행,필요서류,요구사항(세부 추진 항목),진척율 준비상태,정식 FM 번호,충족 문서(대표),대표 문서 상태(Master),담당부서,담당자,증빙 상태,비고(판단 근거)
132,5. 자재관리,5-1,165,원자재입고 부품식별표,[CASE1] LOT수작업관리    - 파렛트or 부품단위,(공란),SH-FM-254,SH-FM-254,유효(승인·배포 완료),구매자재팀,이은주,보완 필요,"배정 SH-FM-254(유효(승인·배포 완료)); SH-FM-254/Rev00 릴리스, 시트 31셀 — 양식 틀 상태(점검 항목·기준 미작성), 보존 5년; 배포대장 SH-FM-254: 배포일 2026-09-01, 수령자 미기재; 승인자 '이사(사용자 진술, 서명본 대조 전)'; 기존자료 대응표: 자료 없음(유사도 0.22), 중복검토 , 같은 번호 폴더 파일 0개 — 파일명 비교만, 내용 미확인; 진척율 준비상태 공란"
133,5. 자재관리,5-1,166,작업일보,"수입검사 완료품 식별 프로세스 수립 (합격도장 등) - 보안/안전 부품 별도 식별 표시 : LOT타각, 식별마크 등",(공란),SH-FM-255,SH-FM-145,유효(승인·배포 완료),생산팀,지성규,판단 보류,"배정 SH-FM-255(통합(사용 안 함)); 통합 SH-FM-255→SH-FM-145; SH-FM-145/Rev00 릴리스, 시트 31셀 — 양식 틀 상태(점검 항목·기준 미작성), 보존 5년; 대표 SH-FM-145 는 SQ '1. 생산조건관리 1-5' 요구용 — 이 항목 요구(5. 자재관리 5-1)와 구분 달라 충족 여부 담당부서 확인 필요; 배포대장 SH-FM-145: 배포일 2026-09-01, 수령자 미기재; 승인자 '이사(사용자 진술, 서명본 대조 전)'; 기존자료 대응표: 자료 없음(유사도 0.33), 중복검토 통합 확정, 같은 번호 폴더 파일 0개 — 파일명 비교만, 내용 미확인; 진척율 준비상태 공란"
134,5. 자재관리,5-1,167,부품식별표,"선입/선출 관리기준 유무 (공정~출하) - 관리 대장, 레이아웃",(공란),SH-FM-256,SH-FM-256,유효(승인·배포 완료),생산팀,지성규,보완 필요,"배정 SH-FM-256(유효(승인·배포 완료)); SH-FM-256/Rev00 릴리스, 시트 31셀 — 양식 틀 상태(점검 항목·기준 미작성), 보존 5년; 배포대장 SH-FM-256: 배포일 2026-09-01, 수령자 미기재; 승인자 '이사(사용자 진술, 서명본 대조 전)'; 기존자료 대응표: 자료 없음(유사도 0.22), 중복검토 , 같은 번호 폴더 파일 0개 — 파일명 비교만, 내용 미확인; 진척율 준비상태 공란"
135,5. 자재관리,5-1,168,작업일보,"선입선출 준수여부 - 중요부품 샘플링 점검, 인라인투입제품, 투입대기제품, 자재창고 적재 제품 생산일 점검",(공란),SH-FM-257,SH-FM-145,유효(승인·배포 완료),생산팀,지성규,판단 보류,"배정 SH-FM-257(통합(사용 안 함)); 통합 SH-FM-257→SH-FM-145; SH-FM-145/Rev00 릴리스, 시트 31셀 — 양식 틀 상태(점검 항목·기준 미작성), 보존 5년; 대표 SH-FM-145 는 SQ '1. 생산조건관리 1-5' 요구용 — 이 항목 요구(5. 자재관리 5-1)와 구분 달라 충족 여부 담당부서 확인 필요; 배포대장 SH-FM-145: 배포일 2026-09-01, 수령자 미기재; 승인자 '이사(사용자 진술, 서명본 대조 전)'; 기존자료 대응표: 자료 없음(유사도 0.33), 중복검토 통합 확정, 같은 번호 폴더 파일 0개 — 파일명 비교만, 내용 미확인; 진척율 준비상태 공란"
136,5. 자재관리,5-1,169,부품식별표,"부품 LOT 표기 여부  (표준류 지정시) - 각인, 스티커, 타각 등",(공란),SH-FM-258,SH-FM-256,유효(승인·배포 완료),생산팀,지성규,보완 필요,"배정 SH-FM-258(통합(사용 안 함)); 통합 SH-FM-258→SH-FM-256; SH-FM-256/Rev00 릴리스, 시트 31셀 — 양식 틀 상태(점검 항목·기준 미작성), 보존 5년; 배포대장 SH-FM-256: 배포일 2026-09-01, 수령자 미기재; 승인자 '이사(사용자 진술, 서명본 대조 전)'; 기존자료 대응표: 자료 없음(유사도 0.22), 중복검토 통합 확정, 같은 번호 폴더 파일 0개 — 파일명 비교만, 내용 미확인; 진척율 준비상태 공란"
137,5. 자재관리,5-1,170,출하일지,부품 LOT기록 마스터리스트 관리되고 역추적 가능 여부,(공란),SH-FM-259,SH-FM-259,유효(승인·배포 완료),구매자재팀,이은주,보완 필요,"배정 SH-FM-259(유효(승인·배포 완료)); SH-FM-259-261/Rev00 릴리스, 시트 31셀 — 양식 틀 상태(점검 항목·기준 미작성), 보존 5년; 배포대장 SH-FM-259: 배포일 2026-09-01, 수령자 미기재; 승인자 '이사(사용자 진술, 서명본 대조 전)'; 기존자료 대응표: 자료 없음(유사도 0.22), 중복검토 , 같은 번호 폴더 파일 0개 — 파일명 비교만, 내용 미확인; 진척율 준비상태 공란"
138,5. 자재관리,5-1,171,고객부품식별표,[CASE2] LOT전산관리    - 파렛트단위,(공란),SH-FM-260,SH-FM-260,유효(승인·배포 완료),구매자재팀,이은주,보완 필요,"배정 SH-FM-260(유효(승인·배포 완료)); SH-FM-259-261/Rev00 릴리스, 시트 31셀 — 양식 틀 상태(점검 항목·기준 미작성), 보존 5년; 배포대장 SH-FM-260: 배포일 2026-09-01, 수령자 미기재; 승인자 '이사(사용자 진술, 서명본 대조 전)'; 기존자료 대응표: 자료 없음(유사도 0.18), 중복검토 , 같은 번호 폴더 파일 0개 — 파일명 비교만, 내용 미확인; 진척율 준비상태 공란"
139,5. 자재관리,5-1,172,일별생산실적현황 OR LOT 관리대장,[CASE3] LOT전산관리    - 부품단위,(공란),SH-FM-261,SH-FM-261,유효(승인·배포 완료),생산팀,지성규,보완 필요,"배정 SH-FM-261(유효(승인·배포 완료)); SH-FM-259-261/Rev00 릴리스, 시트 31셀 — 양식 틀 상태(점검 항목·기준 미작성), 보존 5년; 배포대장 SH-FM-261: 배포일 2026-09-01, 수령자 미기재; 승인자 '이사(사용자 진술, 서명본 대조 전)'; 기존자료 대응표: 자료 없음(유사도 0.32), 중복검토 , 같은 번호 폴더 파일 0개 — 파일명 비교만, 내용 미확인; 진척율 준비상태 공란"
140,5. 자재관리,5-1,173,LOT관리기준서,None,(공란),SH-FM-262,SH-QP-018,-,생산팀,지성규,보유,"배정 SH-FM-262(통합(사용 안 함)); 통합 SH-FM-262→SH-QP-018 (QP 개정 편입); SH-QP-018 릴리스 SH-QP-018/Rev03_v2, 대장 등재; LOT관리기준서는 SH-QP-018 개정 본문에 편입(결정 2026-10-06); 배포대장 SH-QP-018: 배포일 2026-09-01, 수령자 미기재; 기존자료 대응표: 후보(사람 확인)(유사도 0.57), 중복검토 , 같은 번호 폴더 파일 0개 — 파일명 비교만, 내용 미확인; 진척율 준비상태 공란"
141,5. 자재관리,5-2,174,원자재보관관리기준서,"자재 창고 Lay Out 현황도 작성 및 선입선출 다이 등반영 상태(구조적 시스템, 입/불출 절차 효율성 확보 여부)",(공란),SH-FM-263,SH-FM-263,유효(승인·배포 완료),구매자재팀,이은주,보완 필요,"배정 SH-FM-263(유효(승인·배포 완료)); SH-FM-263/Rev00 릴리스, 시트 40셀 — 양식 틀 상태(점검 항목·기준 미작성), 보존 5년; 배포대장 SH-FM-263: 배포일 2026-09-01, 수령자 미기재; 승인자 '이사(사용자 진술, 서명본 대조 전)'; 기존자료 대응표: 후보(사람 확인)(유사도 0.62), 중복검토 , 같은 번호 폴더 파일 0개 — 파일명 비교만, 내용 미확인; 진척율 준비상태 공란"
142,5. 자재관리,5-2,175,원자재보관대 LAY-OUT 및재고현황,"입고품 적재/관리기준 수립 및 준수(입고 완료품 찍힘/발청, 이물질오염, 기타 손상 확인시 감점)",(공란),SH-FM-264,SH-FM-264,신규 배정,구매자재팀,이은주,미비,"배정 SH-FM-264(신규 배정); FM Master '신규 배정'(비문서·현물 틀) / 릴리스 폴더 없음 / 배포대장 미등재; 기존자료 대응표: 자료 없음(유사도 0.16), 중복검토 , 같은 번호 폴더 파일 0개 — 파일명 비교만, 내용 미확인; 진척율 준비상태 공란"
143,5. 자재관리,5-2,176,원자재보관대 구역설정및 식별,원소재 보관 관리기준 수립 및 준수상태(포장상태 및 개봉후 식별방법 등),(공란),SH-FM-265,SH-FM-265,신규 배정,구매자재팀,이은주,미비,"배정 SH-FM-265(신규 배정); FM Master '신규 배정'(비문서·현물 틀) / 릴리스 폴더 없음 / 배포대장 미등재; 기존자료 대응표: 자료 없음(유사도 0.19), 중복검토 , 같은 번호 폴더 파일 0개 — 파일명 비교만, 내용 미확인; 진척율 준비상태 공란"
144,5. 자재관리,5-2,177,원자재선입선출관리기준서,미사용 장기보관 자재류 처리기준 수립 및 이행상태,(공란),SH-FM-266,SH-FM-266,유효(승인·배포 완료),구매자재팀,이은주,보완 필요,"배정 SH-FM-266(유효(승인·배포 완료)); SH-FM-266-268/Rev00 릴리스, 시트 39셀 — 양식 틀 상태(점검 항목·기준 미작성), 보존 5년; 배포대장 SH-FM-266: 배포일 2026-09-01, 수령자 미기재; 승인자 '이사(사용자 진술, 서명본 대조 전)'; 기존자료 대응표: 후보(사람 확인)(유사도 0.56), 중복검토 , 같은 번호 폴더 파일 0개 — 파일명 비교만, 내용 미확인; 진척율 준비상태 공란"
145,5. 자재관리,5-2,178,.원자재식별표,설변에 의한 불용자재 발생시 자재 식별 및 혼입 방지 관리 상태,(공란),SH-FM-267,SH-FM-159,유효(승인·배포 완료),구매자재팀,이은주,판단 보류,"배정 SH-FM-267(통합(사용 안 함)); 통합 SH-FM-267→SH-FM-159; SH-FM-152-159/Rev00 릴리스, 시트 31셀 — 양식 틀 상태(점검 항목·기준 미작성), 보존 5년; 대표 SH-FM-159 는 SQ '2. 검사시험 2-1' 요구용 — 이 항목 요구(5. 자재관리 5-2)와 구분 달라 충족 여부 담당부서 확인 필요; 배포대장 SH-FM-159: 배포일 2026-09-01, 수령자 미기재; 승인자 '이사(사용자 진술, 서명본 대조 전)'; 기존자료 대응표: 자료 없음(유사도 0.29), 중복검토 , 같은 번호 폴더 파일 0개 — 파일명 비교만, 내용 미확인; 진척율 준비상태 공란"
146,5. 자재관리,5-2,179,장기재고보관관리기준서,항온/항습보관 필요 자재의 경우 보관장 관리기준 수립 및 준수 상태,(공란),SH-FM-268,SH-FM-268,유효(승인·배포 완료),구매자재팀,이은주,보완 필요,"배정 SH-FM-268(유효(승인·배포 완료)); SH-FM-266-268/Rev00 릴리스, 시트 40셀 — 양식 틀 상태(점검 항목·기준 미작성), 보존 5년; 배포대장 SH-FM-268: 배포일 2026-09-01, 수령자 미기재; 승인자 '이사(사용자 진술, 서명본 대조 전)'; 기존자료 대응표: 후보(사람 확인)(유사도 0.47), 중복검토 , 같은 번호 폴더 파일 0개 — 파일명 비교만, 내용 미확인; 진척율 준비상태 공란"
147,5. 자재관리,5-2,180,장기재고점검체크시트,None,(공란),SH-FM-269,SH-FM-118,ACTIVE,구매자재팀,이은주,보유,"배정 SH-FM-269(통합(사용 안 함)); 통합 SH-FM-269→SH-FM-118; SH-FM-101-121 릴리스, 시트 36셀(항목 열 작성), 보존 5년; 배포대장 미등재; 승인자 '이사(사용자 진술, 서명본 대조 전)'; 기존자료 대응표: 후보(사람 확인)(유사도 0.50), 중복검토 통합 확정, 같은 번호 폴더 파일 0개 — 파일명 비교만, 내용 미확인; 진척율 준비상태 공란"
148,5. 자재관리,5-2,181,장기재고식별표,None,(공란),SH-FM-270,SH-FM-270,유효(승인·배포 완료),구매자재팀,이은주,보완 필요,"배정 SH-FM-270(유효(승인·배포 완료)); SH-FM-270-272/Rev00 릴리스, 시트 31셀 — 양식 틀 상태(점검 항목·기준 미작성), 보존 5년; 배포대장 SH-FM-270: 배포일 2026-09-01, 수령자 미기재; 승인자 '이사(사용자 진술, 서명본 대조 전)'; 기존자료 대응표: 후보(사람 확인)(유사도 0.46), 중복검토 , 같은 번호 폴더 파일 0개 — 파일명 비교만, 내용 미확인; 진척율 준비상태 공란"
149,5. 자재관리,5-2,182,LAY-OUT 및재고현황,None,(공란),SH-FM-271,SH-FM-271,유효(승인·배포 완료),생산팀,지성규,보완 필요,"배정 SH-FM-271(유효(승인·배포 완료)); SH-FM-270-272/Rev00 릴리스, 시트 31셀 — 양식 틀 상태(점검 항목·기준 미작성), 보존 5년; 배포대장 SH-FM-271: 배포일 2026-09-01, 수령자 미기재; 승인자 '이사(사용자 진술, 서명본 대조 전)'; 기존자료 대응표: 자료 없음(유사도 0.13), 중복검토 , 같은 번호 폴더 파일 0개 — 파일명 비교만, 내용 미확인; 진척율 준비상태 공란"
150,5. 자재관리,5-2,183,구역설정및 식별,None,(공란),SH-FM-272,SH-FM-272,유효(승인·배포 완료),생산팀,지성규,보완 필요,"배정 SH-FM-272(유효(승인·배포 완료)); SH-FM-270-272/Rev00 릴리스, 시트 31셀 — 양식 틀 상태(점검 항목·기준 미작성), 보존 5년; 배포대장 SH-FM-272: 배포일 2026-09-01, 수령자 미기재; 승인자 '이사(사용자 진술, 서명본 대조 전)'; 기존자료 대응표: 자료 없음(유사도 0.00), 중복검토 , 같은 번호 폴더 파일 0개 — 파일명 비교만, 내용 미확인; 진척율 준비상태 공란"
151,5. 자재관리,5-2,184,부품식별표,None,(공란),SH-FM-273,SH-FM-256,유효(승인·배포 완료),생산팀,지성규,보완 필요,"배정 SH-FM-273(통합(사용 안 함)); 통합 SH-FM-273→SH-FM-256; SH-FM-256/Rev00 릴리스, 시트 31셀 — 양식 틀 상태(점검 항목·기준 미작성), 보존 5년; 배포대장 SH-FM-256: 배포일 2026-09-01, 수령자 미기재; 승인자 '이사(사용자 진술, 서명본 대조 전)'; 기존자료 대응표: 자료 없음(유사도 0.22), 중복검토 통합 확정, 같은 번호 폴더 파일 0개 — 파일명 비교만, 내용 미확인; 진척율 준비상태 공란"
152,5. 자재관리,5-2,185,'-불용자재관리기준서,None,(공란),SH-FM-274,SH-FM-274,유효(승인·배포 완료),구매자재팀,이은주,보완 필요,"배정 SH-FM-274(유효(승인·배포 완료)); SH-FM-274-276/Rev00 릴리스, 시트 40셀 — 양식 틀 상태(점검 항목·기준 미작성), 보존 5년; 배포대장 SH-FM-274: 배포일 2026-09-01, 수령자 미기재; 승인자 '이사(사용자 진술, 서명본 대조 전)'; 기존자료 대응표: 이름 일치(유사도 0.80), 중복검토 , 같은 번호 폴더 파일 0개 — 파일명 비교만, 내용 미확인; 진척율 준비상태 공란"
153,5. 자재관리,5-2,186,불용자재식별표,None,(공란),SH-FM-275,SH-FM-275,유효(승인·배포 완료),구매자재팀,이은주,보완 필요,"배정 SH-FM-275(유효(승인·배포 완료)); SH-FM-274-276/Rev00 릴리스, 시트 31셀 — 양식 틀 상태(점검 항목·기준 미작성), 보존 5년; 배포대장 SH-FM-275: 배포일 2026-09-01, 수령자 미기재; 승인자 '이사(사용자 진술, 서명본 대조 전)'; 기존자료 대응표: 후보(사람 확인)(유사도 0.46), 중복검토 , 같은 번호 폴더 파일 0개 — 파일명 비교만, 내용 미확인; 진척율 준비상태 공란"
154,5. 자재관리,5-3,187,선입고품 우선사용 TAG식별,"검사 전,후 식별 및 선입선출 관리",(공란),SH-FM-276,SH-FM-276,유효(승인·배포 완료),구매자재팀,이은주,보완 필요,"배정 SH-FM-276(유효(승인·배포 완료)); SH-FM-274-276/Rev00 릴리스, 시트 31셀 — 양식 틀 상태(점검 항목·기준 미작성), 보존 5년; 배포대장 SH-FM-276: 배포일 2026-09-01, 수령자 미기재; 승인자 '이사(사용자 진술, 서명본 대조 전)'; 기존자료 대응표: 같은 SQ 번호 폴더에 자료만 있음(유사도 0.00), 중복검토 , 같은 번호 폴더 파일 6개 — 파일명 비교만, 내용 미확인; 진척율 준비상태 공란"
155,5. 자재관리,5-3,188,.원자재식별표,소재사양 및 GRADE 식별절차,(공란),SH-FM-277,SH-FM-159,유효(승인·배포 완료),구매자재팀,이은주,판단 보류,"배정 SH-FM-277(통합(사용 안 함)); 통합 SH-FM-277→SH-FM-159; SH-FM-152-159/Rev00 릴리스, 시트 31셀 — 양식 틀 상태(점검 항목·기준 미작성), 보존 5년; 대표 SH-FM-159 는 SQ '2. 검사시험 2-1' 요구용 — 이 항목 요구(5. 자재관리 5-3)와 구분 달라 충족 여부 담당부서 확인 필요; 배포대장 SH-FM-159: 배포일 2026-09-01, 수령자 미기재; 승인자 '이사(사용자 진술, 서명본 대조 전)'; 기존자료 대응표: 같은 SQ 번호 폴더에 자료만 있음(유사도 0.17), 중복검토 통합 확정, 같은 번호 폴더 파일 6개 — 파일명 비교만, 내용 미확인; 진척율 준비상태 공란"
156,5. 자재관리,5-3,189,장기재고보관관리기준서,장기/불용/개발품 자재 관리기준 및 식별절차(장기/불용/개발용 원재료 별도 구분/식별관리),(공란),SH-FM-278,SH-FM-268,유효(승인·배포 완료),구매자재팀,이은주,보완 필요,"배정 SH-FM-278(통합(사용 안 함)); 통합 SH-FM-278→SH-FM-268; SH-FM-266-268/Rev00 릴리스, 시트 40셀 — 양식 틀 상태(점검 항목·기준 미작성), 보존 5년; 배포대장 SH-FM-268: 배포일 2026-09-01, 수령자 미기재; 승인자 '이사(사용자 진술, 서명본 대조 전)'; 기존자료 대응표: 후보(사람 확인)(유사도 0.47), 중복검토 통합 확정, 같은 번호 폴더 파일 6개 — 파일명 비교만, 내용 미확인; 진척율 준비상태 공란"
157,5. 자재관리,5-3,190,장기재고식별표,공정 투입후 잔량관리(보관상태/식별표시/유효기간 설정 등),(공란),SH-FM-279,SH-FM-270,유효(승인·배포 완료),구매자재팀,이은주,보완 필요,"배정 SH-FM-279(통합(사용 안 함)); 통합 SH-FM-279→SH-FM-270; SH-FM-270-272/Rev00 릴리스, 시트 31셀 — 양식 틀 상태(점검 항목·기준 미작성), 보존 5년; 배포대장 SH-FM-270: 배포일 2026-09-01, 수령자 미기재; 승인자 '이사(사용자 진술, 서명본 대조 전)'; 기존자료 대응표: 후보(사람 확인)(유사도 0.46), 중복검토 통합 확정, 같은 번호 폴더 파일 6개 — 파일명 비교만, 내용 미확인; 진척율 준비상태 공란"
158,5. 자재관리,5-3,191,부품식별표,None,(공란),SH-FM-280,SH-FM-256,유효(승인·배포 완료),생산팀,지성규,보완 필요,"배정 SH-FM-280(통합(사용 안 함)); 통합 SH-FM-280→SH-FM-256; SH-FM-256/Rev00 릴리스, 시트 31셀 — 양식 틀 상태(점검 항목·기준 미작성), 보존 5년; 배포대장 SH-FM-256: 배포일 2026-09-01, 수령자 미기재; 승인자 '이사(사용자 진술, 서명본 대조 전)'; 기존자료 대응표: 같은 SQ 번호 폴더에 자료만 있음(유사도 0.22), 중복검토 통합 확정, 같은 번호 폴더 파일 6개 — 파일명 비교만, 내용 미확인; 진척율 준비상태 공란"
159,5. 자재관리,5-4,192,공정제품 용기설정 기준서,품목별/공정별 장입(적재) 기준 수립 및 준수상태/ 과다적재 예방을 위한 장입 한계 기준설정 등,(공란),SH-FM-281,SH-FM-281,유효(승인·배포 완료),생산팀,지성규,보완 필요,"배정 SH-FM-281(유효(승인·배포 완료)); SH-FM-281-291/Rev00 릴리스, 시트 39셀 — 양식 틀 상태(점검 항목·기준 미작성), 보존 5년; 배포대장 SH-FM-281: 배포일 2026-09-01, 수령자 미기재; 승인자 '이사(사용자 진술, 서명본 대조 전)'; 기존자료 대응표: 자료 없음(유사도 0.29), 중복검토 , 같은 번호 폴더 파일 0개 — 파일명 비교만, 내용 미확인; 진척율 준비상태 공란"
160,5. 자재관리,5-4,193,과다적재방지 장입한계기준 설정,외관확인이 어려운 공정처리 전/후 재공품 보관용기 식별절차 수립 및 준수상태,(공란),SH-FM-282,SH-FM-282,유효(승인·배포 완료),생산팀,지성규,보완 필요,"배정 SH-FM-282(유효(승인·배포 완료)); SH-FM-281-291/Rev00 릴리스, 시트 31셀 — 양식 틀 상태(점검 항목·기준 미작성), 보존 5년; 배포대장 SH-FM-282: 배포일 2026-09-01, 수령자 미기재; 승인자 '이사(사용자 진술, 서명본 대조 전)'; 기존자료 대응표: 자료 없음(유사도 0.12), 중복검토 , 같은 번호 폴더 파일 0개 — 파일명 비교만, 내용 미확인; 진척율 준비상태 공란"
161,5. 자재관리,5-4,194,완성품 납용용기설정서,"(예: 표면처리, 열처리 전/후 용기 식별관리 절차 수립 등)",(공란),SH-FM-283,SH-FM-283,유효(승인·배포 완료),구매자재팀,이은주,보완 필요,"배정 SH-FM-283(유효(승인·배포 완료)); SH-FM-281-291/Rev00 릴리스, 시트 31셀 — 양식 틀 상태(점검 항목·기준 미작성), 보존 5년; 배포대장 SH-FM-283: 배포일 2026-09-01, 수령자 미기재; 승인자 '이사(사용자 진술, 서명본 대조 전)'; 기존자료 대응표: 자료 없음(유사도 0.20), 중복검토 , 같은 번호 폴더 파일 0개 — 파일명 비교만, 내용 미확인; 진척율 준비상태 공란"
162,5. 자재관리,5-4,195,완성품 LAY-OUT,"제품 특성을 고려한 용기 관리기준 설정(청정도 관리 대상품 이물질유입 예방목적 용기세척, 오염방지커버적용등)",(공란),SH-FM-284,SH-FM-284,유효(승인·배포 완료),구매자재팀,이은주,보완 필요,"배정 SH-FM-284(유효(승인·배포 완료)); SH-FM-281-291/Rev00 릴리스, 시트 31셀 — 양식 틀 상태(점검 항목·기준 미작성), 보존 5년; 배포대장 SH-FM-284: 배포일 2026-09-01, 수령자 미기재; 승인자 '이사(사용자 진술, 서명본 대조 전)'; 기존자료 대응표: 자료 없음(유사도 0.21), 중복검토 , 같은 번호 폴더 파일 0개 — 파일명 비교만, 내용 미확인; 진척율 준비상태 공란"
163,5. 자재관리,5-4,196,완성품 적재공간 구역설정 LINE MARK'G,"포장 용기 다단적재 및 현장 적재상태 (종이BOX, 프라스틱BOX, 전용용기 등 적재 관리기준 수립 및 이행상태)",(공란),SH-FM-285,SH-FM-285,유효(승인·배포 완료),구매자재팀,이은주,보완 필요,"배정 SH-FM-285(유효(승인·배포 완료)); SH-FM-281-291/Rev00 릴리스, 시트 31셀 — 양식 틀 상태(점검 항목·기준 미작성), 보존 5년; 배포대장 SH-FM-285: 배포일 2026-09-01, 수령자 미기재; 승인자 '이사(사용자 진술, 서명본 대조 전)'; 기존자료 대응표: 자료 없음(유사도 0.16), 중복검토 , 같은 번호 폴더 파일 0개 — 파일명 비교만, 내용 미확인; 진척율 준비상태 공란"
164,5. 자재관리,5-4,197,완성품 적재장소 NAME PLATE부착,완제품 보관관리 기준 및 관리상태,(공란),SH-FM-286,SH-FM-286,유효(승인·배포 완료),구매자재팀,이은주,보완 필요,"배정 SH-FM-286(유효(승인·배포 완료)); SH-FM-281-291/Rev00 릴리스, 시트 31셀 — 양식 틀 상태(점검 항목·기준 미작성), 보존 5년; 배포대장 SH-FM-286: 배포일 2026-09-01, 수령자 미기재; 승인자 '이사(사용자 진술, 서명본 대조 전)'; 기존자료 대응표: 자료 없음(유사도 0.19), 중복검토 , 같은 번호 폴더 파일 0개 — 파일명 비교만, 내용 미확인; 진척율 준비상태 공란"
