배포일,문서번호,Rev,릴리스 경로,문서 SHA-256,PDF,배포본,무결성
2026-10-02,SH-FM-066-069_078-080_094_096_공식양식_Rev00,00,05_FINAL/RELEASED/SH-FM-066-069_078-080_094_096_공식양식_Rev00/Rev00,b309d447088b3a933b61027529f6ec5ff271b8bc0f6505a82b0d1fd71c5718a3,X,X,PASS
2026-10-02,SH-FM-122,00,05_FINAL/RELEASED/SH-FM-122/Rev00,1e20b8750dd38b5f58e989221022fb67d47ea1f84d8a59cedba5d13e80953fa3,X,X,PASS
2026-10-02,SH-FM-101-121_현장작성양식_Rev00_수정본,00,05_FINAL/RELEASED/SH-FM-101-121_현장작성양식_Rev00_수정본/Rev00,42bcb8566bec85929d1e6b22d1a9c4bd818fd29957644489dd4a49275bde8433,X,X,PASS
2026-10-02,SH-FM-101-121_현장작성양식_Rev03_수정본,03,05_FINAL/RELEASED/SH-FM-101-121/Rev03,fe0124f3a87a4ee9c407f25092a0748b711b04abbabef123074ad85e2c2c51d6,X,X,PASS
2026-10-07,SH-FM-101-121_현장작성양식_Rev03_수정본7,03,05_FINAL\RELEASED\SH-FM-101-121\Rev03_v2,82d7d5cbc02427c77d9c1b82b3e84f16abe8788be090387bc3d6dca812ea9cf1,O,O,PASS
2026-10-07,SH-FM-066-069_078-080_094_096_공식양식_Rev00_수정본2,00,05_FINAL\RELEASED\SH-FM-066-069\Rev00,0e144cab475cc694599e0c820f3f3835d9a9f7ebd60051d9a582b53a47d7c044,O,O,PASS
2026-10-07,SH-FM-122,00,05_FINAL\RELEASED\SH-FM-122\Rev00_v2,a4fa0bf0e9b129afa53d58683c61f432301c36d5cab25717363354284ab7e3cb,O,O,PASS
2026-10-07,SH-FM-363,00,05_FINAL\RELEASED\SH-FM-363\Rev00,f21a80dc0e744d71f350d80ceb15c2a0ac50dcb2717cd6224151d34b9c73ecac,O,O,PASS
2026-10-07,SH-FM-364,00,05_FINAL\RELEASED\SH-FM-364\Rev00,2bc9aa9d3e45b506ddb9ef09c70107f67c88017cac98aea514196a62224218f1,O,O,PASS
2026-10-07,SH-QP-018,03,05_FINAL\RELEASED\SH-QP-018\Rev03,f097f09fabfd1fee45476cb1dc2cfa12a5c5fe50b3e4f6e61f97d22a39ae7e14,O,O,PASS
2026-10-07,SH-QP-018,03,05_FINAL\RELEASED\SH-QP-018\Rev03_v2,6ac4d075378e4b6a59ab1e3be3c5fdb8a6fb192449ec107c46977215ed663f17,O,O,PASS
2026-10-07,SH-FM-363,00,05_FINAL\RELEASED\SH-FM-363\Rev00_v2,580b124e2ccca183f5902b3435409a257a11e110bb88a0efb4ff1bd5d4a21e4e,O,O,PASS
2026-10-07,SH-FM-364,00,05_FINAL\RELEASED\SH-FM-364\Rev00_v2,457db299056a2ca56dfcadbaf8dbc996fd86a6bc8b23ed5e07479bd5cfcb387f,O,O,PASS
2026-10-07,SH-FM-071,00,05_FINAL\RELEASED\SH-FM-071\Rev00,306c1afe1bd2e68f22b71d074bb6ba9282868d7158cacb63c5f28b2fa4e1de8e,O,O,PASS
2026-10-07,SH-FM-101-121_현장작성양식_Rev03_수정본9,03,05_FINAL\RELEASED\SH-FM-101-121\Rev03,3dca76f8fd63d07423971c5357fb565a8d16e345de2d0b7e62c67d525cb67493,O,O,PASS
2026-10-08,SH-FM-123-125_SQ보통_양식초안_Rev00_수정본3,00,05_FINAL\RELEASED\SH-FM-123-125\Rev00,7226054ea741fc90434966bf346ec436183ae83523c8069ccaecd4d57606a6f8,O,O,PASS
2026-10-08,SH-FM-127-128_SQ보통_양식초안_Rev00_수정본3,00,05_FINAL\RELEASED\SH-FM-127-128\Rev00,cf6623782c97df40770d711ddffb17d6f4b196e52445b5eae6fafcbb17239df3,O,O,PASS
2026-10-08,SH-FM-130-132_SQ보통_양식초안_Rev00_수정본3,00,05_FINAL\RELEASED\SH-FM-130-132\Rev00,713c85e667ed4f62c2f3561934a1057451dde002a60ebef4fff34743f3b4691f,O,O,PASS
2026-10-08,SH-FM-133-137_SQ낮음_양식초안_Rev00_수정본3,00,05_FINAL\RELEASED\SH-FM-133-137\Rev00,f274c25d01845fa23ef1a03d0632b8a552e529669357a19283ca9c0d32c3e951,O,O,PASS
2026-10-08,SH-FM-138-140_SQ보통_양식초안_Rev00_수정본3,00,05_FINAL\RELEASED\SH-FM-138-140\Rev00,5f158de095f5352dbf163d48118e116b63bd3809ad2958091c06a4f1f7d7e52d,O,O,PASS
2026-10-08,SH-FM-142-143_SQ보통_양식초안_Rev00_수정본3,00,05_FINAL\RELEASED\SH-FM-142-143\Rev00,946d386f3b639957aca314579e38243eca5583bad908fd79787f7d9436d09a88,O,O,PASS
2026-10-08,SH-FM-145,00,05_FINAL\RELEASED\SH-FM-145\Rev00,54fb4de919e84623d8dca458eb54cc5a5969b225f5994a44225211262876c58a,O,O,PASS
2026-10-08,SH-FM-152-159_SQ높음_양식초안_Rev00_수정본3,00,05_FINAL\RELEASED\SH-FM-152-159\Rev00,256bb88c2af834064b93e0f6f3223b58b2525c57f826a176f079652dcfff1e4a,O,O,PASS
2026-10-08,SH-FM-160-166_SQ보통_양식초안_Rev00_수정본3,00,05_FINAL\RELEASED\SH-FM-160-166\Rev00,13ea2ef0f45dbcff23960ce4515bba9705cc7f7bcd87fafd3ade1f45d8cb7236,O,O,PASS
2026-10-08,SH-FM-168,00,05_FINAL\RELEASED\SH-FM-168\Rev00,24eaee3f1b0c6483e0e7e85dd7f5ac3d25b75dbfd6eda7d6c5a6f49fdcff4f7f,O,O,PASS
2026-10-08,SH-FM-171-172_SQ보통_양식초안_Rev00_수정본3,00,05_FINAL\RELEASED\SH-FM-171-172\Rev00,0ff7bb19fd03aa629800b4c44a33ada6bce31c66c22091927ad7bf870c086614,O,O,PASS
2026-10-08,SH-FM-174-186_SQ보통_양식초안_Rev00_수정본3,00,05_FINAL\RELEASED\SH-FM-174-186\Rev00,c471b410c983560cdc6938e1c643833b4411d4b65bd4797523c5b4d1e92092aa,O,O,PASS
2026-10-08,SH-FM-194-196_SQ높음_양식초안_Rev00_수정본3,00,05_FINAL\RELEASED\SH-FM-194-196\Rev00,827b1fc88a61e995b4fafae7587c6556ca359f17027ee0d090246a98cec9c3ab,O,O,PASS
2026-10-08,SH-FM-207-209_SQ보통_양식초안_Rev00_수정본3,00,05_FINAL\RELEASED\SH-FM-207-209\Rev00,adc43d6bf7ea3d8eb503d4f3fde6dee81ad27544dea8190dafa0428942e26a7a,O,O,PASS
2026-10-08,SH-FM-211-220_SQ보통_양식초안_Rev00_수정본3,00,05_FINAL\RELEASED\SH-FM-211-220\Rev00,5d535aa7101202846028c07ddf02c72f1509353f75b45d64c83849a6ff0e0738,O,O,PASS
2026-10-08,SH-FM-231-234_SQ보통_양식초안_Rev00_수정본3,00,05_FINAL\RELEASED\SH-FM-231-234\Rev00,a92a1b24e6c08b345eceb9f5766afdd6009bbbcd7eb700f760ff37c0eebe9880,O,O,PASS
2026-10-08,SH-FM-236-244_SQ보통_양식초안_Rev00_수정본3,00,05_FINAL\RELEASED\SH-FM-236-244\Rev00,9906b614f66c4fad2e34d7b72cbdf0251b14b9ef453ecf64fcd5af97e6308926,O,O,PASS
2026-10-08,SH-FM-246-247_SQ낮음_양식초안_Rev00_수정본3,00,05_FINAL\RELEASED\SH-FM-246-247\Rev00,f1c6676d14e3ac995edb1927e44c502838ac12f53e2b35d9564b0590491634b4,O,O,PASS
2026-10-08,SH-FM-249-253_SQ낮음_양식초안_Rev00_수정본3,00,05_FINAL\RELEASED\SH-FM-249-253\Rev00,a07ae5b16be15bce82c0692cc615948957e2519e6e565d6a1deb68b68b0192c9,O,O,PASS
2026-10-08,SH-FM-254,00,05_FINAL\RELEASED\SH-FM-254\Rev00,b710c8adaeb2910b037b8a9a812aac1f514d39d56ca781cab42ed729a6ec7310,O,O,PASS
2026-10-08,SH-FM-256,00,05_FINAL\RELEASED\SH-FM-256\Rev00,9db729c13e98ebaa3c8dd6038e1ec559c412cbc5dfe9c0c1b7f0711a44ad9e7d,O,O,PASS
2026-10-08,SH-FM-259-261_SQ보통_양식초안_Rev00_수정본3,00,05_FINAL\RELEASED\SH-FM-259-261\Rev00,f168db47646ecb212f9cbb07e2c8ec32e986405774df02682a4017f171455e0d,O,O,PASS
2026-10-08,SH-FM-263,00,05_FINAL\RELEASED\SH-FM-263\Rev00,0f5ebd09cee372767e7499ea5eb787d8435eea5606b2b557e8739377633088fb,O,O,PASS
2026-10-08,SH-FM-266-268_SQ보통_양식초안_Rev00_수정본3,00,05_FINAL\RELEASED\SH-FM-266-268\Rev00,1e9b4585fb5192c96a4f08e7e1b3ce5c0706c0d7dc091b633d4b70f85933939d,O,O,PASS
2026-10-08,SH-FM-270-272_SQ보통_양식초안_Rev00_수정본3,00,05_FINAL\RELEASED\SH-FM-270-272\Rev00,4bb96594571a408dc93d04ca798991d3bb2e2411a7a13d4994dbf6f140827707,O,O,PASS
2026-10-08,SH-FM-274-276_SQ보통_양식초안_Rev00_수정본3,00,05_FINAL\RELEASED\SH-FM-274-276\Rev00,dc80ca212d71c0e269e81d7e6e055b515d42cad0fc1261a86bd2e0ee166939c2,O,O,PASS
2026-10-08,SH-FM-281-291_SQ보통_양식초안_Rev00_수정본3,00,05_FINAL\RELEASED\SH-FM-281-291\Rev00,b51461aa17b3694f0dc17eaa7278e9e9069a4a59edb72e4f60036d2123510f88,O,O,PASS
2026-10-08,SH-FM-293-307_SQ보통_양식초안_Rev00_수정본3,00,05_FINAL\RELEASED\SH-FM-293-307\Rev00,813cdea287897a9c5a37b9c7224f8eb5354a1eff7424cff76e9f04c7cc9a3828,O,O,PASS
2026-10-08,SH-FM-308-311_SQ낮음_양식초안_Rev00_수정본3,00,05_FINAL\RELEASED\SH-FM-308-311\Rev00,9f27c5823ed4329101c16ab70d2b18dd36b1adadd91f0a658ca858d95594b99c,O,O,PASS
2026-10-08,SH-FM-313-318_SQ보통_양식초안_Rev00_수정본3,00,05_FINAL\RELEASED\SH-FM-313-318\Rev00,603ade2db77441e0e221ec6ff285221e607487d52efe6d33d43fb96ae3a7ee4e,O,O,PASS
2026-10-08,SH-FM-320-322_SQ보통_양식초안_Rev00_수정본3,00,05_FINAL\RELEASED\SH-FM-320-322\Rev00,1c7919c943746bf2c0366b3341ac744e7d697a8cd0b0d7b23bca48d3b61f961a,O,O,PASS
2026-10-08,SH-FM-323-326_SQ낮음_양식초안_Rev00_수정본3,00,05_FINAL\RELEASED\SH-FM-323-326\Rev00,0152e1c5e98f03ff6091954092b7ebc1b022c88ac9dc678e932aaf988107270e,O,O,PASS
2026-10-08,SH-FM-327-336_SQ보통_양식초안_Rev00_수정본3,00,05_FINAL\RELEASED\SH-FM-327-336\Rev00,133b2859be7312d21efd132e613005b427a3fc18fddc742be7827f66a95666cf,O,O,PASS
2026-10-08,SH-FM-337-345_SQ낮음_양식초안_Rev00_수정본3,00,05_FINAL\RELEASED\SH-FM-337-345\Rev00,3fef56d8d630b5268591123593b17c00d4d5d56a2f3e48261b7e19c11a250e4c,O,O,PASS
2026-10-08,SH-FM-347-354_SQ낮음_양식초안_Rev00_수정본3,00,05_FINAL\RELEASED\SH-FM-347-354\Rev00,f8617c22b1718aa86d0ab8690870f406d28c39239527382c722a59164c7e6af9,O,O,PASS
2026-10-08,SH-FM-356,00,05_FINAL\RELEASED\SH-FM-356\Rev00,0adab4f8c284d708b963d19b33351dabaa0041dee8b5862ce662d838e4729171,O,O,PASS
2026-10-08,SH-FM-357-362_SQ보통_양식초안_Rev00_수정본3,00,05_FINAL\RELEASED\SH-FM-357-362\Rev00,91fd738cc62af32da941efd1f9c8e36b5228c2fea0cb188ac44a3d5fd94fc500,O,O,PASS
2026-10-08,SH-FM-045,00,05_FINAL\RELEASED\SH-FM-045\Rev00,3ca19a76a9d6ee21f748672f0c83c72ec4aac5d3a127e03c11fcc5d4f99eec4e,O,O,PASS
2026-10-08,SH-FM-149-151_SQ높음_양식초안_Rev00_수정본3,00,05_FINAL\RELEASED\SH-FM-149-151\Rev00,41b5bb655e32e2e8a0738ee62f9d345ad4aafd9717f4433c52b601af1b4bf962,O,O,PASS
2026-10-08,SH-FM-190,00,05_FINAL\RELEASED\SH-FM-190\Rev00,9442ac29fae539d8be170f7e16807871c74428025e7ebe6e9c5fe8f1a87afa5b,O,O,PASS
2026-10-08,SH-FM-200-201_SQ높음_양식초안_Rev00_수정본3,00,05_FINAL\RELEASED\SH-FM-200-201\Rev00,f0560931520d4671bfe35a54045c91859f7c30cbd2941f2551ade187e9851f7c,O,O,PASS
2026-10-08,SH-FM-203-204_SQ높음_양식초안_Rev00_수정본3,00,05_FINAL\RELEASED\SH-FM-203-204\Rev00,460a1bb17246fdf8ca8efccda86ac82988fbb0f2389b76bf924f6db50e6ff8ae,O,O,PASS
