release,file,result,note
SH-FM-066-069\Rev00,SH-FM-066-069_078-080_094_096_공식양식_Rev00_수정본2.xlsx,PASS,0e144cab475c
SH-FM-066-069\Rev00,SH-FM-066-069_078-080_094_096_공식양식_Rev00_수정본2.pdf,PASS,fb851be576b6
SH-FM-066-069\Rev00,SH-FM-066-069_078-080_094_096_공식양식_Rev00_수정본2_배포본_20261007.pdf,PASS,fb851be576b6
SH-FM-071\Rev00,SH-FM-071_부적합품관련관리기록_Rev00_수정본4.xlsx,PASS,306c1afe1bd2
SH-FM-071\Rev00,SH-FM-071_부적합품관련관리기록_Rev00_수정본4.pdf,PASS,2aa793747c0b
SH-FM-071\Rev00,SH-FM-071_부적합품관련관리기록_Rev00_수정본4_배포본_20261007.pdf,PASS,2aa793747c0b
SH-FM-101-121\Rev03,SH-FM-101-121_현장작성양식_Rev03_수정본9.xlsx,PASS,3dca76f8fd63
SH-FM-101-121\Rev03,SH-FM-101-121_현장작성양식_Rev03_수정본9.pdf,PASS,2484cb70a869
SH-FM-101-121\Rev03,SH-FM-101-121_현장작성양식_Rev03_수정본9_배포본_20261007.pdf,PASS,2484cb70a869
SH-FM-122\Rev00_v2,SH-FM-122_현장양식목록_작성계획_Rev00_수정본3.xlsx,PASS,a4fa0bf0e9b1
SH-FM-122\Rev00_v2,SH-FM-122_현장양식목록_작성계획_Rev00_수정본3.pdf,PASS,eb63c8890ecf
SH-FM-122\Rev00_v2,SH-FM-122_현장양식목록_작성계획_Rev00_수정본3_배포본_20261007.pdf,PASS,eb63c8890ecf
SH-FM-123-125\Rev00,SH-FM-123-125_SQ보통_양식초안_Rev00_수정본3.xlsx,PASS,7226054ea741
SH-FM-123-125\Rev00,SH-FM-123-125_SQ보통_양식초안_Rev00_수정본3.pdf,PASS,943c3ef7c3f2
SH-FM-123-125\Rev00,SH-FM-123-125_SQ보통_양식초안_Rev00_수정본3_배포본_20261008.pdf,PASS,943c3ef7c3f2
SH-FM-127-128\Rev00,SH-FM-127-128_SQ보통_양식초안_Rev00_수정본3.xlsx,PASS,cf6623782c97
SH-FM-127-128\Rev00,SH-FM-127-128_SQ보통_양식초안_Rev00_수정본3.pdf,PASS,0a5333b06225
SH-FM-127-128\Rev00,SH-FM-127-128_SQ보통_양식초안_Rev00_수정본3_배포본_20261008.pdf,PASS,0a5333b06225
SH-FM-130-132\Rev00,SH-FM-130-132_SQ보통_양식초안_Rev00_수정본3.xlsx,PASS,713c85e667ed
SH-FM-130-132\Rev00,SH-FM-130-132_SQ보통_양식초안_Rev00_수정본3.pdf,PASS,878ded497193
SH-FM-130-132\Rev00,SH-FM-130-132_SQ보통_양식초안_Rev00_수정본3_배포본_20261008.pdf,PASS,878ded497193
SH-FM-133-137\Rev00,SH-FM-133-137_SQ낮음_양식초안_Rev00_수정본3.xlsx,PASS,f274c25d0184
SH-FM-133-137\Rev00,SH-FM-133-137_SQ낮음_양식초안_Rev00_수정본3.pdf,PASS,6d613fb98478
SH-FM-133-137\Rev00,SH-FM-133-137_SQ낮음_양식초안_Rev00_수정본3_배포본_20261008.pdf,PASS,6d613fb98478
SH-FM-138-140\Rev00,SH-FM-138-140_SQ보통_양식초안_Rev00_수정본3.xlsx,PASS,5f158de095f5
SH-FM-138-140\Rev00,SH-FM-138-140_SQ보통_양식초안_Rev00_수정본3.pdf,PASS,1b7021377df5
SH-FM-138-140\Rev00,SH-FM-138-140_SQ보통_양식초안_Rev00_수정본3_배포본_20261008.pdf,PASS,1b7021377df5
SH-FM-142-143\Rev00,SH-FM-142-143_SQ보통_양식초안_Rev00_수정본3.xlsx,PASS,946d386f3b63
SH-FM-142-143\Rev00,SH-FM-142-143_SQ보통_양식초안_Rev00_수정본3.pdf,PASS,6323e9382d3b
SH-FM-142-143\Rev00,SH-FM-142-143_SQ보통_양식초안_Rev00_수정본3_배포본_20261008.pdf,PASS,6323e9382d3b
SH-FM-145\Rev00,SH-FM-145_SQ높음_양식초안_Rev00_수정본3.xlsx,PASS,54fb4de919e8
SH-FM-145\Rev00,SH-FM-145_SQ높음_양식초안_Rev00_수정본3.pdf,PASS,470308251ec1
SH-FM-145\Rev00,SH-FM-145_SQ높음_양식초안_Rev00_수정본3_배포본_20261008.pdf,PASS,470308251ec1
SH-FM-152-159\Rev00,SH-FM-152-159_SQ높음_양식초안_Rev00_수정본3.xlsx,PASS,256bb88c2af8
SH-FM-152-159\Rev00,SH-FM-152-159_SQ높음_양식초안_Rev00_수정본3.pdf,PASS,ad0a36867a5a
SH-FM-152-159\Rev00,SH-FM-152-159_SQ높음_양식초안_Rev00_수정본3_배포본_20261008.pdf,PASS,ad0a36867a5a
SH-FM-160-166\Rev00,SH-FM-160-166_SQ보통_양식초안_Rev00_수정본3.xlsx,PASS,13ea2ef0f45d
SH-FM-160-166\Rev00,SH-FM-160-166_SQ보통_양식초안_Rev00_수정본3.pdf,PASS,bc971d678f1d
SH-FM-160-166\Rev00,SH-FM-160-166_SQ보통_양식초안_Rev00_수정본3_배포본_20261008.pdf,PASS,bc971d678f1d
SH-FM-168\Rev00,SH-FM-168_SQ보통_양식초안_Rev00_수정본3.xlsx,PASS,24eaee3f1b0c
SH-FM-168\Rev00,SH-FM-168_SQ보통_양식초안_Rev00_수정본3.pdf,PASS,71a897511bd3
SH-FM-168\Rev00,SH-FM-168_SQ보통_양식초안_Rev00_수정본3_배포본_20261008.pdf,PASS,71a897511bd3
SH-FM-171-172\Rev00,SH-FM-171-172_SQ보통_양식초안_Rev00_수정본3.xlsx,PASS,0ff7bb19fd03
SH-FM-171-172\Rev00,SH-FM-171-172_SQ보통_양식초안_Rev00_수정본3.pdf,PASS,e176750066e0
SH-FM-171-172\Rev00,SH-FM-171-172_SQ보통_양식초안_Rev00_수정본3_배포본_20261008.pdf,PASS,e176750066e0
SH-FM-174-186\Rev00,SH-FM-174-186_SQ보통_양식초안_Rev00_수정본3.xlsx,PASS,c471b410c983
SH-FM-174-186\Rev00,SH-FM-174-186_SQ보통_양식초안_Rev00_수정본3.pdf,PASS,8c8e93b39ee9
SH-FM-174-186\Rev00,SH-FM-174-186_SQ보통_양식초안_Rev00_수정본3_배포본_20261008.pdf,PASS,8c8e93b39ee9
SH-FM-194-196\Rev00,SH-FM-194-196_SQ높음_양식초안_Rev00_수정본3.xlsx,PASS,827b1fc88a61
SH-FM-194-196\Rev00,SH-FM-194-196_SQ높음_양식초안_Rev00_수정본3.pdf,PASS,e3f750b1b65b
SH-FM-194-196\Rev00,SH-FM-194-196_SQ높음_양식초안_Rev00_수정본3_배포본_20261008.pdf,PASS,e3f750b1b65b
SH-FM-207-209\Rev00,SH-FM-207-209_SQ보통_양식초안_Rev00_수정본3.xlsx,PASS,adc43d6bf7ea
SH-FM-207-209\Rev00,SH-FM-207-209_SQ보통_양식초안_Rev00_수정본3.pdf,PASS,03a79c15b02e
SH-FM-207-209\Rev00,SH-FM-207-209_SQ보통_양식초안_Rev00_수정본3_배포본_20261008.pdf,PASS,03a79c15b02e
SH-FM-211-220\Rev00,SH-FM-211-220_SQ보통_양식초안_Rev00_수정본3.xlsx,PASS,5d535aa71012
SH-FM-211-220\Rev00,SH-FM-211-220_SQ보통_양식초안_Rev00_수정본3.pdf,PASS,3689036189b2
SH-FM-211-220\Rev00,SH-FM-211-220_SQ보통_양식초안_Rev00_수정본3_배포본_20261008.pdf,PASS,3689036189b2
SH-FM-231-234\Rev00,SH-FM-231-234_SQ보통_양식초안_Rev00_수정본3.xlsx,PASS,a92a1b24e6c0
SH-FM-231-234\Rev00,SH-FM-231-234_SQ보통_양식초안_Rev00_수정본3.pdf,PASS,bff1446bd719
SH-FM-231-234\Rev00,SH-FM-231-234_SQ보통_양식초안_Rev00_수정본3_배포본_20261008.pdf,PASS,bff1446bd719
SH-FM-236-244\Rev00,SH-FM-236-244_SQ보통_양식초안_Rev00_수정본3.xlsx,PASS,9906b614f66c
SH-FM-236-244\Rev00,SH-FM-236-244_SQ보통_양식초안_Rev00_수정본3.pdf,PASS,b7d38e89a102
SH-FM-236-244\Rev00,SH-FM-236-244_SQ보통_양식초안_Rev00_수정본3_배포본_20261008.pdf,PASS,b7d38e89a102
SH-FM-246-247\Rev00,SH-FM-246-247_SQ낮음_양식초안_Rev00_수정본3.xlsx,PASS,f1c6676d14e3
SH-FM-246-247\Rev00,SH-FM-246-247_SQ낮음_양식초안_Rev00_수정본3.pdf,PASS,ce351ecb1939
SH-FM-246-247\Rev00,SH-FM-246-247_SQ낮음_양식초안_Rev00_수정본3_배포본_20261008.pdf,PASS,ce351ecb1939
SH-FM-249-253\Rev00,SH-FM-249-253_SQ낮음_양식초안_Rev00_수정본3.xlsx,PASS,a07ae5b16be1
SH-FM-249-253\Rev00,SH-FM-249-253_SQ낮음_양식초안_Rev00_수정본3.pdf,PASS,43028ab596e7
SH-FM-249-253\Rev00,SH-FM-249-253_SQ낮음_양식초안_Rev00_수정본3_배포본_20261008.pdf,PASS,43028ab596e7
SH-FM-254\Rev00,SH-FM-254_SQ보통_양식초안_Rev00_수정본3.xlsx,PASS,b710c8adaeb2
SH-FM-254\Rev00,SH-FM-254_SQ보통_양식초안_Rev00_수정본3.pdf,PASS,8904de23a30e
SH-FM-254\Rev00,SH-FM-254_SQ보통_양식초안_Rev00_수정본3_배포본_20261008.pdf,PASS,8904de23a30e
SH-FM-256\Rev00,SH-FM-256_SQ보통_양식초안_Rev00_수정본3.xlsx,PASS,9db729c13e98
SH-FM-256\Rev00,SH-FM-256_SQ보통_양식초안_Rev00_수정본3.pdf,PASS,24e83c10d7e2
SH-FM-256\Rev00,SH-FM-256_SQ보통_양식초안_Rev00_수정본3_배포본_20261008.pdf,PASS,24e83c10d7e2
SH-FM-259-261\Rev00,SH-FM-259-261_SQ보통_양식초안_Rev00_수정본3.xlsx,PASS,f168db47646e
SH-FM-259-261\Rev00,SH-FM-259-261_SQ보통_양식초안_Rev00_수정본3.pdf,PASS,98dbeba57efd
SH-FM-259-261\Rev00,SH-FM-259-261_SQ보통_양식초안_Rev00_수정본3_배포본_20261008.pdf,PASS,98dbeba57efd
SH-FM-263\Rev00,SH-FM-263_SQ보통_양식초안_Rev00_수정본3.xlsx,PASS,0f5ebd09cee3
SH-FM-263\Rev00,SH-FM-263_SQ보통_양식초안_Rev00_수정본3.pdf,PASS,301bc8a33cc9
SH-FM-263\Rev00,SH-FM-263_SQ보통_양식초안_Rev00_수정본3_배포본_20261008.pdf,PASS,301bc8a33cc9
SH-FM-266-268\Rev00,SH-FM-266-268_SQ보통_양식초안_Rev00_수정본3.xlsx,PASS,1e9b4585fb51
SH-FM-266-268\Rev00,SH-FM-266-268_SQ보통_양식초안_Rev00_수정본3.pdf,PASS,f1cc64a5345a
SH-FM-266-268\Rev00,SH-FM-266-268_SQ보통_양식초안_Rev00_수정본3_배포본_20261008.pdf,PASS,f1cc64a5345a
SH-FM-270-272\Rev00,SH-FM-270-272_SQ보통_양식초안_Rev00_수정본3.xlsx,PASS,4bb96594571a
SH-FM-270-272\Rev00,SH-FM-270-272_SQ보통_양식초안_Rev00_수정본3.pdf,PASS,0430a2fe6343
SH-FM-270-272\Rev00,SH-FM-270-272_SQ보통_양식초안_Rev00_수정본3_배포본_20261008.pdf,PASS,0430a2fe6343
SH-FM-274-276\Rev00,SH-FM-274-276_SQ보통_양식초안_Rev00_수정본3.xlsx,PASS,dc80ca212d71
SH-FM-274-276\Rev00,SH-FM-274-276_SQ보통_양식초안_Rev00_수정본3.pdf,PASS,e02a9f1e88df
SH-FM-274-276\Rev00,SH-FM-274-276_SQ보통_양식초안_Rev00_수정본3_배포본_20261008.pdf,PASS,e02a9f1e88df
SH-FM-281-291\Rev00,SH-FM-281-291_SQ보통_양식초안_Rev00_수정본3.xlsx,PASS,b51461aa17b3
SH-FM-281-291\Rev00,SH-FM-281-291_SQ보통_양식초안_Rev00_수정본3.pdf,PASS,65868d4f3df2
SH-FM-281-291\Rev00,SH-FM-281-291_SQ보통_양식초안_Rev00_수정본3_배포본_20261008.pdf,PASS,65868d4f3df2
SH-FM-293-307\Rev00,SH-FM-293-307_SQ보통_양식초안_Rev00_수정본3.xlsx,PASS,813cdea28789
SH-FM-293-307\Rev00,SH-FM-293-307_SQ보통_양식초안_Rev00_수정본3.pdf,PASS,2e59838f7528
SH-FM-293-307\Rev00,SH-FM-293-307_SQ보통_양식초안_Rev00_수정본3_배포본_20261008.pdf,PASS,2e59838f7528
SH-FM-308-311\Rev00,SH-FM-308-311_SQ낮음_양식초안_Rev00_수정본3.xlsx,PASS,9f27c5823ed4
SH-FM-308-311\Rev00,SH-FM-308-311_SQ낮음_양식초안_Rev00_수정본3.pdf,PASS,a3bc43c7b641
SH-FM-308-311\Rev00,SH-FM-308-311_SQ낮음_양식초안_Rev00_수정본3_배포본_20261008.pdf,PASS,a3bc43c7b641
SH-FM-313-318\Rev00,SH-FM-313-318_SQ보통_양식초안_Rev00_수정본3.xlsx,PASS,603ade2db774
SH-FM-313-318\Rev00,SH-FM-313-318_SQ보통_양식초안_Rev00_수정본3.pdf,PASS,bcf1d77508de
SH-FM-313-318\Rev00,SH-FM-313-318_SQ보통_양식초안_Rev00_수정본3_배포본_20261008.pdf,PASS,bcf1d77508de
SH-FM-320-322\Rev00,SH-FM-320-322_SQ보통_양식초안_Rev00_수정본3.xlsx,PASS,1c7919c94374
SH-FM-320-322\Rev00,SH-FM-320-322_SQ보통_양식초안_Rev00_수정본3.pdf,PASS,686bd1683c3a
SH-FM-320-322\Rev00,SH-FM-320-322_SQ보통_양식초안_Rev00_수정본3_배포본_20261008.pdf,PASS,686bd1683c3a
SH-FM-323-326\Rev00,SH-FM-323-326_SQ낮음_양식초안_Rev00_수정본3.xlsx,PASS,0152e1c5e98f
SH-FM-323-326\Rev00,SH-FM-323-326_SQ낮음_양식초안_Rev00_수정본3.pdf,PASS,aa34126bb401
SH-FM-323-326\Rev00,SH-FM-323-326_SQ낮음_양식초안_Rev00_수정본3_배포본_20261008.pdf,PASS,aa34126bb401
SH-FM-327-336\Rev00,SH-FM-327-336_SQ보통_양식초안_Rev00_수정본3.xlsx,PASS,133b2859be73
SH-FM-327-336\Rev00,SH-FM-327-336_SQ보통_양식초안_Rev00_수정본3.pdf,PASS,e174622ffac1
SH-FM-327-336\Rev00,SH-FM-327-336_SQ보통_양식초안_Rev00_수정본3_배포본_20261008.pdf,PASS,e174622ffac1
SH-FM-337-345\Rev00,SH-FM-337-345_SQ낮음_양식초안_Rev00_수정본3.xlsx,PASS,3fef56d8d630
SH-FM-337-345\Rev00,SH-FM-337-345_SQ낮음_양식초안_Rev00_수정본3.pdf,PASS,9de55f660618
SH-FM-337-345\Rev00,SH-FM-337-345_SQ낮음_양식초안_Rev00_수정본3_배포본_20261008.pdf,PASS,9de55f660618
SH-FM-347-354\Rev00,SH-FM-347-354_SQ낮음_양식초안_Rev00_수정본3.xlsx,PASS,f8617c22b171
SH-FM-347-354\Rev00,SH-FM-347-354_SQ낮음_양식초안_Rev00_수정본3.pdf,PASS,a63b173c5bee
SH-FM-347-354\Rev00,SH-FM-347-354_SQ낮음_양식초안_Rev00_수정본3_배포본_20261008.pdf,PASS,a63b173c5bee
SH-FM-356\Rev00,SH-FM-356_SQ낮음_양식초안_Rev00_수정본3.xlsx,PASS,0adab4f8c284
SH-FM-356\Rev00,SH-FM-356_SQ낮음_양식초안_Rev00_수정본3.pdf,PASS,4a0e22a6aa44
SH-FM-356\Rev00,SH-FM-356_SQ낮음_양식초안_Rev00_수정본3_배포본_20261008.pdf,PASS,4a0e22a6aa44
SH-FM-357-362\Rev00,SH-FM-357-362_SQ보통_양식초안_Rev00_수정본3.xlsx,PASS,91fd738cc62a
SH-FM-357-362\Rev00,SH-FM-357-362_SQ보통_양식초안_Rev00_수정본3.pdf,PASS,7fbd4d57de1e
SH-FM-357-362\Rev00,SH-FM-357-362_SQ보통_양식초안_Rev00_수정본3_배포본_20261008.pdf,PASS,7fbd4d57de1e
SH-FM-363\Rev00_v2,SH-FM-363_기록인계대장_Rev00_수정본10.xlsx,PASS,580b124e2ccc
SH-FM-363\Rev00_v2,SH-FM-363_기록인계대장_Rev00_수정본10.pdf,PASS,eaafd147e94e
SH-FM-363\Rev00_v2,SH-FM-363_기록인계대장_Rev00_수정본10_배포본_20261007.pdf,PASS,eaafd147e94e
SH-FM-364\Rev00_v2,SH-FM-364_백업복구점검기록_Rev00_수정본10.xlsx,PASS,457db299056a
SH-FM-364\Rev00_v2,SH-FM-364_백업복구점검기록_Rev00_수정본10.pdf,PASS,df5b25e3b432
SH-FM-364\Rev00_v2,SH-FM-364_백업복구점검기록_Rev00_수정본10_배포본_20261007.pdf,PASS,df5b25e3b432
SH-QP-018\Rev03_v2,SH-QP-018_식별및추적성관리절차서_Rev03_수정본18.docx,PASS,6ac4d075378e
SH-QP-018\Rev03_v2,SH-QP-018_식별및추적성관리절차서_Rev03_수정본18.pdf,PASS,5afcbcc9d999
SH-QP-018\Rev03_v2,SH-QP-018_식별및추적성관리절차서_Rev03_수정본18_배포본_20261007.pdf,PASS,5afcbcc9d999
