양식번호,양식명,작성부서(안),결재 방식(안),보존기간(입력: 1년/3년/5년/10년/영구 중 선택),비고
SH-FM-101,설비 일상점검 및 고장이력,설비관리 담당부서,작성·확인,,
SH-FM-102,생산·검사·출하 LOT 이력,생산관리부서,작성·확인,,참고: LOT 추적성 기록 보존기간은 3년(qms_rules.yaml). 이 양식에 적용할지 확인 필요
SH-FM-103,금형·치공구 관리이력,설비관리 담당부서,작성·확인,,
SH-FM-104,자재 입고·보관·불출 기록,자재구매부서,작성·확인,,
SH-FM-105,포장·라벨 및 출하검증 기록,생산관리부서,작성·검토·승인,,
SH-FM-106,공정조건 설정 및 확인기록,생산부서,작성·검토·승인,,
SH-FM-107,오류방지 장치 점검기록,생산부서,작성·확인,,
SH-FM-108,품번전환 및 라인 클리어런스 기록,생산부서,작성·확인,,
SH-FM-109,선별검사 결과기록,품질부서,작성·검토·승인,,
SH-FM-110,교대 인수인계 기록,생산부서,작성·확인,,
SH-FM-111,청정도·청소 및 이물점검 기록,생산부서,작성·확인,,
SH-FM-112,비상계획·훈련 및 복구검증 기록,생산관리부서,작성·검토·승인,,
SH-FM-113,공정감사 및 LPA 기록,품질부서,작성·확인,,
SH-FM-114,공급자 입고품 이상·시정조치 기록,자재구매부서,작성·검토·승인,,
SH-FM-115,품질이상 정지·보고·재가동 기록,생산부서,작성·검토·승인,,
SH-FM-116,고객특별상태 및 강화관리 기록,품질부서,작성·검토·승인,,
SH-FM-117,검사성적서 및 품질기록,품질부서,작성·검토·승인,,
SH-FM-118,장기재고·유효기간 점검기록,자재구매부서,작성·확인,,
SH-FM-119,공급자 변경품·초도품 확인기록,품질부서,작성·검토·승인,,
SH-FM-120,고객감사·인증심사 대응기록,품질부서,작성·검토·승인,,
SH-FM-121,교육일지·참석 및 역량평가 기록,교육 주관부서,작성·확인,,
