워크북,양식번호,처리
SH-FM-123-132_SQ보통_양식초안_Rev00.xlsx,SH-FM-126,제외(통합·비문서·용접 등 일자통일 비대상)
SH-FM-123-132_SQ보통_양식초안_Rev00.xlsx,SH-FM-129,제외(통합·비문서·용접 등 일자통일 비대상)
SH-FM-123-132_SQ보통_양식초안_Rev00.xlsx,SH-FM-123,적용
SH-FM-123-132_SQ보통_양식초안_Rev00.xlsx,SH-FM-124,적용
SH-FM-123-132_SQ보통_양식초안_Rev00.xlsx,SH-FM-125,적용
SH-FM-123-132_SQ보통_양식초안_Rev00.xlsx,SH-FM-127,적용
SH-FM-123-132_SQ보통_양식초안_Rev00.xlsx,SH-FM-128,적용
SH-FM-123-132_SQ보통_양식초안_Rev00.xlsx,SH-FM-130,적용
SH-FM-123-132_SQ보통_양식초안_Rev00.xlsx,SH-FM-131,적용
SH-FM-123-132_SQ보통_양식초안_Rev00.xlsx,SH-FM-132,적용
SH-FM-133-137_SQ낮음_양식초안_Rev00.xlsx,SH-FM-133,적용
SH-FM-133-137_SQ낮음_양식초안_Rev00.xlsx,SH-FM-134,적용
SH-FM-133-137_SQ낮음_양식초안_Rev00.xlsx,SH-FM-135,적용
SH-FM-133-137_SQ낮음_양식초안_Rev00.xlsx,SH-FM-136,적용
SH-FM-133-137_SQ낮음_양식초안_Rev00.xlsx,SH-FM-137,적용
SH-FM-138-143_SQ보통_양식초안_Rev00.xlsx,SH-FM-141,제외(통합·비문서·용접 등 일자통일 비대상)
SH-FM-138-143_SQ보통_양식초안_Rev00.xlsx,SH-FM-138,적용
SH-FM-138-143_SQ보통_양식초안_Rev00.xlsx,SH-FM-139,적용
SH-FM-138-143_SQ보통_양식초안_Rev00.xlsx,SH-FM-140,적용
SH-FM-138-143_SQ보통_양식초안_Rev00.xlsx,SH-FM-142,적용
SH-FM-138-143_SQ보통_양식초안_Rev00.xlsx,SH-FM-143,적용
SH-FM-144-159_SQ높음_양식초안_Rev00.xlsx,SH-FM-144,제외(통합·비문서·용접 등 일자통일 비대상)
SH-FM-144-159_SQ높음_양식초안_Rev00.xlsx,SH-FM-146,제외(통합·비문서·용접 등 일자통일 비대상)
SH-FM-144-159_SQ높음_양식초안_Rev00.xlsx,SH-FM-147,제외(통합·비문서·용접 등 일자통일 비대상)
SH-FM-144-159_SQ높음_양식초안_Rev00.xlsx,SH-FM-148,제외(통합·비문서·용접 등 일자통일 비대상)
SH-FM-144-159_SQ높음_양식초안_Rev00.xlsx,SH-FM-149,제외(통합·비문서·용접 등 일자통일 비대상)
SH-FM-144-159_SQ높음_양식초안_Rev00.xlsx,SH-FM-150,제외(통합·비문서·용접 등 일자통일 비대상)
SH-FM-144-159_SQ높음_양식초안_Rev00.xlsx,SH-FM-151,제외(통합·비문서·용접 등 일자통일 비대상)
SH-FM-144-159_SQ높음_양식초안_Rev00.xlsx,SH-FM-145,적용
SH-FM-144-159_SQ높음_양식초안_Rev00.xlsx,SH-FM-152,적용
SH-FM-144-159_SQ높음_양식초안_Rev00.xlsx,SH-FM-153,적용
SH-FM-144-159_SQ높음_양식초안_Rev00.xlsx,SH-FM-154,적용
SH-FM-144-159_SQ높음_양식초안_Rev00.xlsx,SH-FM-155,적용
SH-FM-144-159_SQ높음_양식초안_Rev00.xlsx,SH-FM-156,적용
SH-FM-144-159_SQ높음_양식초안_Rev00.xlsx,SH-FM-157,적용
SH-FM-144-159_SQ높음_양식초안_Rev00.xlsx,SH-FM-158,적용
SH-FM-144-159_SQ높음_양식초안_Rev00.xlsx,SH-FM-159,적용
SH-FM-160-186_SQ보통_양식초안_Rev00.xlsx,SH-FM-167,제외(통합·비문서·용접 등 일자통일 비대상)
SH-FM-160-186_SQ보통_양식초안_Rev00.xlsx,SH-FM-169,제외(통합·비문서·용접 등 일자통일 비대상)
SH-FM-160-186_SQ보통_양식초안_Rev00.xlsx,SH-FM-170,제외(통합·비문서·용접 등 일자통일 비대상)
SH-FM-160-186_SQ보통_양식초안_Rev00.xlsx,SH-FM-173,제외(통합·비문서·용접 등 일자통일 비대상)
SH-FM-160-186_SQ보통_양식초안_Rev00.xlsx,SH-FM-160,적용
SH-FM-160-186_SQ보통_양식초안_Rev00.xlsx,SH-FM-161,적용
SH-FM-160-186_SQ보통_양식초안_Rev00.xlsx,SH-FM-162,적용
SH-FM-160-186_SQ보통_양식초안_Rev00.xlsx,SH-FM-163,적용
SH-FM-160-186_SQ보통_양식초안_Rev00.xlsx,SH-FM-164,적용
SH-FM-160-186_SQ보통_양식초안_Rev00.xlsx,SH-FM-165,적용
SH-FM-160-186_SQ보통_양식초안_Rev00.xlsx,SH-FM-166,적용
SH-FM-160-186_SQ보통_양식초안_Rev00.xlsx,SH-FM-168,적용
SH-FM-160-186_SQ보통_양식초안_Rev00.xlsx,SH-FM-171,적용
SH-FM-160-186_SQ보통_양식초안_Rev00.xlsx,SH-FM-172,적용
SH-FM-160-186_SQ보통_양식초안_Rev00.xlsx,SH-FM-174,적용
SH-FM-160-186_SQ보통_양식초안_Rev00.xlsx,SH-FM-175,적용
SH-FM-160-186_SQ보통_양식초안_Rev00.xlsx,SH-FM-176,적용
SH-FM-160-186_SQ보통_양식초안_Rev00.xlsx,SH-FM-177,적용
SH-FM-160-186_SQ보통_양식초안_Rev00.xlsx,SH-FM-178,적용
SH-FM-160-186_SQ보통_양식초안_Rev00.xlsx,SH-FM-179,적용
SH-FM-160-186_SQ보통_양식초안_Rev00.xlsx,SH-FM-180,적용
SH-FM-160-186_SQ보통_양식초안_Rev00.xlsx,SH-FM-181,적용
SH-FM-160-186_SQ보통_양식초안_Rev00.xlsx,SH-FM-182,적용
SH-FM-160-186_SQ보통_양식초안_Rev00.xlsx,SH-FM-183,적용
SH-FM-160-186_SQ보통_양식초안_Rev00.xlsx,SH-FM-184,적용
SH-FM-160-186_SQ보통_양식초안_Rev00.xlsx,SH-FM-185,적용
SH-FM-160-186_SQ보통_양식초안_Rev00.xlsx,SH-FM-186,적용
SH-FM-187-206_SQ높음_양식초안_Rev00.xlsx,SH-FM-187,제외(통합·비문서·용접 등 일자통일 비대상)
SH-FM-187-206_SQ높음_양식초안_Rev00.xlsx,SH-FM-188,제외(통합·비문서·용접 등 일자통일 비대상)
SH-FM-187-206_SQ높음_양식초안_Rev00.xlsx,SH-FM-189,제외(통합·비문서·용접 등 일자통일 비대상)
SH-FM-187-206_SQ높음_양식초안_Rev00.xlsx,SH-FM-190,제외(통합·비문서·용접 등 일자통일 비대상)
SH-FM-187-206_SQ높음_양식초안_Rev00.xlsx,SH-FM-191,제외(통합·비문서·용접 등 일자통일 비대상)
SH-FM-187-206_SQ높음_양식초안_Rev00.xlsx,SH-FM-192,제외(통합·비문서·용접 등 일자통일 비대상)
SH-FM-187-206_SQ높음_양식초안_Rev00.xlsx,SH-FM-193,제외(통합·비문서·용접 등 일자통일 비대상)
SH-FM-187-206_SQ높음_양식초안_Rev00.xlsx,SH-FM-197,제외(통합·비문서·용접 등 일자통일 비대상)
SH-FM-187-206_SQ높음_양식초안_Rev00.xlsx,SH-FM-198,제외(통합·비문서·용접 등 일자통일 비대상)
SH-FM-187-206_SQ높음_양식초안_Rev00.xlsx,SH-FM-199,제외(통합·비문서·용접 등 일자통일 비대상)
SH-FM-187-206_SQ높음_양식초안_Rev00.xlsx,SH-FM-200,제외(통합·비문서·용접 등 일자통일 비대상)
SH-FM-187-206_SQ높음_양식초안_Rev00.xlsx,SH-FM-201,제외(통합·비문서·용접 등 일자통일 비대상)
SH-FM-187-206_SQ높음_양식초안_Rev00.xlsx,SH-FM-202,제외(통합·비문서·용접 등 일자통일 비대상)
SH-FM-187-206_SQ높음_양식초안_Rev00.xlsx,SH-FM-203,제외(통합·비문서·용접 등 일자통일 비대상)
SH-FM-187-206_SQ높음_양식초안_Rev00.xlsx,SH-FM-204,제외(통합·비문서·용접 등 일자통일 비대상)
SH-FM-187-206_SQ높음_양식초안_Rev00.xlsx,SH-FM-205,제외(통합·비문서·용접 등 일자통일 비대상)
SH-FM-187-206_SQ높음_양식초안_Rev00.xlsx,SH-FM-206,제외(통합·비문서·용접 등 일자통일 비대상)
SH-FM-187-206_SQ높음_양식초안_Rev00.xlsx,SH-FM-194,적용
SH-FM-187-206_SQ높음_양식초안_Rev00.xlsx,SH-FM-195,적용
SH-FM-187-206_SQ높음_양식초안_Rev00.xlsx,SH-FM-196,적용
SH-FM-207-245_SQ보통_양식초안_Rev00.xlsx,SH-FM-210,제외(통합·비문서·용접 등 일자통일 비대상)
SH-FM-207-245_SQ보통_양식초안_Rev00.xlsx,SH-FM-221,제외(통합·비문서·용접 등 일자통일 비대상)
SH-FM-207-245_SQ보통_양식초안_Rev00.xlsx,SH-FM-222,제외(통합·비문서·용접 등 일자통일 비대상)
SH-FM-207-245_SQ보통_양식초안_Rev00.xlsx,SH-FM-223,제외(통합·비문서·용접 등 일자통일 비대상)
SH-FM-207-245_SQ보통_양식초안_Rev00.xlsx,SH-FM-224,제외(통합·비문서·용접 등 일자통일 비대상)
SH-FM-207-245_SQ보통_양식초안_Rev00.xlsx,SH-FM-225,제외(통합·비문서·용접 등 일자통일 비대상)
SH-FM-207-245_SQ보통_양식초안_Rev00.xlsx,SH-FM-226,제외(통합·비문서·용접 등 일자통일 비대상)
SH-FM-207-245_SQ보통_양식초안_Rev00.xlsx,SH-FM-227,제외(통합·비문서·용접 등 일자통일 비대상)
SH-FM-207-245_SQ보통_양식초안_Rev00.xlsx,SH-FM-228,제외(통합·비문서·용접 등 일자통일 비대상)
SH-FM-207-245_SQ보통_양식초안_Rev00.xlsx,SH-FM-229,제외(통합·비문서·용접 등 일자통일 비대상)
SH-FM-207-245_SQ보통_양식초안_Rev00.xlsx,SH-FM-230,제외(통합·비문서·용접 등 일자통일 비대상)
SH-FM-207-245_SQ보통_양식초안_Rev00.xlsx,SH-FM-235,제외(통합·비문서·용접 등 일자통일 비대상)
SH-FM-207-245_SQ보통_양식초안_Rev00.xlsx,SH-FM-245,제외(통합·비문서·용접 등 일자통일 비대상)
SH-FM-207-245_SQ보통_양식초안_Rev00.xlsx,SH-FM-207,적용
SH-FM-207-245_SQ보통_양식초안_Rev00.xlsx,SH-FM-208,적용
SH-FM-207-245_SQ보통_양식초안_Rev00.xlsx,SH-FM-209,적용
SH-FM-207-245_SQ보통_양식초안_Rev00.xlsx,SH-FM-211,적용
SH-FM-207-245_SQ보통_양식초안_Rev00.xlsx,SH-FM-212,적용
SH-FM-207-245_SQ보통_양식초안_Rev00.xlsx,SH-FM-213,적용
SH-FM-207-245_SQ보통_양식초안_Rev00.xlsx,SH-FM-214,적용
SH-FM-207-245_SQ보통_양식초안_Rev00.xlsx,SH-FM-215,적용
SH-FM-207-245_SQ보통_양식초안_Rev00.xlsx,SH-FM-216,적용
SH-FM-207-245_SQ보통_양식초안_Rev00.xlsx,SH-FM-217,적용
SH-FM-207-245_SQ보통_양식초안_Rev00.xlsx,SH-FM-218,적용
SH-FM-207-245_SQ보통_양식초안_Rev00.xlsx,SH-FM-219,적용
SH-FM-207-245_SQ보통_양식초안_Rev00.xlsx,SH-FM-220,적용
SH-FM-207-245_SQ보통_양식초안_Rev00.xlsx,SH-FM-231,적용
SH-FM-207-245_SQ보통_양식초안_Rev00.xlsx,SH-FM-232,적용
SH-FM-207-245_SQ보통_양식초안_Rev00.xlsx,SH-FM-233,적용
SH-FM-207-245_SQ보통_양식초안_Rev00.xlsx,SH-FM-234,적용
SH-FM-207-245_SQ보통_양식초안_Rev00.xlsx,SH-FM-236,적용
SH-FM-207-245_SQ보통_양식초안_Rev00.xlsx,SH-FM-237,적용
SH-FM-207-245_SQ보통_양식초안_Rev00.xlsx,SH-FM-238,적용
SH-FM-207-245_SQ보통_양식초안_Rev00.xlsx,SH-FM-239,적용
SH-FM-207-245_SQ보통_양식초안_Rev00.xlsx,SH-FM-240,적용
SH-FM-207-245_SQ보통_양식초안_Rev00.xlsx,SH-FM-241,적용
SH-FM-207-245_SQ보통_양식초안_Rev00.xlsx,SH-FM-242,적용
SH-FM-207-245_SQ보통_양식초안_Rev00.xlsx,SH-FM-243,적용
SH-FM-207-245_SQ보통_양식초안_Rev00.xlsx,SH-FM-244,적용
SH-FM-246-253_SQ낮음_양식초안_Rev00.xlsx,SH-FM-248,제외(통합·비문서·용접 등 일자통일 비대상)
SH-FM-246-253_SQ낮음_양식초안_Rev00.xlsx,SH-FM-246,적용
SH-FM-246-253_SQ낮음_양식초안_Rev00.xlsx,SH-FM-247,적용
SH-FM-246-253_SQ낮음_양식초안_Rev00.xlsx,SH-FM-249,적용
SH-FM-246-253_SQ낮음_양식초안_Rev00.xlsx,SH-FM-250,적용
SH-FM-246-253_SQ낮음_양식초안_Rev00.xlsx,SH-FM-251,적용
SH-FM-246-253_SQ낮음_양식초안_Rev00.xlsx,SH-FM-252,적용
SH-FM-246-253_SQ낮음_양식초안_Rev00.xlsx,SH-FM-253,적용
SH-FM-254-307_SQ보통_양식초안_Rev00.xlsx,SH-FM-255,제외(통합·비문서·용접 등 일자통일 비대상)
SH-FM-254-307_SQ보통_양식초안_Rev00.xlsx,SH-FM-257,제외(통합·비문서·용접 등 일자통일 비대상)
SH-FM-254-307_SQ보통_양식초안_Rev00.xlsx,SH-FM-258,제외(통합·비문서·용접 등 일자통일 비대상)
SH-FM-254-307_SQ보통_양식초안_Rev00.xlsx,SH-FM-262,제외(통합·비문서·용접 등 일자통일 비대상)
SH-FM-254-307_SQ보통_양식초안_Rev00.xlsx,SH-FM-264,제외(통합·비문서·용접 등 일자통일 비대상)
SH-FM-254-307_SQ보통_양식초안_Rev00.xlsx,SH-FM-265,제외(통합·비문서·용접 등 일자통일 비대상)
SH-FM-254-307_SQ보통_양식초안_Rev00.xlsx,SH-FM-269,제외(통합·비문서·용접 등 일자통일 비대상)
SH-FM-254-307_SQ보통_양식초안_Rev00.xlsx,SH-FM-273,제외(통합·비문서·용접 등 일자통일 비대상)
SH-FM-254-307_SQ보통_양식초안_Rev00.xlsx,SH-FM-277,제외(통합·비문서·용접 등 일자통일 비대상)
SH-FM-254-307_SQ보통_양식초안_Rev00.xlsx,SH-FM-278,제외(통합·비문서·용접 등 일자통일 비대상)
SH-FM-254-307_SQ보통_양식초안_Rev00.xlsx,SH-FM-279,제외(통합·비문서·용접 등 일자통일 비대상)
SH-FM-254-307_SQ보통_양식초안_Rev00.xlsx,SH-FM-280,제외(통합·비문서·용접 등 일자통일 비대상)
SH-FM-254-307_SQ보통_양식초안_Rev00.xlsx,SH-FM-292,제외(통합·비문서·용접 등 일자통일 비대상)
SH-FM-254-307_SQ보통_양식초안_Rev00.xlsx,SH-FM-254,적용
SH-FM-254-307_SQ보통_양식초안_Rev00.xlsx,SH-FM-256,적용
SH-FM-254-307_SQ보통_양식초안_Rev00.xlsx,SH-FM-259,적용
SH-FM-254-307_SQ보통_양식초안_Rev00.xlsx,SH-FM-260,적용
SH-FM-254-307_SQ보통_양식초안_Rev00.xlsx,SH-FM-261,적용
SH-FM-254-307_SQ보통_양식초안_Rev00.xlsx,SH-FM-263,적용
SH-FM-254-307_SQ보통_양식초안_Rev00.xlsx,SH-FM-266,적용
SH-FM-254-307_SQ보통_양식초안_Rev00.xlsx,SH-FM-267,적용
SH-FM-254-307_SQ보통_양식초안_Rev00.xlsx,SH-FM-268,적용
SH-FM-254-307_SQ보통_양식초안_Rev00.xlsx,SH-FM-270,적용
SH-FM-254-307_SQ보통_양식초안_Rev00.xlsx,SH-FM-271,적용
SH-FM-254-307_SQ보통_양식초안_Rev00.xlsx,SH-FM-272,적용
SH-FM-254-307_SQ보통_양식초안_Rev00.xlsx,SH-FM-274,적용
SH-FM-254-307_SQ보통_양식초안_Rev00.xlsx,SH-FM-275,적용
SH-FM-254-307_SQ보통_양식초안_Rev00.xlsx,SH-FM-276,적용
SH-FM-254-307_SQ보통_양식초안_Rev00.xlsx,SH-FM-281,적용
SH-FM-254-307_SQ보통_양식초안_Rev00.xlsx,SH-FM-282,적용
SH-FM-254-307_SQ보통_양식초안_Rev00.xlsx,SH-FM-283,적용
SH-FM-254-307_SQ보통_양식초안_Rev00.xlsx,SH-FM-284,적용
SH-FM-254-307_SQ보통_양식초안_Rev00.xlsx,SH-FM-285,적용
SH-FM-254-307_SQ보통_양식초안_Rev00.xlsx,SH-FM-286,적용
SH-FM-254-307_SQ보통_양식초안_Rev00.xlsx,SH-FM-287,적용
SH-FM-254-307_SQ보통_양식초안_Rev00.xlsx,SH-FM-288,적용
SH-FM-254-307_SQ보통_양식초안_Rev00.xlsx,SH-FM-289,적용
SH-FM-254-307_SQ보통_양식초안_Rev00.xlsx,SH-FM-290,적용
SH-FM-254-307_SQ보통_양식초안_Rev00.xlsx,SH-FM-291,적용
SH-FM-254-307_SQ보통_양식초안_Rev00.xlsx,SH-FM-293,적용
SH-FM-254-307_SQ보통_양식초안_Rev00.xlsx,SH-FM-294,적용
SH-FM-254-307_SQ보통_양식초안_Rev00.xlsx,SH-FM-295,적용
SH-FM-254-307_SQ보통_양식초안_Rev00.xlsx,SH-FM-296,적용
SH-FM-254-307_SQ보통_양식초안_Rev00.xlsx,SH-FM-297,적용
SH-FM-254-307_SQ보통_양식초안_Rev00.xlsx,SH-FM-298,적용
SH-FM-254-307_SQ보통_양식초안_Rev00.xlsx,SH-FM-299,적용
SH-FM-254-307_SQ보통_양식초안_Rev00.xlsx,SH-FM-300,적용
SH-FM-254-307_SQ보통_양식초안_Rev00.xlsx,SH-FM-301,적용
SH-FM-254-307_SQ보통_양식초안_Rev00.xlsx,SH-FM-302,적용
SH-FM-254-307_SQ보통_양식초안_Rev00.xlsx,SH-FM-303,적용
SH-FM-254-307_SQ보통_양식초안_Rev00.xlsx,SH-FM-304,적용
SH-FM-254-307_SQ보통_양식초안_Rev00.xlsx,SH-FM-305,적용
SH-FM-254-307_SQ보통_양식초안_Rev00.xlsx,SH-FM-306,적용
SH-FM-254-307_SQ보통_양식초안_Rev00.xlsx,SH-FM-307,적용
SH-FM-308-312_SQ낮음_양식초안_Rev00.xlsx,SH-FM-312,제외(통합·비문서·용접 등 일자통일 비대상)
SH-FM-308-312_SQ낮음_양식초안_Rev00.xlsx,SH-FM-308,적용
SH-FM-308-312_SQ낮음_양식초안_Rev00.xlsx,SH-FM-309,적용
SH-FM-308-312_SQ낮음_양식초안_Rev00.xlsx,SH-FM-310,적용
SH-FM-308-312_SQ낮음_양식초안_Rev00.xlsx,SH-FM-311,적용
SH-FM-313-322_SQ보통_양식초안_Rev00.xlsx,SH-FM-319,제외(통합·비문서·용접 등 일자통일 비대상)
SH-FM-313-322_SQ보통_양식초안_Rev00.xlsx,SH-FM-313,적용
SH-FM-313-322_SQ보통_양식초안_Rev00.xlsx,SH-FM-314,적용
SH-FM-313-322_SQ보통_양식초안_Rev00.xlsx,SH-FM-315,적용
SH-FM-313-322_SQ보통_양식초안_Rev00.xlsx,SH-FM-316,적용
SH-FM-313-322_SQ보통_양식초안_Rev00.xlsx,SH-FM-317,적용
SH-FM-313-322_SQ보통_양식초안_Rev00.xlsx,SH-FM-318,적용
SH-FM-313-322_SQ보통_양식초안_Rev00.xlsx,SH-FM-320,적용
SH-FM-313-322_SQ보통_양식초안_Rev00.xlsx,SH-FM-321,적용
SH-FM-313-322_SQ보통_양식초안_Rev00.xlsx,SH-FM-322,적용
SH-FM-323-326_SQ낮음_양식초안_Rev00.xlsx,SH-FM-323,적용
SH-FM-323-326_SQ낮음_양식초안_Rev00.xlsx,SH-FM-324,적용
SH-FM-323-326_SQ낮음_양식초안_Rev00.xlsx,SH-FM-325,적용
SH-FM-323-326_SQ낮음_양식초안_Rev00.xlsx,SH-FM-326,적용
SH-FM-327-336_SQ보통_양식초안_Rev00.xlsx,SH-FM-327,적용
SH-FM-327-336_SQ보통_양식초안_Rev00.xlsx,SH-FM-328,적용
SH-FM-327-336_SQ보통_양식초안_Rev00.xlsx,SH-FM-329,적용
SH-FM-327-336_SQ보통_양식초안_Rev00.xlsx,SH-FM-330,적용
SH-FM-327-336_SQ보통_양식초안_Rev00.xlsx,SH-FM-331,적용
SH-FM-327-336_SQ보통_양식초안_Rev00.xlsx,SH-FM-332,적용
SH-FM-327-336_SQ보통_양식초안_Rev00.xlsx,SH-FM-333,적용
SH-FM-327-336_SQ보통_양식초안_Rev00.xlsx,SH-FM-334,적용
SH-FM-327-336_SQ보통_양식초안_Rev00.xlsx,SH-FM-335,적용
SH-FM-327-336_SQ보통_양식초안_Rev00.xlsx,SH-FM-336,적용
SH-FM-337-356_SQ낮음_양식초안_Rev00.xlsx,SH-FM-346,제외(통합·비문서·용접 등 일자통일 비대상)
SH-FM-337-356_SQ낮음_양식초안_Rev00.xlsx,SH-FM-355,제외(통합·비문서·용접 등 일자통일 비대상)
SH-FM-337-356_SQ낮음_양식초안_Rev00.xlsx,SH-FM-337,적용
SH-FM-337-356_SQ낮음_양식초안_Rev00.xlsx,SH-FM-338,적용
SH-FM-337-356_SQ낮음_양식초안_Rev00.xlsx,SH-FM-339,적용
SH-FM-337-356_SQ낮음_양식초안_Rev00.xlsx,SH-FM-340,적용
SH-FM-337-356_SQ낮음_양식초안_Rev00.xlsx,SH-FM-341,적용
SH-FM-337-356_SQ낮음_양식초안_Rev00.xlsx,SH-FM-342,적용
SH-FM-337-356_SQ낮음_양식초안_Rev00.xlsx,SH-FM-343,적용
SH-FM-337-356_SQ낮음_양식초안_Rev00.xlsx,SH-FM-344,적용
SH-FM-337-356_SQ낮음_양식초안_Rev00.xlsx,SH-FM-345,적용
SH-FM-337-356_SQ낮음_양식초안_Rev00.xlsx,SH-FM-347,적용
SH-FM-337-356_SQ낮음_양식초안_Rev00.xlsx,SH-FM-348,적용
SH-FM-337-356_SQ낮음_양식초안_Rev00.xlsx,SH-FM-349,적용
SH-FM-337-356_SQ낮음_양식초안_Rev00.xlsx,SH-FM-350,적용
SH-FM-337-356_SQ낮음_양식초안_Rev00.xlsx,SH-FM-351,적용
SH-FM-337-356_SQ낮음_양식초안_Rev00.xlsx,SH-FM-352,적용
SH-FM-337-356_SQ낮음_양식초안_Rev00.xlsx,SH-FM-353,적용
SH-FM-337-356_SQ낮음_양식초안_Rev00.xlsx,SH-FM-354,적용
SH-FM-337-356_SQ낮음_양식초안_Rev00.xlsx,SH-FM-356,적용
SH-FM-357-362_SQ보통_양식초안_Rev00.xlsx,SH-FM-357,적용
SH-FM-357-362_SQ보통_양식초안_Rev00.xlsx,SH-FM-358,적용
SH-FM-357-362_SQ보통_양식초안_Rev00.xlsx,SH-FM-359,적용
SH-FM-357-362_SQ보통_양식초안_Rev00.xlsx,SH-FM-360,적용
SH-FM-357-362_SQ보통_양식초안_Rev00.xlsx,SH-FM-361,적용
SH-FM-357-362_SQ보통_양식초안_Rev00.xlsx,SH-FM-362,적용
