워크북,양식번호,양식명,구분,처리
SH-FM-133-137_SQ낮음_양식초안_Rev00.xlsx,SH-FM-133,작업표준서 현지어번역본,기록양식,적용
SH-FM-133-137_SQ낮음_양식초안_Rev00.xlsx,SH-FM-134,설비일상점검표 현지어 번역본,기록양식,적용
SH-FM-133-137_SQ낮음_양식초안_Rev00.xlsx,SH-FM-135,작업일보 현지어 번역본,기록양식,적용
SH-FM-133-137_SQ낮음_양식초안_Rev00.xlsx,SH-FM-136,부적합처리기준 현지어번역본,기록양식,적용
SH-FM-133-137_SQ낮음_양식초안_Rev00.xlsx,SH-FM-137,외관검사기준 현지어번역본,기준서,적용
SH-FM-246-253_SQ낮음_양식초안_Rev00.xlsx,SH-FM-246,금형/지그관리대장,기록양식,적용
SH-FM-246-253_SQ낮음_양식초안_Rev00.xlsx,SH-FM-247,금형/JIG이력카드,기록양식,적용
SH-FM-246-253_SQ낮음_양식초안_Rev00.xlsx,SH-FM-248,금형보관 lay-out 설치,비문서,제외(비문서)
SH-FM-246-253_SQ낮음_양식초안_Rev00.xlsx,SH-FM-249,금형보관구역 식별표시,기록양식,적용
SH-FM-246-253_SQ낮음_양식초안_Rev00.xlsx,SH-FM-250,금형보관시 잔존이물제거후 적재,기록양식,적용
SH-FM-246-253_SQ낮음_양식초안_Rev00.xlsx,SH-FM-251,금형이관 T/O보고서,기록양식,적용
SH-FM-246-253_SQ낮음_양식초안_Rev00.xlsx,SH-FM-252,금형이관시 접수자료,기록양식,적용
SH-FM-246-253_SQ낮음_양식초안_Rev00.xlsx,SH-FM-253,금형문제점개선자료,기록양식,적용
SH-FM-308-312_SQ낮음_양식초안_Rev00.xlsx,SH-FM-308,ISO인증서,기록양식,적용
SH-FM-308-312_SQ낮음_양식초안_Rev00.xlsx,SH-FM-309,품질매뉴얼/절차서/지침서,기록양식,적용
SH-FM-308-312_SQ낮음_양식초안_Rev00.xlsx,SH-FM-310,전사조직도 및 업무분장표,기록양식,적용
SH-FM-308-312_SQ낮음_양식초안_Rev00.xlsx,SH-FM-311,SQ 사전점검 지적사항및 개선대책,기록양식,적용
SH-FM-308-312_SQ낮음_양식초안_Rev00.xlsx,SH-FM-312,(유효성검증관리 실적),비문서,제외(비문서)
SH-FM-323-326_SQ낮음_양식초안_Rev00.xlsx,SH-FM-323,교육교안,기록양식,적용
SH-FM-323-326_SQ낮음_양식초안_Rev00.xlsx,SH-FM-324,2026년 교육계획대실적,기록양식,적용
SH-FM-323-326_SQ낮음_양식초안_Rev00.xlsx,SH-FM-325,교육실시보고서 (교육사진/참석자서명),기록양식,적용
SH-FM-323-326_SQ낮음_양식초안_Rev00.xlsx,SH-FM-326,품질문제발생시 즉시교육실적보고서,기록양식,적용
SH-FM-337-356_SQ낮음_양식초안_Rev00.xlsx,SH-FM-337,조도관리기준서,기준서,적용
SH-FM-337-356_SQ낮음_양식초안_Rev00.xlsx,SH-FM-338,조도측정 LAY-OUT,기록양식,적용
SH-FM-337-356_SQ낮음_양식초안_Rev00.xlsx,SH-FM-339,조도측정부 현장내 식별,기록양식,적용
SH-FM-337-356_SQ낮음_양식초안_Rev00.xlsx,SH-FM-340,조도측정 실적,기록양식,적용
SH-FM-337-356_SQ낮음_양식초안_Rev00.xlsx,SH-FM-341,3정5행관리 기준서,기준서,적용
SH-FM-337-356_SQ낮음_양식초안_Rev00.xlsx,SH-FM-342,3정5행 점검 구역별 책임자 선정,기록양식,적용
SH-FM-337-356_SQ낮음_양식초안_Rev00.xlsx,SH-FM-343,3정5행점검 체크시트,기록양식,적용
SH-FM-337-356_SQ낮음_양식초안_Rev00.xlsx,SH-FM-344,3정5행 점검 결과 개선대책,기록양식,적용
SH-FM-337-356_SQ낮음_양식초안_Rev00.xlsx,SH-FM-345,3정5행개선사례 현황판,기록양식,적용
SH-FM-337-356_SQ낮음_양식초안_Rev00.xlsx,SH-FM-346,품질종합현황판 제작설치,비문서,제외(비문서)
SH-FM-337-356_SQ낮음_양식초안_Rev00.xlsx,SH-FM-347,공정별 주요문제점 각공정별 비치,기록양식,적용
SH-FM-337-356_SQ낮음_양식초안_Rev00.xlsx,SH-FM-348,중점관리POINT 선정 운영,기록양식,적용
SH-FM-337-356_SQ낮음_양식초안_Rev00.xlsx,SH-FM-349,재작업엄무처리 기준서,기준서,적용
SH-FM-337-356_SQ낮음_양식초안_Rev00.xlsx,SH-FM-350,재작업품 작업공간 장소지정(공구확보),기록양식,적용
SH-FM-337-356_SQ낮음_양식초안_Rev00.xlsx,SH-FM-351,재작업품 MASTER LIST,기록양식,적용
SH-FM-337-356_SQ낮음_양식초안_Rev00.xlsx,SH-FM-352,재작업품 검사기준및 검사실적,기준서,적용
SH-FM-337-356_SQ낮음_양식초안_Rev00.xlsx,SH-FM-353,재작업품 부품식별표,기록양식,적용
SH-FM-337-356_SQ낮음_양식초안_Rev00.xlsx,SH-FM-354,재작업품 출하 고객승인본,기록양식,적용
SH-FM-337-356_SQ낮음_양식초안_Rev00.xlsx,SH-FM-355,용접교육장설치,비문서,제외(용접 관련)
SH-FM-337-356_SQ낮음_양식초안_Rev00.xlsx,SH-FM-356,자격인증내 실기평가보고서첨부,기록양식,적용
SH-FM-144-159_SQ높음_양식초안_Rev00.xlsx,SH-FM-144,작업표준서 OR 작업조건표,기준서,제외(용접 관련)
SH-FM-144-159_SQ높음_양식초안_Rev00.xlsx,SH-FM-145,작업일보,기록양식,적용
SH-FM-144-159_SQ높음_양식초안_Rev00.xlsx,SH-FM-146,(작업일보내작업조건필히기록),비문서,제외(비문서)
SH-FM-144-159_SQ높음_양식초안_Rev00.xlsx,SH-FM-147,로봇용접프로그램백업관리기준서,기준서,제외(용접 관련)
SH-FM-144-159_SQ높음_양식초안_Rev00.xlsx,SH-FM-148,로봇용접프로그램백업관리실적,기록양식,제외(용접 관련)
SH-FM-144-159_SQ높음_양식초안_Rev00.xlsx,SH-FM-149,용접조건 검증체크시트,기록양식,제외(용접 관련)
SH-FM-144-159_SQ높음_양식초안_Rev00.xlsx,SH-FM-150,스폿용접전류/가압력 관리기준서,기준서,제외(용접 관련)
SH-FM-144-159_SQ높음_양식초안_Rev00.xlsx,SH-FM-151,스폿용접전류/가압력 관리실적(1회/월),기록양식,제외(용접 관련)
SH-FM-144-159_SQ높음_양식초안_Rev00.xlsx,SH-FM-152,원자재 검사협정서  OR 검사기준서,기준서,적용
SH-FM-144-159_SQ높음_양식초안_Rev00.xlsx,SH-FM-153,원자재 입고 LIST,기록양식,적용
SH-FM-144-159_SQ높음_양식초안_Rev00.xlsx,SH-FM-154,원자재수입검사 기준서,기준서,적용
SH-FM-144-159_SQ높음_양식초안_Rev00.xlsx,SH-FM-155,원자재수입검사 일지,기록양식,적용
SH-FM-144-159_SQ높음_양식초안_Rev00.xlsx,SH-FM-156,원자재 M/SHEET (입고LOT별 접수),기록양식,적용
SH-FM-144-159_SQ높음_양식초안_Rev00.xlsx,SH-FM-157,원자재 규격별 물성및 화학조성비 기준서,기준서,적용
SH-FM-144-159_SQ높음_양식초안_Rev00.xlsx,SH-FM-158,원자재 중금속검사 성적서,기록양식,적용
SH-FM-144-159_SQ높음_양식초안_Rev00.xlsx,SH-FM-159,원자재식별표,기록양식,적용
SH-FM-187-206_SQ높음_양식초안_Rev00.xlsx,SH-FM-187,자주검사기준서,기준서,제외(용접 관련)
SH-FM-187-206_SQ높음_양식초안_Rev00.xlsx,SH-FM-188,자주검사체크시트,기록양식,제외(용접 관련)
SH-FM-187-206_SQ높음_양식초안_Rev00.xlsx,SH-FM-189,용접spatter 관리기준,기준서,제외(용접 관련)
SH-FM-187-206_SQ높음_양식초안_Rev00.xlsx,SH-FM-190,용접스패터관리 점검체크시트,기록양식,제외(용접 관련)
SH-FM-187-206_SQ높음_양식초안_Rev00.xlsx,SH-FM-191,자주검사체크시트,기록양식,제외(통합·사용 안 함)
SH-FM-187-206_SQ높음_양식초안_Rev00.xlsx,SH-FM-192,품질순회검사체크시트(중요항목치수추가),기록양식,제외(용접 관련)
SH-FM-187-206_SQ높음_양식초안_Rev00.xlsx,SH-FM-193,자주검사대 설치(초중종현품보관),비문서,제외(용접 관련)
SH-FM-187-206_SQ높음_양식초안_Rev00.xlsx,SH-FM-194,완성품검사기준서,기준서,적용
SH-FM-187-206_SQ높음_양식초안_Rev00.xlsx,SH-FM-195,완성품검사체크시트,기록양식,적용
SH-FM-187-206_SQ높음_양식초안_Rev00.xlsx,SH-FM-196,완성품검사식별표,기록양식,적용
SH-FM-187-206_SQ높음_양식초안_Rev00.xlsx,SH-FM-197,완성품보관장소선정,비문서,제외(비문서)
SH-FM-187-206_SQ높음_양식초안_Rev00.xlsx,SH-FM-198,완성검사관리대제작,비문서,제외(비문서)
SH-FM-187-206_SQ높음_양식초안_Rev00.xlsx,SH-FM-199,(QMS SYSTEM 운영시 컴퓨터설치운영),비문서,제외(비문서)
SH-FM-187-206_SQ높음_양식초안_Rev00.xlsx,SH-FM-200,용입검사 계획대실적,기록양식,제외(용접 관련)
SH-FM-187-206_SQ높음_양식초안_Rev00.xlsx,SH-FM-201,용접로보트별 용접POINT 관리표준,기준서,제외(용접 관련)
SH-FM-187-206_SQ높음_양식초안_Rev00.xlsx,SH-FM-202,용접로보트별 용접POINT 관리표준,기준서,제외(통합·사용 안 함)
SH-FM-187-206_SQ높음_양식초안_Rev00.xlsx,SH-FM-203,용접반파괴/파괴검사기준,기준서,제외(용접 관련)
SH-FM-187-206_SQ높음_양식초안_Rev00.xlsx,SH-FM-204,용접검사체크시트,기록양식,제외(용접 관련)
SH-FM-187-206_SQ높음_양식초안_Rev00.xlsx,SH-FM-205,용접반파괴 검사대제작,비문서,제외(용접 관련)
SH-FM-187-206_SQ높음_양식초안_Rev00.xlsx,SH-FM-206,(용접반파괴테스트 보관대제작-한도견본&현품),비문서,제외(용접 관련)
SH-FM-123-132_SQ보통_양식초안_Rev00.xlsx,SH-FM-123,P-FMEA,기록양식,적용
SH-FM-123-132_SQ보통_양식초안_Rev00.xlsx,SH-FM-124,관리계획서,기록양식,적용
SH-FM-123-132_SQ보통_양식초안_Rev00.xlsx,SH-FM-125,작업표준서,기록양식,적용
SH-FM-123-132_SQ보통_양식초안_Rev00.xlsx,SH-FM-126,설비일상점검표,기록양식,제외(통합·사용 안 함)
SH-FM-123-132_SQ보통_양식초안_Rev00.xlsx,SH-FM-127,고객승인 검사협정 / ISIR 서류,기록양식,적용
SH-FM-123-132_SQ보통_양식초안_Rev00.xlsx,SH-FM-128,설비재가동업무 프로세스,기록양식,적용
SH-FM-123-132_SQ보통_양식초안_Rev00.xlsx,SH-FM-129,(계획/비계획정지 기준 명확화),비문서,제외(비문서)
SH-FM-123-132_SQ보통_양식초안_Rev00.xlsx,SH-FM-130,설비가동중단 LIST (설비이력카드 연계),기록양식,적용
SH-FM-123-132_SQ보통_양식초안_Rev00.xlsx,SH-FM-131,재가동 초품 검사 체크시트,기록양식,적용
SH-FM-123-132_SQ보통_양식초안_Rev00.xlsx,SH-FM-132,재가동 초도생산품 LOT식별관리 기준서,기준서,적용
SH-FM-138-143_SQ보통_양식초안_Rev00.xlsx,SH-FM-138,품질취약시간관리기준서,기준서,적용
SH-FM-138-143_SQ보통_양식초안_Rev00.xlsx,SH-FM-139,비상연락망,기록양식,적용
SH-FM-138-143_SQ보통_양식초안_Rev00.xlsx,SH-FM-140,주야간업무 인수인계서,기록양식,적용
SH-FM-138-143_SQ보통_양식초안_Rev00.xlsx,SH-FM-141,야간설비일상점검표,기록양식,제외(통합·사용 안 함)
SH-FM-138-143_SQ보통_양식초안_Rev00.xlsx,SH-FM-142,야간생산품 식별격리절차,기록양식,적용
SH-FM-138-143_SQ보통_양식초안_Rev00.xlsx,SH-FM-143,야간생산품 검사일지,기록양식,적용
SH-FM-160-186_SQ보통_양식초안_Rev00.xlsx,SH-FM-160,외주품 수입검사기준서,기준서,적용
SH-FM-160-186_SQ보통_양식초안_Rev00.xlsx,SH-FM-161,외주품입고식별표,기록양식,적용
SH-FM-160-186_SQ보통_양식초안_Rev00.xlsx,SH-FM-162,외주품 부적합처리기준서,기준서,적용
SH-FM-160-186_SQ보통_양식초안_Rev00.xlsx,SH-FM-163,외주품 검사협정서,기준서,적용
SH-FM-160-186_SQ보통_양식초안_Rev00.xlsx,SH-FM-164,외주품 검사기준서,기준서,적용
SH-FM-160-186_SQ보통_양식초안_Rev00.xlsx,SH-FM-165,한도견본 관리대장(외주품/완성품),기록양식,적용
SH-FM-160-186_SQ보통_양식초안_Rev00.xlsx,SH-FM-166,한도견본 식별표,기록양식,적용
SH-FM-160-186_SQ보통_양식초안_Rev00.xlsx,SH-FM-167,한도견본 샘플보관대 및 샘플,비문서,제외(비문서)
SH-FM-160-186_SQ보통_양식초안_Rev00.xlsx,SH-FM-168,외관검사기준서,기준서,적용
SH-FM-160-186_SQ보통_양식초안_Rev00.xlsx,SH-FM-169,정기검사계획대실적(치수/용접),기록양식,제외(용접 관련)
SH-FM-160-186_SQ보통_양식초안_Rev00.xlsx,SH-FM-170,정기검사성적서(치수/용접),기록양식,제외(용접 관련)
SH-FM-160-186_SQ보통_양식초안_Rev00.xlsx,SH-FM-171,중금속 정기검사 계획대실적,기록양식,적용
SH-FM-160-186_SQ보통_양식초안_Rev00.xlsx,SH-FM-172,중금속 성적서,기록양식,적용
SH-FM-160-186_SQ보통_양식초안_Rev00.xlsx,SH-FM-173,계측기관리대장,기록양식,제외(통합·사용 안 함)
SH-FM-160-186_SQ보통_양식초안_Rev00.xlsx,SH-FM-174,계측기이력카드,기록양식,적용
SH-FM-160-186_SQ보통_양식초안_Rev00.xlsx,SH-FM-175,계측기검교정 계획대실적표,기록양식,적용
SH-FM-160-186_SQ보통_양식초안_Rev00.xlsx,SH-FM-176,계측기검교정 성적서,기록양식,적용
SH-FM-160-186_SQ보통_양식초안_Rev00.xlsx,SH-FM-177,계측기보관함  위치지정및 레이아웃 주소화,기록양식,적용
SH-FM-160-186_SQ보통_양식초안_Rev00.xlsx,SH-FM-178,검사구관리대장,기록양식,적용
SH-FM-160-186_SQ보통_양식초안_Rev00.xlsx,SH-FM-179,검사구이력카드,기록양식,적용
SH-FM-160-186_SQ보통_양식초안_Rev00.xlsx,SH-FM-180,검사구정기점검 계획대실적표,기록양식,적용
SH-FM-160-186_SQ보통_양식초안_Rev00.xlsx,SH-FM-181,검사구점검체크시트,기록양식,적용
SH-FM-160-186_SQ보통_양식초안_Rev00.xlsx,SH-FM-182,검사구보관 lay-out,기록양식,적용
SH-FM-160-186_SQ보통_양식초안_Rev00.xlsx,SH-FM-183,검사구 식별표,기록양식,적용
SH-FM-160-186_SQ보통_양식초안_Rev00.xlsx,SH-FM-184,계측기 GAGE R&R 계획대실적표,기록양식,적용
SH-FM-160-186_SQ보통_양식초안_Rev00.xlsx,SH-FM-185,계측기 GAGE R&R 실시실적,기록양식,적용
SH-FM-160-186_SQ보통_양식초안_Rev00.xlsx,SH-FM-186,계측기 사용자 등록현황,기록양식,적용
SH-FM-207-245_SQ보통_양식초안_Rev00.xlsx,SH-FM-207,설비일상점검기준서,기준서,적용
SH-FM-207-245_SQ보통_양식초안_Rev00.xlsx,SH-FM-208,설비일상점검표(각부위별사진도식화),기록양식,적용
SH-FM-207-245_SQ보통_양식초안_Rev00.xlsx,SH-FM-209,설비게이지 상하한식별관리,기록양식,적용
SH-FM-207-245_SQ보통_양식초안_Rev00.xlsx,SH-FM-210,설비 오셋팅방지 KEY-LOCK,비문서,제외(비문서)
SH-FM-207-245_SQ보통_양식초안_Rev00.xlsx,SH-FM-211,설비정기점검 계획대실적표,기록양식,적용
SH-FM-207-245_SQ보통_양식초안_Rev00.xlsx,SH-FM-212,설비정기점검 실적,기록양식,적용
SH-FM-207-245_SQ보통_양식초안_Rev00.xlsx,SH-FM-213,설비관리대장,기록양식,적용
SH-FM-207-245_SQ보통_양식초안_Rev00.xlsx,SH-FM-214,설비이력카드,기록양식,적용
SH-FM-207-245_SQ보통_양식초안_Rev00.xlsx,SH-FM-215,설비수리보고서,기록양식,적용
SH-FM-207-245_SQ보통_양식초안_Rev00.xlsx,SH-FM-216,설비압력게이지 검증 계획대실적표,기록양식,적용
SH-FM-207-245_SQ보통_양식초안_Rev00.xlsx,SH-FM-217,설비압력게이지 점검실적,기록양식,적용
SH-FM-207-245_SQ보통_양식초안_Rev00.xlsx,SH-FM-218,설비예비품관리대장,기록양식,적용
SH-FM-207-245_SQ보통_양식초안_Rev00.xlsx,SH-FM-219,설비예비품 입출고 관리일지,기록양식,적용
SH-FM-207-245_SQ보통_양식초안_Rev00.xlsx,SH-FM-220,작동유관리기준서,기준서,적용
SH-FM-207-245_SQ보통_양식초안_Rev00.xlsx,SH-FM-221,작동유샘플보관대제작설치,비문서,제외(비문서)
SH-FM-207-245_SQ보통_양식초안_Rev00.xlsx,SH-FM-222,CO2용접원점확인장치,기록양식,제외(용접 관련)
SH-FM-207-245_SQ보통_양식초안_Rev00.xlsx,SH-FM-223,스폿로봇 원점확인장치,기록양식,제외(용접 관련)
SH-FM-207-245_SQ보통_양식초안_Rev00.xlsx,SH-FM-224,용접전극드레싱/교환 F/P장비설치,비문서,제외(용접 관련)
SH-FM-207-245_SQ보통_양식초안_Rev00.xlsx,SH-FM-225,설비정기점검 관리기준서,기준서,제외(용접 관련)
SH-FM-207-245_SQ보통_양식초안_Rev00.xlsx,SH-FM-226,설비정기점검계획대실적표,기록양식,제외(통합·사용 안 함)
SH-FM-207-245_SQ보통_양식초안_Rev00.xlsx,SH-FM-227,설비정기점검 실적,기록양식,제외(통합·사용 안 함)
SH-FM-207-245_SQ보통_양식초안_Rev00.xlsx,SH-FM-228,CO2용접원점확인장치,기록양식,제외(통합·사용 안 함)
SH-FM-207-245_SQ보통_양식초안_Rev00.xlsx,SH-FM-229,스폿로봇 원점확인장치,기록양식,제외(통합·사용 안 함)
SH-FM-207-245_SQ보통_양식초안_Rev00.xlsx,SH-FM-230,가스잔량 F/P장치,기록양식,제외(용접 관련)
SH-FM-207-245_SQ보통_양식초안_Rev00.xlsx,SH-FM-231,JIG정기점검 관리기준서,기준서,적용
SH-FM-207-245_SQ보통_양식초안_Rev00.xlsx,SH-FM-232,JIG정기점검계획대실적표,기록양식,적용
SH-FM-207-245_SQ보통_양식초안_Rev00.xlsx,SH-FM-233,JIG 기준핀정기점검 실적,기록양식,적용
SH-FM-207-245_SQ보통_양식초안_Rev00.xlsx,SH-FM-234,JIG PIN 위치도 및 상세사진 위치도,기록양식,적용
SH-FM-207-245_SQ보통_양식초안_Rev00.xlsx,SH-FM-235,금형관리 프로세스,기록양식,제외(용접 관련)
SH-FM-207-245_SQ보통_양식초안_Rev00.xlsx,SH-FM-236,금형관리대장,기록양식,적용
SH-FM-207-245_SQ보통_양식초안_Rev00.xlsx,SH-FM-237,금형이력카드,기록양식,적용
SH-FM-207-245_SQ보통_양식초안_Rev00.xlsx,SH-FM-238,MMS SYSTEM금형수리내역,기록양식,적용
SH-FM-207-245_SQ보통_양식초안_Rev00.xlsx,SH-FM-239,금형일상점검관리기준서,기준서,적용
SH-FM-207-245_SQ보통_양식초안_Rev00.xlsx,SH-FM-240,금형일상점검체크시트,기록양식,적용
SH-FM-207-245_SQ보통_양식초안_Rev00.xlsx,SH-FM-241,금형등급관리준서,기록양식,적용
SH-FM-207-245_SQ보통_양식초안_Rev00.xlsx,SH-FM-242,금형별 등급실적,기록양식,적용
SH-FM-207-245_SQ보통_양식초안_Rev00.xlsx,SH-FM-243,금형정기점검실적,기록양식,적용
SH-FM-207-245_SQ보통_양식초안_Rev00.xlsx,SH-FM-244,금형타발수관리대장,기록양식,적용
SH-FM-207-245_SQ보통_양식초안_Rev00.xlsx,SH-FM-245,금형전산화시스템적용시 금형반컴퓨터설치,비문서,제외(비문서)
SH-FM-254-307_SQ보통_양식초안_Rev00.xlsx,SH-FM-254,원자재입고 부품식별표,기록양식,적용
SH-FM-254-307_SQ보통_양식초안_Rev00.xlsx,SH-FM-255,작업일보,기록양식,제외(통합·사용 안 함)
SH-FM-254-307_SQ보통_양식초안_Rev00.xlsx,SH-FM-256,부품식별표,기록양식,적용
SH-FM-254-307_SQ보통_양식초안_Rev00.xlsx,SH-FM-257,작업일보,기록양식,제외(통합·사용 안 함)
SH-FM-254-307_SQ보통_양식초안_Rev00.xlsx,SH-FM-258,부품식별표,기록양식,제외(통합·사용 안 함)
SH-FM-254-307_SQ보통_양식초안_Rev00.xlsx,SH-FM-259,출하일지,기록양식,적용
SH-FM-254-307_SQ보통_양식초안_Rev00.xlsx,SH-FM-260,고객부품식별표,기록양식,적용
SH-FM-254-307_SQ보통_양식초안_Rev00.xlsx,SH-FM-261,일별생산실적현황 OR LOT 관리대장,기록양식,적용
SH-FM-254-307_SQ보통_양식초안_Rev00.xlsx,SH-FM-262,LOT관리기준서,기준서,제외(통합·사용 안 함)
SH-FM-254-307_SQ보통_양식초안_Rev00.xlsx,SH-FM-263,원자재보관관리기준서,기준서,적용
SH-FM-254-307_SQ보통_양식초안_Rev00.xlsx,SH-FM-264,원자재보관대 LAY-OUT 및재고현황,비문서,제외(비문서)
SH-FM-254-307_SQ보통_양식초안_Rev00.xlsx,SH-FM-265,원자재보관대 구역설정및 식별,비문서,제외(비문서)
SH-FM-254-307_SQ보통_양식초안_Rev00.xlsx,SH-FM-266,원자재선입선출관리기준서,기준서,적용
SH-FM-254-307_SQ보통_양식초안_Rev00.xlsx,SH-FM-267,.원자재식별표,기록양식,적용
SH-FM-254-307_SQ보통_양식초안_Rev00.xlsx,SH-FM-268,장기재고보관관리기준서,기준서,적용
SH-FM-254-307_SQ보통_양식초안_Rev00.xlsx,SH-FM-269,장기재고점검체크시트,기록양식,제외(통합·사용 안 함)
SH-FM-254-307_SQ보통_양식초안_Rev00.xlsx,SH-FM-270,장기재고식별표,기록양식,적용
SH-FM-254-307_SQ보통_양식초안_Rev00.xlsx,SH-FM-271,LAY-OUT 및재고현황,기록양식,적용
SH-FM-254-307_SQ보통_양식초안_Rev00.xlsx,SH-FM-272,구역설정및 식별,기록양식,적용
SH-FM-254-307_SQ보통_양식초안_Rev00.xlsx,SH-FM-273,부품식별표,기록양식,제외(통합·사용 안 함)
SH-FM-254-307_SQ보통_양식초안_Rev00.xlsx,SH-FM-274,'-불용자재관리기준서,기준서,적용
SH-FM-254-307_SQ보통_양식초안_Rev00.xlsx,SH-FM-275,불용자재식별표,기록양식,적용
SH-FM-254-307_SQ보통_양식초안_Rev00.xlsx,SH-FM-276,선입고품 우선사용 TAG식별,기록양식,적용
SH-FM-254-307_SQ보통_양식초안_Rev00.xlsx,SH-FM-277,.원자재식별표,기록양식,제외(통합·사용 안 함)
SH-FM-254-307_SQ보통_양식초안_Rev00.xlsx,SH-FM-278,장기재고보관관리기준서,기준서,제외(통합·사용 안 함)
SH-FM-254-307_SQ보통_양식초안_Rev00.xlsx,SH-FM-279,장기재고식별표,기록양식,제외(통합·사용 안 함)
SH-FM-254-307_SQ보통_양식초안_Rev00.xlsx,SH-FM-280,부품식별표,기록양식,제외(통합·사용 안 함)
SH-FM-254-307_SQ보통_양식초안_Rev00.xlsx,SH-FM-281,공정제품 용기설정 기준서,기준서,적용
SH-FM-254-307_SQ보통_양식초안_Rev00.xlsx,SH-FM-282,과다적재방지 장입한계기준 설정,기록양식,적용
SH-FM-254-307_SQ보통_양식초안_Rev00.xlsx,SH-FM-283,완성품 납용용기설정서,기록양식,적용
SH-FM-254-307_SQ보통_양식초안_Rev00.xlsx,SH-FM-284,완성품 LAY-OUT,기록양식,적용
SH-FM-254-307_SQ보통_양식초안_Rev00.xlsx,SH-FM-285,완성품 적재공간 구역설정 LINE MARK'G,기록양식,적용
SH-FM-254-307_SQ보통_양식초안_Rev00.xlsx,SH-FM-286,완성품 적재장소 NAME PLATE부착,기록양식,적용
SH-FM-254-307_SQ보통_양식초안_Rev00.xlsx,SH-FM-287,안전관리업무기준서,기준서,적용
SH-FM-254-307_SQ보통_양식초안_Rev00.xlsx,SH-FM-288,안전보호구 지급기준,기록양식,적용
SH-FM-254-307_SQ보통_양식초안_Rev00.xlsx,SH-FM-289,안전보호구 지급관리대장,기록양식,적용
SH-FM-254-307_SQ보통_양식초안_Rev00.xlsx,SH-FM-290,안전교육교안,기록양식,적용
SH-FM-254-307_SQ보통_양식초안_Rev00.xlsx,SH-FM-291,안전교육실시보고서,기록양식,적용
SH-FM-254-307_SQ보통_양식초안_Rev00.xlsx,SH-FM-292,작업장 안전수칙 라인별 제작활용,비문서,제외(비문서)
SH-FM-254-307_SQ보통_양식초안_Rev00.xlsx,SH-FM-293,유해물질보관장 선정,기록양식,적용
SH-FM-254-307_SQ보통_양식초안_Rev00.xlsx,SH-FM-294,유해물질보관장 MSDS비치활용,기록양식,적용
SH-FM-254-307_SQ보통_양식초안_Rev00.xlsx,SH-FM-295,설비일상/정기점검기준서(안전장치점검반영),기준서,적용
SH-FM-254-307_SQ보통_양식초안_Rev00.xlsx,SH-FM-296,"설비안전관리책임자선정및 정,부 식별현황",기록양식,적용
SH-FM-254-307_SQ보통_양식초안_Rev00.xlsx,SH-FM-297,소화기 배치 LAY-OUT,기록양식,적용
SH-FM-254-307_SQ보통_양식초안_Rev00.xlsx,SH-FM-298,소화기점검식별표,기록양식,적용
SH-FM-254-307_SQ보통_양식초안_Rev00.xlsx,SH-FM-299,설계변경/4M관리업무 프로세스,기록양식,적용
SH-FM-254-307_SQ보통_양식초안_Rev00.xlsx,SH-FM-300,변경관리 master list,기록양식,적용
SH-FM-254-307_SQ보통_양식초안_Rev00.xlsx,SH-FM-301,변경품적용시점통보서,기록양식,적용
SH-FM-254-307_SQ보통_양식초안_Rev00.xlsx,SH-FM-302,변경품적용시 고객ISIR승인서류,기록양식,적용
SH-FM-254-307_SQ보통_양식초안_Rev00.xlsx,SH-FM-303,도면일치성관리기준서,기준서,적용
SH-FM-254-307_SQ보통_양식초안_Rev00.xlsx,SH-FM-304,도면일치성점검체크시트(고객사관리본접수),기록양식,적용
SH-FM-254-307_SQ보통_양식초안_Rev00.xlsx,SH-FM-305,도면/검사협정서/초도품보증서고객승인본,기준서,적용
SH-FM-254-307_SQ보통_양식초안_Rev00.xlsx,SH-FM-306,정기검사계획대실적표,기록양식,적용
SH-FM-254-307_SQ보통_양식초안_Rev00.xlsx,SH-FM-307,정기검사실적,기록양식,적용
SH-FM-313-322_SQ보통_양식초안_Rev00.xlsx,SH-FM-313,자격인증관리 기준서,기준서,적용
SH-FM-313-322_SQ보통_양식초안_Rev00.xlsx,SH-FM-314,자격인증체크시트 (검사원),기록양식,적용
SH-FM-313-322_SQ보통_양식초안_Rev00.xlsx,SH-FM-315,자격인증체크시트 (현장작업자),기록양식,적용
SH-FM-313-322_SQ보통_양식초안_Rev00.xlsx,SH-FM-316,계수형R&R 계획대실적표,기록양식,적용
SH-FM-313-322_SQ보통_양식초안_Rev00.xlsx,SH-FM-317,계수형R&R 실시실적,기록양식,적용
SH-FM-313-322_SQ보통_양식초안_Rev00.xlsx,SH-FM-318,계량형/계수형 R&R 수기작성본,기록양식,적용
SH-FM-313-322_SQ보통_양식초안_Rev00.xlsx,SH-FM-319,계수형R&R 평가샘플 보관대,비문서,제외(비문서)
SH-FM-313-322_SQ보통_양식초안_Rev00.xlsx,SH-FM-320,자격인증대상자교육실시보고서,기록양식,적용
SH-FM-313-322_SQ보통_양식초안_Rev00.xlsx,SH-FM-321,자격인증서(검사원/현장작업자),기록양식,적용
SH-FM-313-322_SQ보통_양식초안_Rev00.xlsx,SH-FM-322,작업자변경시 교육실시보고서,기록양식,적용
SH-FM-327-336_SQ보통_양식초안_Rev00.xlsx,SH-FM-327,부적합처리업무 프로세스,기록양식,적용
SH-FM-327-336_SQ보통_양식초안_Rev00.xlsx,SH-FM-328,부적합 격리보관장소 지정 (펜스격리),기록양식,적용
SH-FM-327-336_SQ보통_양식초안_Rev00.xlsx,SH-FM-329,부적합처리일지,기록양식,적용
SH-FM-327-336_SQ보통_양식초안_Rev00.xlsx,SH-FM-330,부적합품 보관함,기록양식,적용
SH-FM-327-336_SQ보통_양식초안_Rev00.xlsx,SH-FM-331,부적합식별표,기록양식,적용
SH-FM-327-336_SQ보통_양식초안_Rev00.xlsx,SH-FM-332,품질실적보고서 (전부서KPI목표대비실적),기록양식,적용
SH-FM-327-336_SQ보통_양식초안_Rev00.xlsx,SH-FM-333,고객/공정/외주불량 실적PPM,기록양식,적용
SH-FM-327-336_SQ보통_양식초안_Rev00.xlsx,SH-FM-334,고객/공정/외주불량 개선대책서,기록양식,적용
SH-FM-327-336_SQ보통_양식초안_Rev00.xlsx,SH-FM-335,고객불량 유효성검증  MASTER LIST,기록양식,적용
SH-FM-327-336_SQ보통_양식초안_Rev00.xlsx,SH-FM-336,D+3개월 유효성검증,기록양식,적용
SH-FM-357-362_SQ보통_양식초안_Rev00.xlsx,SH-FM-357,정성품질향상가이드,기록양식,적용
SH-FM-357-362_SQ보통_양식초안_Rev00.xlsx,SH-FM-358,정성품질 조직도 (키맨선정),기록양식,적용
SH-FM-357-362_SQ보통_양식초안_Rev00.xlsx,SH-FM-359,정성품질 체크시트,기록양식,적용
SH-FM-357-362_SQ보통_양식초안_Rev00.xlsx,SH-FM-360,정성품질 개선추진보고서,기록양식,적용
SH-FM-357-362_SQ보통_양식초안_Rev00.xlsx,SH-FM-361,정성품질 포상제도 시행안 보고서,기록양식,적용
SH-FM-357-362_SQ보통_양식초안_Rev00.xlsx,SH-FM-362,정성품질 포상실행 품의서,기록양식,적용
