SQ NO,확정 담당자,근거,확정
7,지성규,SQ_담당자미지정_지정안_20261008.xlsx 제안,사용자 확정 2026-10-08 (제안 그대로)
8,지성규,SQ_담당자미지정_지정안_20261008.xlsx 제안,사용자 확정 2026-10-08 (제안 그대로)
12,지성규,SQ_담당자미지정_지정안_20261008.xlsx 제안,사용자 확정 2026-10-08 (제안 그대로)
13,지성규,SQ_담당자미지정_지정안_20261008.xlsx 제안,사용자 확정 2026-10-08 (제안 그대로)
17,지성규,SQ_담당자미지정_지정안_20261008.xlsx 제안,사용자 확정 2026-10-08 (제안 그대로)
18,지성규,SQ_담당자미지정_지정안_20261008.xlsx 제안,사용자 확정 2026-10-08 (제안 그대로)
21,이광재,SQ_담당자미지정_지정안_20261008.xlsx 제안,사용자 확정 2026-10-08 (제안 그대로)
23,지성규,SQ_담당자미지정_지정안_20261008.xlsx 제안,사용자 확정 2026-10-08 (제안 그대로)
24,지성규,SQ_담당자미지정_지정안_20261008.xlsx 제안,사용자 확정 2026-10-08 (제안 그대로)
26,황지환,SQ_담당자미지정_지정안_20261008.xlsx 제안,사용자 확정 2026-10-08 (제안 그대로)
27,황지환,SQ_담당자미지정_지정안_20261008.xlsx 제안,사용자 확정 2026-10-08 (제안 그대로)
28,황지환,SQ_담당자미지정_지정안_20261008.xlsx 제안,사용자 확정 2026-10-08 (제안 그대로)
31,이은주,SQ_담당자미지정_지정안_20261008.xlsx 제안,사용자 확정 2026-10-08 (제안 그대로)
32,이은주,SQ_담당자미지정_지정안_20261008.xlsx 제안,사용자 확정 2026-10-08 (제안 그대로)
33,이은주,SQ_담당자미지정_지정안_20261008.xlsx 제안,사용자 확정 2026-10-08 (제안 그대로)
34,이은주,SQ_담당자미지정_지정안_20261008.xlsx 제안,사용자 확정 2026-10-08 (제안 그대로)
35,이은주,SQ_담당자미지정_지정안_20261008.xlsx 제안,사용자 확정 2026-10-08 (제안 그대로)
36,이은주,SQ_담당자미지정_지정안_20261008.xlsx 제안,사용자 확정 2026-10-08 (제안 그대로)
37,이은주,SQ_담당자미지정_지정안_20261008.xlsx 제안,사용자 확정 2026-10-08 (제안 그대로)
77,김명용,SQ_담당자미지정_지정안_20261008.xlsx 제안,사용자 확정 2026-10-08 (제안 그대로)
129,지성규,SQ_담당자미지정_지정안_20261008.xlsx 제안,사용자 확정 2026-10-08 (제안 그대로)
130,지성규,SQ_담당자미지정_지정안_20261008.xlsx 제안,사용자 확정 2026-10-08 (제안 그대로)
131,지성규,SQ_담당자미지정_지정안_20261008.xlsx 제안,사용자 확정 2026-10-08 (제안 그대로)
190,이광재,SQ_담당자미지정_지정안_20261008.xlsx 제안,사용자 확정 2026-10-08 (제안 그대로)
214,박철호,SQ_담당자미지정_지정안_20261008.xlsx 제안,사용자 확정 2026-10-08 (제안 그대로)
15,이광재,2026-10-06 회신 담당자 지정(SH-FM-137) 기준,사용자 확정 2026-10-08
