원본행,구분,번호,필요서류(준비서류),FM 문서번호(옛 안),정식 FM 번호(배정),대표 FM(충족 문서),우선순위,담당부서,담당자,목표완료월(제안),증빙 상태,준비상태(제안),제안 근거
5,생산조건관리,1-1,P-FMEA,FM-QP010-01,SH-FM-123,SH-FM-123,보통,품질팀,이광재,2026-11,보완 필요,진행중,"번호·승인·배포 완료, 점검 항목·기준 미작성(담당부서 작성 중)"
6,생산조건관리,1-1,관리계획서,FM-QP010-02,SH-FM-124,SH-FM-124,보통,품질팀,이광재,2026-11,보완 필요,진행중,"번호·승인·배포 완료, 점검 항목·기준 미작성(담당부서 작성 중)"
7,생산조건관리,1-1,작업표준서,FM-QP010-03,SH-FM-125,SH-FM-125,보통,생산팀,지성규,2026-12,보완 필요,진행중,"번호·승인·배포 완료, 점검 항목·기준 미작성(담당부서 작성 중)"
8,생산조건관리,1-1,설비일상점검표,FM-WI004-01,SH-FM-126,SH-FM-101,보통,생산팀,지성규,2026-12,보유,완료,대표 양식·절차서 승인·배포 완료(서명본·수령 증빙 대조 전)
9,생산조건관리,1-1,고객승인 검사협정 / ISIR 서류,FM-QP010-04,SH-FM-127,SH-FM-127,보통,품질팀,이광재,2026-11,보완 필요,진행중,"번호·승인·배포 완료, 점검 항목·기준 미작성(담당부서 작성 중)"
11,생산조건관리,1-2,설비재가동업무 프로세스,FM-WI016-01,SH-FM-128,SH-FM-128,보통,생산팀,지성규,2026-12,보완 필요,진행중,"번호·승인·배포 완료, 점검 항목·기준 미작성(담당부서 작성 중)"
12,생산조건관리,1-2,(계획/비계획정지 기준 명확화),FM-WI020-01,SH-FM-129,SH-FM-129,보통,(부서 미정),지성규,2026-12,판단 보류,진행중,통합·현물 관리 등 충족 여부 담당부서 확인 중
13,생산조건관리,1-2,설비가동중단 LIST (설비이력카드 연계),FM-WI016-02,SH-FM-130,SH-FM-130,보통,생산팀,지성규,2026-12,보완 필요,진행중,"번호·승인·배포 완료, 점검 항목·기준 미작성(담당부서 작성 중)"
14,생산조건관리,1-2,재가동 초품 검사 체크시트,FM-QP003-01,SH-FM-131,SH-FM-131,보통,품질팀,이광재,2026-11,보완 필요,진행중,"번호·승인·배포 완료, 점검 항목·기준 미작성(담당부서 작성 중)"
15,생산조건관리,1-2,재가동 초도생산품 LOT식별관리 기준서,FM-QP018-01,SH-FM-132,SH-FM-132,보통,생산팀,지성규,2026-12,보완 필요,진행중,"번호·승인·배포 완료, 점검 항목·기준 미작성(담당부서 작성 중)"
17,생산조건관리,1-3,작업표준서 현지어번역본,FM-WI004-02,SH-FM-133,SH-FM-133,낮음,생산팀,지성규,2026-12,보완 필요,진행중,"번호·승인·배포 완료, 점검 항목·기준 미작성(담당부서 작성 중)"
18,생산조건관리,1-3,설비일상점검표 현지어 번역본,FM-WI004-03,SH-FM-134,SH-FM-134,낮음,생산팀,지성규,2026-12,보완 필요,진행중,"번호·승인·배포 완료, 점검 항목·기준 미작성(담당부서 작성 중)"
19,생산조건관리,1-3,작업일보 현지어 번역본,FM-PRD-N01,SH-FM-135,SH-FM-145,낮음,생산팀,지성규,2026-10,보완 필요,진행중,"번호·승인·배포 완료, 점검 항목·기준 미작성(담당부서 작성 중)"
20,생산조건관리,1-3,부적합처리기준 현지어번역본,FM-PRD-N02,SH-FM-136,SH-FM-162,낮음,품질팀,이광재,2026-10,판단 보류,진행중,통합·현물 관리 등 충족 여부 담당부서 확인 중
21,생산조건관리,1-3,외관검사기준 현지어번역본,FM-PRD-N03,SH-FM-137,SH-FM-168,낮음,품질팀,이광재,2026-10,판단 보류,진행중,통합·현물 관리 등 충족 여부 담당부서 확인 중
22,생산조건관리,1-4,품질취약시간관리기준서,FM-PRD-N04,SH-FM-138,SH-FM-138,보통,생산팀,지성규,2026-10,보완 필요,진행중,"번호·승인·배포 완료, 점검 항목·기준 미작성(담당부서 작성 중)"
23,생산조건관리,1-4,비상연락망,FM-QP020-01,SH-FM-139,SH-FM-139,보통,생산팀,지성규,2026-12,보완 필요,진행중,"번호·승인·배포 완료, 점검 항목·기준 미작성(담당부서 작성 중)"
24,생산조건관리,1-4,주야간업무 인수인계서,FM-WI015-01,SH-FM-140,SH-FM-140,보통,생산팀,지성규,2026-12,보완 필요,진행중,"번호·승인·배포 완료, 점검 항목·기준 미작성(담당부서 작성 중)"
25,생산조건관리,1-4,야간설비일상점검표,FM-WI001-01,SH-FM-141,SH-FM-101,보통,생산팀,이광재,2026-12,보유,완료,대표 양식·절차서 승인·배포 완료(서명본·수령 증빙 대조 전)
26,생산조건관리,1-4,야간생산품 식별격리절차,FM-WI003-01,SH-FM-142,SH-FM-142,보통,품질팀,이광재,2026-11,보완 필요,진행중,"번호·승인·배포 완료, 점검 항목·기준 미작성(담당부서 작성 중)"
27,생산조건관리,1-4,야간생산품 검사일지,FM-PRD-N05,SH-FM-143,SH-FM-143,보통,품질팀,이광재,2026-09,보완 필요,진행중,"번호·승인·배포 완료, 점검 항목·기준 미작성(담당부서 작성 중)"
29,생산조건관리,1-5,작업표준서 OR 작업조건표,FM-QP003-02,SH-FM-144,SH-FM-144,높음,생산팀,지성규,2026-11,미비,미착수,"양식 번호만 배정, 양식 미작성"
30,생산조건관리,1-5,작업일보,FM-PRD-N06,SH-FM-145,SH-FM-145,높음,생산팀,지성규,2026-09,보완 필요,진행중,"번호·승인·배포 완료, 점검 항목·기준 미작성(담당부서 작성 중)"
31,생산조건관리,1-5,(작업일보내작업조건필히기록),FM-PRD-N07,SH-FM-146,SH-FM-145,높음,(부서 미정),지성규,2026-09,보완 필요,진행중,"번호·승인·배포 완료, 점검 항목·기준 미작성(담당부서 작성 중)"
32,생산조건관리,1-5,로봇용접프로그램백업관리기준서,FM-PRD-N08,SH-FM-147,SH-FM-147,높음,생산기술,황지환,2026-09,미비,미착수,"양식 번호만 배정, 양식 미작성"
33,생산조건관리,1-5,로봇용접프로그램백업관리실적,FM-PRD-N09,SH-FM-148,SH-FM-148,높음,생산기술,황지환,2026-09,미비,미착수,"양식 번호만 배정, 양식 미작성"
34,생산조건관리,1-5,용접조건 검증체크시트,FM-PRD-N10,SH-FM-149,SH-FM-149,높음,생산기술,황지환,2026-09,보완 필요,진행중,"번호·승인·배포 완료, 점검 항목·기준 미작성(담당부서 작성 중)"
35,생산조건관리,1-5,스폿용접전류/가압력 관리기준서,FM-PRD-N11,SH-FM-150,SH-FM-150,높음,(부서 미정),황지환,2026-09,보완 필요,진행중,"번호·승인·배포 완료, 점검 항목·기준 미작성(담당부서 작성 중)"
36,생산조건관리,1-5,스폿용접전류/가압력 관리실적(1회/월),FM-PRD-N12,SH-FM-151,SH-FM-151,높음,생산기술,황지환,2026-09,보완 필요,진행중,"번호·승인·배포 완료, 점검 항목·기준 미작성(담당부서 작성 중)"
40,검사시험,2-1,원자재 검사협정서  OR 검사기준서,FM-QP013-01,SH-FM-152,SH-FM-152,높음,구매자재팀,이은주·박철호(공동),2026-10,보완 필요,진행중,"번호·승인·배포 완료, 점검 항목·기준 미작성(담당부서 작성 중)"
41,검사시험,2-1,원자재 입고 LIST,FM-WI009-01,SH-FM-153,SH-FM-153,높음,구매자재팀,이은주,2026-10,보완 필요,진행중,"번호·승인·배포 완료, 점검 항목·기준 미작성(담당부서 작성 중)"
42,검사시험,2-1,원자재수입검사 기준서,FM-QP013-02,SH-FM-154,SH-FM-154,높음,구매자재팀,이은주,2026-11,보완 필요,진행중,"번호·승인·배포 완료, 점검 항목·기준 미작성(담당부서 작성 중)"
43,검사시험,2-1,원자재수입검사 일지,FM-INS-N01,SH-FM-155,SH-FM-155,높음,구매자재팀,이은주,2026-09,보완 필요,진행중,"번호·승인·배포 완료, 점검 항목·기준 미작성(담당부서 작성 중)"
44,검사시험,2-1,원자재 M/SHEET (입고LOT별 접수),FM-INS-N02,SH-FM-156,SH-FM-156,높음,구매자재팀,이은주,2026-09,보완 필요,진행중,"번호·승인·배포 완료, 점검 항목·기준 미작성(담당부서 작성 중)"
45,검사시험,2-1,원자재 규격별 물성및 화학조성비 기준서,FM-WI027-01,SH-FM-157,SH-FM-157,높음,구매자재팀,이은주,2026-11,보완 필요,진행중,"번호·승인·배포 완료, 점검 항목·기준 미작성(담당부서 작성 중)"
46,검사시험,2-1,원자재 중금속검사 성적서,FM-WI027-02,SH-FM-158,SH-FM-158,높음,구매자재팀,이은주,2026-11,보완 필요,진행중,"번호·승인·배포 완료, 점검 항목·기준 미작성(담당부서 작성 중)"
47,검사시험,2-1,원자재식별표,FM-INS-N03,SH-FM-159,SH-FM-159,높음,구매자재팀,이은주,2026-09,보완 필요,진행중,"번호·승인·배포 완료, 점검 항목·기준 미작성(담당부서 작성 중)"
49,검사시험,2-2,외주품 수입검사기준서,FM-QP013-03,SH-FM-160,SH-FM-160,보통,품질팀,김명용,2026-11,보완 필요,진행중,"번호·승인·배포 완료, 점검 항목·기준 미작성(담당부서 작성 중)"
50,검사시험,2-2,외주품입고식별표,FM-INS-N04,SH-FM-161,SH-FM-161,보통,구매자재팀,이은주,2026-09,보완 필요,진행중,"번호·승인·배포 완료, 점검 항목·기준 미작성(담당부서 작성 중)"
51,검사시험,2-2,외주품 부적합처리기준서,FM-INS-N05,SH-FM-162,SH-FM-162,보통,품질팀,김명용,2026-09,보완 필요,진행중,"번호·승인·배포 완료, 점검 항목·기준 미작성(담당부서 작성 중)"
52,검사시험,2-2,외주품 검사협정서,FM-INS-N06,SH-FM-163,SH-FM-056,보통,품질팀,이광재,2026-09,판단 보류,진행중,통합·현물 관리 등 충족 여부 담당부서 확인 중
53,검사시험,2-2,외주품 검사기준서,FM-QP013-04,SH-FM-164,SH-FM-160,보통,품질팀,김명용,2026-11,보완 필요,진행중,"번호·승인·배포 완료, 점검 항목·기준 미작성(담당부서 작성 중)"
54,검사시험,2-3,한도견본 관리대장(외주품/완성품),FM-INS-N07,SH-FM-165,SH-FM-165,보통,품질팀,김명용,2026-09,보완 필요,진행중,"번호·승인·배포 완료, 점검 항목·기준 미작성(담당부서 작성 중)"
55,검사시험,2-3,한도견본 식별표,FM-QP013-05,SH-FM-166,SH-FM-166,보통,품질팀,김명용,2026-11,보완 필요,진행중,"번호·승인·배포 완료, 점검 항목·기준 미작성(담당부서 작성 중)"
56,검사시험,2-3,한도견본 샘플보관대 및 샘플,FM-INS-N08,SH-FM-167,SH-FM-167,보통,생산팀,지성규,2026-10,판단 보류,진행중,통합·현물 관리 등 충족 여부 담당부서 확인 중
57,검사시험,2-3,외관검사기준서,FM-QP013-06,SH-FM-168,SH-FM-168,보통,품질팀,김명용,2026-11,보완 필요,진행중,"번호·승인·배포 완료, 점검 항목·기준 미작성(담당부서 작성 중)"
59,검사시험,2-4,정기검사계획대실적(치수/용접),FM-INS-N09,SH-FM-169,SH-FM-169,보통,품질팀,이광재,2026-09,미비,미착수,"양식 번호만 배정, 양식 미작성"
60,검사시험,2-4,정기검사성적서(치수/용접),FM-WI006-01,SH-FM-170,SH-FM-170,보통,품질팀,이광재,2026-11,미비,미착수,"양식 번호만 배정, 양식 미작성"
61,검사시험,2-4,중금속 정기검사 계획대실적,FM-INS-N10,SH-FM-171,SH-FM-171,보통,구매자재팀,이은주,2026-09,보완 필요,진행중,"번호·승인·배포 완료, 점검 항목·기준 미작성(담당부서 작성 중)"
62,검사시험,2-4,중금속 성적서,FM-INS-N11,SH-FM-172,SH-FM-172,보통,구매자재팀,이은주,2026-09,보완 필요,진행중,"번호·승인·배포 완료, 점검 항목·기준 미작성(담당부서 작성 중)"
63,검사시험,2-5,계측기관리대장,FM-QP008-01,SH-FM-173,SH-FM-023,보통,품질팀,김명용,2026-11,판단 보류,진행중,통합·현물 관리 등 충족 여부 담당부서 확인 중
64,검사시험,2-5,계측기이력카드,FM-WI006-02,SH-FM-174,SH-FM-174,보통,품질팀,김명용,2026-11,보완 필요,진행중,"번호·승인·배포 완료, 점검 항목·기준 미작성(담당부서 작성 중)"
65,검사시험,2-5,계측기검교정 계획대실적표,FM-WI006-03,SH-FM-175,SH-FM-175,보통,품질팀,김명용,2026-12,보완 필요,진행중,"번호·승인·배포 완료, 점검 항목·기준 미작성(담당부서 작성 중)"
66,검사시험,2-5,계측기검교정 성적서,FM-WI006-04,SH-FM-176,SH-FM-176,보통,품질팀,김명용,2026-12,보완 필요,진행중,"번호·승인·배포 완료, 점검 항목·기준 미작성(담당부서 작성 중)"
67,검사시험,2-5,계측기보관함  위치지정및 레이아웃 주소화,FM-WI006-05,SH-FM-177,SH-FM-177,보통,품질팀,김명용,2026-12,보완 필요,진행중,"번호·승인·배포 완료, 점검 항목·기준 미작성(담당부서 작성 중)"
68,검사시험,2-5,검사구관리대장,FM-WI007-01,SH-FM-178,SH-FM-178,보통,품질팀,김주태,2026-12,보완 필요,진행중,"번호·승인·배포 완료, 점검 항목·기준 미작성(담당부서 작성 중)"
69,검사시험,2-5,검사구이력카드,FM-WI002-01,SH-FM-179,SH-FM-179,보통,품질팀,김주태,2026-12,보완 필요,진행중,"번호·승인·배포 완료, 점검 항목·기준 미작성(담당부서 작성 중)"
70,검사시험,2-5,검사구정기점검 계획대실적표,FM-WI007-02,SH-FM-180,SH-FM-180,보통,품질팀,김주태,2026-12,보완 필요,진행중,"번호·승인·배포 완료, 점검 항목·기준 미작성(담당부서 작성 중)"
71,검사시험,2-5,검사구점검체크시트,FM-WI007-03,SH-FM-181,SH-FM-181,보통,품질팀,김주태,2026-12,보완 필요,진행중,"번호·승인·배포 완료, 점검 항목·기준 미작성(담당부서 작성 중)"
72,검사시험,2-5,검사구보관 lay-out,FM-WI007-04,SH-FM-182,SH-FM-182,보통,품질팀,김주태,2026-12,보완 필요,진행중,"번호·승인·배포 완료, 점검 항목·기준 미작성(담당부서 작성 중)"
73,검사시험,2-5,검사구 식별표,FM-WI007-05,SH-FM-183,SH-FM-183,보통,품질팀,김주태,2026-12,보완 필요,진행중,"번호·승인·배포 완료, 점검 항목·기준 미작성(담당부서 작성 중)"
74,검사시험,2-6,계측기 GAGE R&R 계획대실적표,FM-WI006-06,SH-FM-184,SH-FM-184,보통,품질팀,김명용,2026-12,보완 필요,진행중,"번호·승인·배포 완료, 점검 항목·기준 미작성(담당부서 작성 중)"
75,검사시험,2-6,계측기 GAGE R&R 실시실적,FM-WI006-07,SH-FM-185,SH-FM-185,보통,품질팀,김명용,2026-12,보완 필요,진행중,"번호·승인·배포 완료, 점검 항목·기준 미작성(담당부서 작성 중)"
76,검사시험,2-6,계측기 사용자 등록현황,FM-WI006-08,SH-FM-186,SH-FM-186,보통,품질팀,김명용,2026-12,보완 필요,진행중,"번호·승인·배포 완료, 점검 항목·기준 미작성(담당부서 작성 중)"
78,검사시험,2-7,자주검사기준서,FM-QP013-07,SH-FM-187,SH-FM-187,높음,품질팀,이광재,2026-11,미비,미착수,"양식 번호만 배정, 양식 미작성"
79,검사시험,2-7,자주검사체크시트,FM-WI002-02,SH-FM-188,SH-FM-188,높음,품질팀,이광재,2026-11,미비,미착수,"양식 번호만 배정, 양식 미작성"
80,검사시험,2-7,용접spatter 관리기준,FM-QP016-01,SH-FM-189,SH-FM-189,높음,품질팀,이광재,2026-11,미비,미착수,"양식 번호만 배정, 양식 미작성"
81,검사시험,2-7,용접스패터관리 점검체크시트,FM-INS-N12,SH-FM-190,SH-FM-190,높음,품질팀,이광재,2026-09,보완 필요,진행중,"번호·승인·배포 완료, 점검 항목·기준 미작성(담당부서 작성 중)"
83,검사시험,2-7,자주검사체크시트,FM-WI002-03,SH-FM-191,SH-FM-188,높음,품질팀,이광재,2026-11,미비,미착수,"양식 번호만 배정, 양식 미작성"
84,검사시험,2-7,품질순회검사체크시트(중요항목치수추가),FM-WI002-04,SH-FM-192,SH-FM-192,높음,품질팀,이광재,2026-11,미비,미착수,"양식 번호만 배정, 양식 미작성"
85,검사시험,2-7,자주검사대 설치(초중종현품보관),FM-WI002-05,SH-FM-193,SH-FM-193,높음,생산팀,지성규,2026-11,판단 보류,진행중,통합·현물 관리 등 충족 여부 담당부서 확인 중
86,검사시험,2-8,완성품검사기준서,FM-QP013-08,SH-FM-194,SH-FM-194,높음,품질팀,김명용,2026-11,보완 필요,진행중,"번호·승인·배포 완료, 점검 항목·기준 미작성(담당부서 작성 중)"
87,검사시험,2-8,완성품검사체크시트,FM-INS-N13,SH-FM-195,SH-FM-195,높음,품질팀,김명용,2026-09,보완 필요,진행중,"번호·승인·배포 완료, 점검 항목·기준 미작성(담당부서 작성 중)"
88,검사시험,2-8,완성품검사식별표,FM-INS-N14,SH-FM-196,SH-FM-196,높음,품질팀,김명용,2026-09,보완 필요,진행중,"번호·승인·배포 완료, 점검 항목·기준 미작성(담당부서 작성 중)"
89,검사시험,2-8,완성품보관장소선정,FM-INS-N15,SH-FM-197,SH-FM-197,높음,품질팀,김명용,2026-09,판단 보류,진행중,통합·현물 관리 등 충족 여부 담당부서 확인 중
90,검사시험,2-8,완성검사관리대제작,FM-INS-N16,SH-FM-198,SH-FM-198,높음,품질팀,김명용,2026-09,판단 보류,진행중,통합·현물 관리 등 충족 여부 담당부서 확인 중
91,검사시험,2-8,(QMS SYSTEM 운영시 컴퓨터설치운영),FM-INS-N17,SH-FM-199,SH-FM-199,높음,(부서 미정),김명용,2026-10,판단 보류,진행중,통합·현물 관리 등 충족 여부 담당부서 확인 중
92,검사시험,2-9,용입검사 계획대실적,FM-INS-N18,SH-FM-200,SH-FM-200,높음,품질팀,이광재,2026-09,보완 필요,진행중,"번호·승인·배포 완료, 점검 항목·기준 미작성(담당부서 작성 중)"
93,검사시험,2-9,용접로보트별 용접POINT 관리표준,FM-INS-N19,SH-FM-201,SH-FM-201,높음,생산팀,한상돈,2026-09,보완 필요,진행중,"번호·승인·배포 완료, 점검 항목·기준 미작성(담당부서 작성 중)"
94,검사시험,2-9,용접로보트별 용접POINT 관리표준,FM-INS-N20,SH-FM-202,SH-FM-201,높음,품질팀,이광재,2026-09,보완 필요,진행중,"번호·승인·배포 완료, 점검 항목·기준 미작성(담당부서 작성 중)"
97,검사시험,2-9,용접반파괴/파괴검사기준,FM-INS-N21,SH-FM-203,SH-FM-203,높음,생산팀,한상돈,2026-09,보완 필요,진행중,"번호·승인·배포 완료, 점검 항목·기준 미작성(담당부서 작성 중)"
98,검사시험,2-9,용접검사체크시트,FM-INS-N22,SH-FM-204,SH-FM-204,높음,생산팀,한상돈,2026-09,보완 필요,진행중,"번호·승인·배포 완료, 점검 항목·기준 미작성(담당부서 작성 중)"
99,검사시험,2-9,용접반파괴 검사대제작,FM-INS-N23,SH-FM-205,SH-FM-205,높음,생산팀,한상돈,2026-09,판단 보류,진행중,통합·현물 관리 등 충족 여부 담당부서 확인 중
100,검사시험,2-9,(용접반파괴테스트 보관대제작-한도견본&현품),FM-INS-N24,SH-FM-206,SH-FM-206,높음,생산팀,한상돈,2026-09,판단 보류,진행중,통합·현물 관리 등 충족 여부 담당부서 확인 중
102,설비관리,3-1,설비일상점검기준서,FM-WI004-04,SH-FM-207,SH-FM-207,보통,생산팀,한상돈,2026-11,보완 필요,진행중,"번호·승인·배포 완료, 점검 항목·기준 미작성(담당부서 작성 중)"
103,설비관리,3-1,설비일상점검표(각부위별사진도식화),FM-QP003-03,SH-FM-208,SH-FM-208,보통,생산팀,한상돈,2026-11,보완 필요,진행중,"번호·승인·배포 완료, 점검 항목·기준 미작성(담당부서 작성 중)"
104,설비관리,3-1,설비게이지 상하한식별관리,FM-QP018-02,SH-FM-209,SH-FM-209,보통,생산기술,한상돈,2026-12,보완 필요,진행중,"번호·승인·배포 완료, 점검 항목·기준 미작성(담당부서 작성 중)"
105,설비관리,3-1,설비 오셋팅방지 KEY-LOCK,FM-EQP-N01,SH-FM-210,SH-FM-210,보통,생산팀,한상돈,2026-09,판단 보류,진행중,통합·현물 관리 등 충족 여부 담당부서 확인 중
108,설비관리,3-2,설비정기점검 계획대실적표,FM-EQP-N02,SH-FM-211,SH-FM-211,보통,생산기술,황지환,2026-10,보완 필요,진행중,"번호·승인·배포 완료, 점검 항목·기준 미작성(담당부서 작성 중)"
109,설비관리,3-2,설비정기점검 실적,FM-EQP-N03,SH-FM-212,SH-FM-212,보통,생산기술,황지환,2026-10,보완 필요,진행중,"번호·승인·배포 완료, 점검 항목·기준 미작성(담당부서 작성 중)"
110,설비관리,3-2,설비관리대장,FM-EQP-N04,SH-FM-213,SH-FM-213,보통,생산기술,황지환,2026-10,보완 필요,진행중,"번호·승인·배포 완료, 점검 항목·기준 미작성(담당부서 작성 중)"
111,설비관리,3-2,설비이력카드,FM-EQP-N05,SH-FM-214,SH-FM-214,보통,생산기술,황지환,2026-10,보완 필요,진행중,"번호·승인·배포 완료, 점검 항목·기준 미작성(담당부서 작성 중)"
112,설비관리,3-2,설비수리보고서,FM-WI018-01,SH-FM-215,SH-FM-215,보통,생산기술,황지환,2026-12,보완 필요,진행중,"번호·승인·배포 완료, 점검 항목·기준 미작성(담당부서 작성 중)"
113,설비관리,3-2,설비압력게이지 검증 계획대실적표,FM-EQP-N06,SH-FM-216,SH-FM-216,보통,생산기술,황지환,2026-10,보완 필요,진행중,"번호·승인·배포 완료, 점검 항목·기준 미작성(담당부서 작성 중)"
114,설비관리,3-2,설비압력게이지 점검실적,FM-WI008-01,SH-FM-217,SH-FM-217,보통,생산기술,황지환,2026-12,보완 필요,진행중,"번호·승인·배포 완료, 점검 항목·기준 미작성(담당부서 작성 중)"
115,설비관리,3-2,설비예비품관리대장,FM-WI004-05,SH-FM-218,SH-FM-218,보통,생산기술,황지환,2026-12,보완 필요,진행중,"번호·승인·배포 완료, 점검 항목·기준 미작성(담당부서 작성 중)"
116,설비관리,3-2,설비예비품 입출고 관리일지,FM-EQP-N07,SH-FM-219,SH-FM-219,보통,생산기술,황지환,2026-11,보완 필요,진행중,"번호·승인·배포 완료, 점검 항목·기준 미작성(담당부서 작성 중)"
117,설비관리,3-2,작동유관리기준서,FM-EQP-N08,SH-FM-220,SH-FM-220,보통,생산기술,황지환,2026-11,보완 필요,진행중,"번호·승인·배포 완료, 점검 항목·기준 미작성(담당부서 작성 중)"
118,설비관리,3-2,작동유샘플보관대제작설치,FM-EQP-N09,SH-FM-221,SH-FM-221,보통,생산기술,황지환,2026-11,판단 보류,진행중,통합·현물 관리 등 충족 여부 담당부서 확인 중
119,설비관리,3-3,CO2용접원점확인장치,FM-EQP-N10,SH-FM-222,SH-FM-222,보통,(부서 미정),김운주,2026-10,미비,미착수,"양식 번호만 배정, 양식 미작성"
120,설비관리,3-3,스폿로봇 원점확인장치,FM-EQP-N11,SH-FM-223,SH-FM-223,보통,생산팀,김운주,2026-09,미비,미착수,"양식 번호만 배정, 양식 미작성"
121,설비관리,3-3,용접전극드레싱/교환 F/P장비설치,FM-EQP-N12,SH-FM-224,SH-FM-224,보통,생산팀,김운주,2026-09,판단 보류,진행중,통합·현물 관리 등 충족 여부 담당부서 확인 중
125,설비관리,3-4,설비정기점검 관리기준서,FM-EQP-N13,SH-FM-225,SH-FM-225,보통,생산기술,황지환,2026-11,보완 필요,진행중,"번호·승인·배포 완료, 점검 항목·기준 미작성(담당부서 작성 중)"
126,설비관리,3-4,설비정기점검계획대실적표,FM-EQP-N14,SH-FM-226,SH-FM-211,보통,생산기술,황지환,2026-11,보완 필요,진행중,"번호·승인·배포 완료, 점검 항목·기준 미작성(담당부서 작성 중)"
127,설비관리,3-4,설비정기점검 실적,FM-EQP-N15,SH-FM-227,SH-FM-212,보통,생산기술,황지환,2026-12,보완 필요,진행중,"번호·승인·배포 완료, 점검 항목·기준 미작성(담당부서 작성 중)"
129,설비관리,3-5,CO2용접원점확인장치,FM-EQP-N16,SH-FM-228,SH-FM-222,보통,(부서 미정),황지환,2026-11,미비,미착수,"양식 번호만 배정, 양식 미작성"
130,설비관리,3-5,스폿로봇 원점확인장치,FM-EQP-N17,SH-FM-229,SH-FM-223,보통,생산팀,황지환,2026-09,미비,미착수,"양식 번호만 배정, 양식 미작성"
131,설비관리,3-5,가스잔량 F/P장치,FM-EQP-N18,SH-FM-230,SH-FM-230,보통,(부서 미정),황지환,2026-11,미비,미착수,"양식 번호만 배정, 양식 미작성"
139,설비관리,3-6,JIG정기점검 관리기준서,FM-EQP-N19,SH-FM-231,SH-FM-231,보통,생산팀,지성규,2026-10,보완 필요,진행중,"번호·승인·배포 완료, 점검 항목·기준 미작성(담당부서 작성 중)"
140,설비관리,3-6,JIG정기점검계획대실적표,FM-EQP-N20,SH-FM-232,SH-FM-232,보통,생산팀,지성규,2026-10,보완 필요,진행중,"번호·승인·배포 완료, 점검 항목·기준 미작성(담당부서 작성 중)"
141,설비관리,3-6,JIG 기준핀정기점검 실적,FM-EQP-N21,SH-FM-233,SH-FM-233,보통,생산팀,지성규,2026-10,보완 필요,진행중,"번호·승인·배포 완료, 점검 항목·기준 미작성(담당부서 작성 중)"
142,설비관리,3-6,JIG PIN 위치도 및 상세사진 위치도,FM-EQP-N22,SH-FM-234,SH-FM-234,보통,생산팀,지성규,2026-10,보완 필요,진행중,"번호·승인·배포 완료, 점검 항목·기준 미작성(담당부서 작성 중)"
143,금형관리,4-1,금형관리 프로세스,FM-WI008-02,SH-FM-235,SH-FM-235,보통,생산팀,지성규,2026-11,미비,미착수,"양식 번호만 배정, 양식 미작성"
144,금형관리,4-1,금형관리대장,FM-WI008-03,SH-FM-236,SH-FM-236,보통,생산팀,지성규,2026-11,보완 필요,진행중,"번호·승인·배포 완료, 점검 항목·기준 미작성(담당부서 작성 중)"
145,금형관리,4-1,금형이력카드,FM-WI008-04,SH-FM-237,SH-FM-103,보통,생산팀,지성규,2026-11,보유,완료,대표 양식·절차서 승인·배포 완료(서명본·수령 증빙 대조 전)
146,금형관리,4-1,MMS SYSTEM금형수리내역,FM-WI008-05,SH-FM-238,SH-FM-238,보통,생산팀,지성규,2026-11,보완 필요,진행중,"번호·승인·배포 완료, 점검 항목·기준 미작성(담당부서 작성 중)"
147,금형관리,4-1,금형일상점검관리기준서,FM-WI008-06,SH-FM-239,SH-FM-239,보통,생산팀,지성규,2026-11,보완 필요,진행중,"번호·승인·배포 완료, 점검 항목·기준 미작성(담당부서 작성 중)"
148,금형관리,4-1,금형일상점검체크시트,FM-WI008-07,SH-FM-240,SH-FM-240,보통,생산팀,지성규,2026-11,보완 필요,진행중,"번호·승인·배포 완료, 점검 항목·기준 미작성(담당부서 작성 중)"
149,금형관리,4-2,금형등급관리준서,FM-WI008-08,SH-FM-241,SH-FM-241,보통,생산팀,지성규,2026-11,보완 필요,진행중,"번호·승인·배포 완료, 점검 항목·기준 미작성(담당부서 작성 중)"
150,금형관리,4-2,금형별 등급실적,FM-QP003-04,SH-FM-242,SH-FM-242,보통,생산팀,지성규,2026-11,보완 필요,진행중,"번호·승인·배포 완료, 점검 항목·기준 미작성(담당부서 작성 중)"
151,금형관리,4-2,금형정기점검실적,FM-WI008-09,SH-FM-243,SH-FM-243,보통,생산팀,지성규,2026-11,보완 필요,진행중,"번호·승인·배포 완료, 점검 항목·기준 미작성(담당부서 작성 중)"
152,금형관리,4-2,금형타발수관리대장,FM-WI008-10,SH-FM-244,SH-FM-244,보통,생산팀,지성규,2026-11,보완 필요,진행중,"번호·승인·배포 완료, 점검 항목·기준 미작성(담당부서 작성 중)"
153,금형관리,4-2,금형전산화시스템적용시 금형반컴퓨터설치,FM-WI008-11,SH-FM-245,SH-FM-245,보통,생산팀,지성규,2026-11,판단 보류,진행중,통합·현물 관리 등 충족 여부 담당부서 확인 중
155,금형관리,4-3,금형/지그관리대장,FM-WI008-12,SH-FM-246,SH-FM-246,낮음,개발팀,한상돈,2026-10,보완 필요,진행중,"번호·승인·배포 완료, 점검 항목·기준 미작성(담당부서 작성 중)"
156,금형관리,4-3,금형/JIG이력카드,FM-WI008-13,SH-FM-247,SH-FM-247,낮음,개발팀,한상돈,2026-11,보완 필요,진행중,"번호·승인·배포 완료, 점검 항목·기준 미작성(담당부서 작성 중)"
158,금형관리,4-4,금형보관 lay-out 설치,FM-WI008-14,SH-FM-248,SH-FM-248,낮음,생산팀,지성규,2026-12,판단 보류,진행중,통합·현물 관리 등 충족 여부 담당부서 확인 중
159,금형관리,4-4,금형보관구역 식별표시,FM-QP018-03,SH-FM-249,SH-FM-249,낮음,생산팀,지성규,2026-12,보완 필요,진행중,"번호·승인·배포 완료, 점검 항목·기준 미작성(담당부서 작성 중)"
160,금형관리,4-4,금형보관시 잔존이물제거후 적재,FM-WI008-15,SH-FM-250,SH-FM-250,낮음,생산팀,지성규,2026-12,보완 필요,진행중,"번호·승인·배포 완료, 점검 항목·기준 미작성(담당부서 작성 중)"
162,금형관리,4-5,금형이관 T/O보고서,FM-WI008-16,SH-FM-251,SH-FM-251,낮음,생산팀,지성규,2026-12,보완 필요,진행중,"번호·승인·배포 완료, 점검 항목·기준 미작성(담당부서 작성 중)"
163,금형관리,4-5,금형이관시 접수자료,FM-WI008-17,SH-FM-252,SH-FM-252,낮음,생산팀,지성규,2026-12,보완 필요,진행중,"번호·승인·배포 완료, 점검 항목·기준 미작성(담당부서 작성 중)"
164,금형관리,4-5,금형문제점개선자료,FM-WI008-18,SH-FM-253,SH-FM-253,낮음,생산팀,지성규,2026-12,보완 필요,진행중,"번호·승인·배포 완료, 점검 항목·기준 미작성(담당부서 작성 중)"
165,자재관리,5-1,원자재입고 부품식별표,FM-WI009-02,SH-FM-254,SH-FM-254,보통,구매자재팀,이은주,2026-11,보완 필요,진행중,"번호·승인·배포 완료, 점검 항목·기준 미작성(담당부서 작성 중)"
166,자재관리,5-1,작업일보,FM-MAT-N01,SH-FM-255,SH-FM-145,보통,생산팀,지성규,2026-09,판단 보류,진행중,통합·현물 관리 등 충족 여부 담당부서 확인 중
167,자재관리,5-1,부품식별표,FM-QP019-01,SH-FM-256,SH-FM-256,보통,생산팀,지성규,2026-11,보완 필요,진행중,"번호·승인·배포 완료, 점검 항목·기준 미작성(담당부서 작성 중)"
168,자재관리,5-1,작업일보,FM-MAT-N02,SH-FM-257,SH-FM-145,보통,생산팀,지성규,2026-09,판단 보류,진행중,통합·현물 관리 등 충족 여부 담당부서 확인 중
169,자재관리,5-1,부품식별표,FM-MAT-N03,SH-FM-258,SH-FM-256,보통,생산팀,지성규,2026-09,보완 필요,진행중,"번호·승인·배포 완료, 점검 항목·기준 미작성(담당부서 작성 중)"
170,자재관리,5-1,출하일지,FM-MAT-N04,SH-FM-259,SH-FM-259,보통,구매자재팀,이은주,2026-10,보완 필요,진행중,"번호·승인·배포 완료, 점검 항목·기준 미작성(담당부서 작성 중)"
171,자재관리,5-1,고객부품식별표,FM-MAT-N05,SH-FM-260,SH-FM-260,보통,구매자재팀,이은주,2026-10,보완 필요,진행중,"번호·승인·배포 완료, 점검 항목·기준 미작성(담당부서 작성 중)"
172,자재관리,5-1,일별생산실적현황 OR LOT 관리대장,FM-QP018-04,SH-FM-261,SH-FM-261,보통,생산팀,지성규,2026-11,보완 필요,진행중,"번호·승인·배포 완료, 점검 항목·기준 미작성(담당부서 작성 중)"
173,자재관리,5-1,LOT관리기준서,FM-QP018-05,SH-FM-262,SH-QP-018,보통,생산팀,지성규,2026-11,보유,완료,대표 양식·절차서 승인·배포 완료(서명본·수령 증빙 대조 전)
174,자재관리,5-2,원자재보관관리기준서,FM-QP019-02,SH-FM-263,SH-FM-263,보통,구매자재팀,이은주,2026-11,보완 필요,진행중,"번호·승인·배포 완료, 점검 항목·기준 미작성(담당부서 작성 중)"
175,자재관리,5-2,원자재보관대 LAY-OUT 및재고현황,FM-WI009-03,SH-FM-264,SH-FM-264,보통,구매자재팀,이은주,2026-11,판단 보류,진행중,통합·현물 관리 등 충족 여부 담당부서 확인 중
176,자재관리,5-2,원자재보관대 구역설정및 식별,FM-QP019-03,SH-FM-265,SH-FM-265,보통,구매자재팀,이은주,2026-11,판단 보류,진행중,통합·현물 관리 등 충족 여부 담당부서 확인 중
177,자재관리,5-2,원자재선입선출관리기준서,FM-MAT-N06,SH-FM-266,SH-FM-266,보통,구매자재팀,이은주,2026-10,보완 필요,진행중,"번호·승인·배포 완료, 점검 항목·기준 미작성(담당부서 작성 중)"
178,자재관리,5-2,.원자재식별표,FM-MAT-N07,SH-FM-267,SH-FM-159,보통,구매자재팀,이은주,2026-10,판단 보류,진행중,통합·현물 관리 등 충족 여부 담당부서 확인 중
179,자재관리,5-2,장기재고보관관리기준서,FM-QP019-04,SH-FM-268,SH-FM-268,보통,구매자재팀,이은주,2026-11,보완 필요,진행중,"번호·승인·배포 완료, 점검 항목·기준 미작성(담당부서 작성 중)"
180,자재관리,5-2,장기재고점검체크시트,FM-WI028-01,SH-FM-269,SH-FM-118,보통,구매자재팀,이은주,2026-11,보유,완료,대표 양식·절차서 승인·배포 완료(서명본·수령 증빙 대조 전)
181,자재관리,5-2,장기재고식별표,FM-WI028-02,SH-FM-270,SH-FM-270,보통,구매자재팀,이은주,2026-12,보완 필요,진행중,"번호·승인·배포 완료, 점검 항목·기준 미작성(담당부서 작성 중)"
182,자재관리,5-2,LAY-OUT 및재고현황,FM-MAT-N08,SH-FM-271,SH-FM-271,보통,생산팀,지성규,2026-10,보완 필요,진행중,"번호·승인·배포 완료, 점검 항목·기준 미작성(담당부서 작성 중)"
183,자재관리,5-2,구역설정및 식별,FM-MAT-N09,SH-FM-272,SH-FM-272,보통,생산팀,지성규,2026-10,보완 필요,진행중,"번호·승인·배포 완료, 점검 항목·기준 미작성(담당부서 작성 중)"
184,자재관리,5-2,부품식별표,FM-MAT-N10,SH-FM-273,SH-FM-256,보통,생산팀,지성규,2026-10,보완 필요,진행중,"번호·승인·배포 완료, 점검 항목·기준 미작성(담당부서 작성 중)"
185,자재관리,5-2,'-불용자재관리기준서,FM-WI009-04,SH-FM-274,SH-FM-274,보통,구매자재팀,이은주,2026-12,보완 필요,진행중,"번호·승인·배포 완료, 점검 항목·기준 미작성(담당부서 작성 중)"
186,자재관리,5-2,불용자재식별표,FM-MAT-N11,SH-FM-275,SH-FM-275,보통,구매자재팀,이은주,2026-10,보완 필요,진행중,"번호·승인·배포 완료, 점검 항목·기준 미작성(담당부서 작성 중)"
187,자재관리,5-3,선입고품 우선사용 TAG식별,FM-MAT-N12,SH-FM-276,SH-FM-276,보통,구매자재팀,이은주,2026-10,보완 필요,진행중,"번호·승인·배포 완료, 점검 항목·기준 미작성(담당부서 작성 중)"
188,자재관리,5-3,.원자재식별표,FM-MAT-N13,SH-FM-277,SH-FM-159,보통,구매자재팀,이은주,2026-10,판단 보류,진행중,통합·현물 관리 등 충족 여부 담당부서 확인 중
189,자재관리,5-3,장기재고보관관리기준서,FM-QP018-06,SH-FM-278,SH-FM-268,보통,구매자재팀,이은주,2026-12,보완 필요,진행중,"번호·승인·배포 완료, 점검 항목·기준 미작성(담당부서 작성 중)"
190,자재관리,5-3,장기재고식별표,FM-WI028-03,SH-FM-279,SH-FM-270,보통,구매자재팀,이은주,2026-12,보완 필요,진행중,"번호·승인·배포 완료, 점검 항목·기준 미작성(담당부서 작성 중)"
191,자재관리,5-3,부품식별표,FM-MAT-N14,SH-FM-280,SH-FM-256,보통,생산팀,지성규,2026-10,보완 필요,진행중,"번호·승인·배포 완료, 점검 항목·기준 미작성(담당부서 작성 중)"
192,자재관리,5-4,공정제품 용기설정 기준서,FM-MAT-N15,SH-FM-281,SH-FM-281,보통,생산팀,지성규,2026-10,보완 필요,진행중,"번호·승인·배포 완료, 점검 항목·기준 미작성(담당부서 작성 중)"
193,자재관리,5-4,과다적재방지 장입한계기준 설정,FM-MAT-N16,SH-FM-282,SH-FM-282,보통,생산팀,지성규,2026-10,보완 필요,진행중,"번호·승인·배포 완료, 점검 항목·기준 미작성(담당부서 작성 중)"
194,자재관리,5-4,완성품 납용용기설정서,FM-QP018-07,SH-FM-283,SH-FM-283,보통,구매자재팀,이은주,2026-12,보완 필요,진행중,"번호·승인·배포 완료, 점검 항목·기준 미작성(담당부서 작성 중)"
195,자재관리,5-4,완성품 LAY-OUT,FM-WI017-01,SH-FM-284,SH-FM-284,보통,구매자재팀,이은주,2026-12,보완 필요,진행중,"번호·승인·배포 완료, 점검 항목·기준 미작성(담당부서 작성 중)"
196,자재관리,5-4,완성품 적재공간 구역설정 LINE MARK'G,FM-WI010-01,SH-FM-285,SH-FM-285,보통,구매자재팀,이은주,2026-12,보완 필요,진행중,"번호·승인·배포 완료, 점검 항목·기준 미작성(담당부서 작성 중)"
197,자재관리,5-4,완성품 적재장소 NAME PLATE부착,FM-QP019-05,SH-FM-286,SH-FM-286,보통,구매자재팀,이은주,2026-12,보완 필요,진행중,"번호·승인·배포 완료, 점검 항목·기준 미작성(담당부서 작성 중)"
200,품질경영체제,6-1,안전관리업무기준서,FM-QMS-N01,SH-FM-287,SH-FM-287,보통,생산팀,지성규,2026-09,보완 필요,진행중,"번호·승인·배포 완료, 점검 항목·기준 미작성(담당부서 작성 중)"
201,품질경영체제,6-1,안전보호구 지급기준,FM-QMS-N02,SH-FM-288,SH-FM-288,보통,생산팀,지성규,2026-09,보완 필요,진행중,"번호·승인·배포 완료, 점검 항목·기준 미작성(담당부서 작성 중)"
202,품질경영체제,6-1,안전보호구 지급관리대장,FM-QMS-N03,SH-FM-289,SH-FM-289,보통,생산팀,지성규,2026-09,보완 필요,진행중,"번호·승인·배포 완료, 점검 항목·기준 미작성(담당부서 작성 중)"
203,품질경영체제,6-1,안전교육교안,FM-QMS-N04,SH-FM-290,SH-FM-290,보통,생산팀,지성규,2026-09,보완 필요,진행중,"번호·승인·배포 완료, 점검 항목·기준 미작성(담당부서 작성 중)"
204,품질경영체제,6-1,안전교육실시보고서,FM-QMS-N05,SH-FM-291,SH-FM-291,보통,생산팀,지성규,2026-09,보완 필요,진행중,"번호·승인·배포 완료, 점검 항목·기준 미작성(담당부서 작성 중)"
205,품질경영체제,6-1,작업장 안전수칙 라인별 제작활용,FM-QMS-N06,SH-FM-292,SH-FM-292,보통,생산팀,지성규,2026-10,판단 보류,진행중,통합·현물 관리 등 충족 여부 담당부서 확인 중
206,품질경영체제,6-1,유해물질보관장 선정,FM-QMS-N07,SH-FM-293,SH-FM-293,보통,생산팀,지성규,2026-10,보완 필요,진행중,"번호·승인·배포 완료, 점검 항목·기준 미작성(담당부서 작성 중)"
207,품질경영체제,6-1,유해물질보관장 MSDS비치활용,FM-QMS-N08,SH-FM-294,SH-FM-294,보통,생산팀,지성규,2026-10,보완 필요,진행중,"번호·승인·배포 완료, 점검 항목·기준 미작성(담당부서 작성 중)"
208,품질경영체제,6-1,설비일상/정기점검기준서(안전장치점검반영),FM-QMS-N09,SH-FM-295,SH-FM-295,보통,생산팀,지성규,2026-10,보완 필요,진행중,"번호·승인·배포 완료, 점검 항목·기준 미작성(담당부서 작성 중)"
209,품질경영체제,6-1,"설비안전관리책임자선정및 정,부 식별현황",FM-QMS-N10,SH-FM-296,SH-FM-296,보통,생산팀,지성규,2026-10,보완 필요,진행중,"번호·승인·배포 완료, 점검 항목·기준 미작성(담당부서 작성 중)"
210,품질경영체제,6-1,소화기 배치 LAY-OUT,FM-WI016-03,SH-FM-297,SH-FM-297,보통,생산팀,지성규,2026-12,보완 필요,진행중,"번호·승인·배포 완료, 점검 항목·기준 미작성(담당부서 작성 중)"
211,품질경영체제,6-1,소화기점검식별표,FM-QMS-N11,SH-FM-298,SH-FM-298,보통,생산팀,지성규,2026-10,보완 필요,진행중,"번호·승인·배포 완료, 점검 항목·기준 미작성(담당부서 작성 중)"
212,품질경영체제,6-2,설계변경/4M관리업무 프로세스,FM-QMS-N12,SH-FM-299,SH-FM-299,보통,품질팀,이광재,2026-09,보완 필요,진행중,"번호·승인·배포 완료, 점검 항목·기준 미작성(담당부서 작성 중)"
213,품질경영체제,6-2,변경관리 master list,FM-QP010-05,SH-FM-300,SH-FM-300,보통,품질팀,이광재,2026-12,보완 필요,진행중,"번호·승인·배포 완료, 점검 항목·기준 미작성(담당부서 작성 중)"
214,품질경영체제,6-2,변경품적용시점통보서,FM-WI029-01,SH-FM-301,SH-FM-301,보통,품질팀,이광재,2026-12,보완 필요,진행중,"번호·승인·배포 완료, 점검 항목·기준 미작성(담당부서 작성 중)"
215,품질경영체제,6-2,변경품적용시 고객ISIR승인서류,FM-QP010-06,SH-FM-302,SH-FM-302,보통,품질팀,이광재,2026-12,보완 필요,진행중,"번호·승인·배포 완료, 점검 항목·기준 미작성(담당부서 작성 중)"
218,품질경영체제,6-3,도면일치성관리기준서,FM-QMS-N13,SH-FM-303,SH-FM-303,보통,품질팀,이광재,2026-09,보완 필요,진행중,"번호·승인·배포 완료, 점검 항목·기준 미작성(담당부서 작성 중)"
219,품질경영체제,6-3,도면일치성점검체크시트(고객사관리본접수),FM-QMS-N14,SH-FM-304,SH-FM-304,보통,품질팀,이광재,2026-09,보완 필요,진행중,"번호·승인·배포 완료, 점검 항목·기준 미작성(담당부서 작성 중)"
220,품질경영체제,6-3,도면/검사협정서/초도품보증서고객승인본,FM-QMS-N15,SH-FM-305,SH-FM-305,보통,품질팀,이광재,2026-09,보완 필요,진행중,"번호·승인·배포 완료, 점검 항목·기준 미작성(담당부서 작성 중)"
221,품질경영체제,6-3,정기검사계획대실적표,FM-QP013-09,SH-FM-306,SH-FM-306,보통,품질팀,이광재,2026-12,보완 필요,진행중,"번호·승인·배포 완료, 점검 항목·기준 미작성(담당부서 작성 중)"
222,품질경영체제,6-3,정기검사실적,FM-QMS-N16,SH-FM-307,SH-FM-034,보통,품질팀,이광재,2026-09,판단 보류,진행중,통합·현물 관리 등 충족 여부 담당부서 확인 중
223,품질경영체제,6-4,ISO인증서,FM-QMS-N17,SH-FM-308,SH-FM-308,낮음,품질팀,이광재,2026-10,보완 필요,진행중,"번호·승인·배포 완료, 점검 항목·기준 미작성(담당부서 작성 중)"
224,품질경영체제,6-4,품질매뉴얼/절차서/지침서,FM-QMS-N18,SH-FM-309,SH-FM-309,낮음,품질팀,이광재,2026-10,보완 필요,진행중,"번호·승인·배포 완료, 점검 항목·기준 미작성(담당부서 작성 중)"
225,품질경영체제,6-4,전사조직도 및 업무분장표,FM-QP005-01,SH-FM-310,SH-FM-310,낮음,품질팀,이광재,2026-12,보완 필요,진행중,"번호·승인·배포 완료, 점검 항목·기준 미작성(담당부서 작성 중)"
226,품질경영체제,6-4,SQ 사전점검 지적사항및 개선대책,FM-QMS-N19,SH-FM-311,SH-FM-311,낮음,품질팀,이광재,2026-10,보완 필요,진행중,"번호·승인·배포 완료, 점검 항목·기준 미작성(담당부서 작성 중)"
227,품질경영체제,6-4,(유효성검증관리 실적),FM-QMS-N20,SH-FM-312,SH-FM-312,낮음,(부서 미정),이광재,2026-12,미비,미착수,"양식 번호만 배정, 양식 미작성"
228,품질경영체제,6-5,자격인증관리 기준서,FM-QMS-N21,SH-FM-313,SH-FM-313,보통,품질팀,이광재,2026-09,보완 필요,진행중,"번호·승인·배포 완료, 점검 항목·기준 미작성(담당부서 작성 중)"
229,품질경영체제,6-5,자격인증체크시트 (검사원),FM-QMS-N22,SH-FM-314,SH-FM-314,보통,품질팀,이광재,2026-10,보완 필요,진행중,"번호·승인·배포 완료, 점검 항목·기준 미작성(담당부서 작성 중)"
230,품질경영체제,6-5,자격인증체크시트 (현장작업자),FM-QMS-N23,SH-FM-315,SH-FM-315,보통,생산팀,지성규,2026-10,보완 필요,진행중,"번호·승인·배포 완료, 점검 항목·기준 미작성(담당부서 작성 중)"
231,품질경영체제,6-5,계수형R&R 계획대실적표,FM-QMS-N24,SH-FM-316,SH-FM-316,보통,품질팀,이광재,2026-10,보완 필요,진행중,"번호·승인·배포 완료, 점검 항목·기준 미작성(담당부서 작성 중)"
232,품질경영체제,6-5,계수형R&R 실시실적,FM-QMS-N25,SH-FM-317,SH-FM-317,보통,품질팀,이광재,2026-10,보완 필요,진행중,"번호·승인·배포 완료, 점검 항목·기준 미작성(담당부서 작성 중)"
233,품질경영체제,6-5,계량형/계수형 R&R 수기작성본,FM-WI006-09,SH-FM-318,SH-FM-318,보통,품질팀,이광재,2026-12,보완 필요,진행중,"번호·승인·배포 완료, 점검 항목·기준 미작성(담당부서 작성 중)"
234,품질경영체제,6-5,계수형R&R 평가샘플 보관대,FM-QMS-N26,SH-FM-319,SH-FM-319,보통,생산팀,지성규,2026-10,판단 보류,진행중,통합·현물 관리 등 충족 여부 담당부서 확인 중
235,품질경영체제,6-5,자격인증대상자교육실시보고서,FM-QMS-N27,SH-FM-320,SH-FM-320,보통,품질팀,이광재,2026-10,보완 필요,진행중,"번호·승인·배포 완료, 점검 항목·기준 미작성(담당부서 작성 중)"
236,품질경영체제,6-5,자격인증서(검사원/현장작업자),FM-QMS-N28,SH-FM-321,SH-FM-321,보통,품질팀,이광재,2026-10,보완 필요,진행중,"번호·승인·배포 완료, 점검 항목·기준 미작성(담당부서 작성 중)"
237,품질경영체제,6-5,작업자변경시 교육실시보고서,FM-QMS-N29,SH-FM-322,SH-FM-322,보통,생산팀,지성규,2026-10,보완 필요,진행중,"번호·승인·배포 완료, 점검 항목·기준 미작성(담당부서 작성 중)"
242,품질경영체제,6-6,교육교안,FM-QMS-N30,SH-FM-323,SH-FM-323,낮음,품질팀,김명용,2026-11,보완 필요,진행중,"번호·승인·배포 완료, 점검 항목·기준 미작성(담당부서 작성 중)"
243,품질경영체제,6-6,2026년 교육계획대실적,FM-QP006-01,SH-FM-324,SH-FM-324,낮음,품질팀,김명용,2026-12,보완 필요,진행중,"번호·승인·배포 완료, 점검 항목·기준 미작성(담당부서 작성 중)"
244,품질경영체제,6-6,교육실시보고서 (교육사진/참석자서명),FM-QMS-N31,SH-FM-325,SH-FM-325,낮음,품질팀,김명용,2026-11,보완 필요,진행중,"번호·승인·배포 완료, 점검 항목·기준 미작성(담당부서 작성 중)"
245,품질경영체제,6-6,품질문제발생시 즉시교육실적보고서,FM-QMS-N32,SH-FM-326,SH-FM-326,낮음,품질팀,김명용,2026-11,보완 필요,진행중,"번호·승인·배포 완료, 점검 항목·기준 미작성(담당부서 작성 중)"
248,품질경영체제,6-7,부적합처리업무 프로세스,FM-QMS-N33,SH-FM-327,SH-FM-327,보통,품질팀,이광재,2026-10,보완 필요,진행중,"번호·승인·배포 완료, 점검 항목·기준 미작성(담당부서 작성 중)"
249,품질경영체제,6-7,부적합 격리보관장소 지정 (펜스격리),FM-QMS-N34,SH-FM-328,SH-FM-328,보통,품질팀,이광재,2026-10,보완 필요,진행중,"번호·승인·배포 완료, 점검 항목·기준 미작성(담당부서 작성 중)"
250,품질경영체제,6-7,부적합처리일지,FM-QMS-N35,SH-FM-329,SH-FM-329,보통,품질팀,이광재,2026-10,보완 필요,진행중,"번호·승인·배포 완료, 점검 항목·기준 미작성(담당부서 작성 중)"
251,품질경영체제,6-7,부적합품 보관함,FM-QMS-N36,SH-FM-330,SH-FM-330,보통,품질팀,이광재,2026-10,보완 필요,진행중,"번호·승인·배포 완료, 점검 항목·기준 미작성(담당부서 작성 중)"
252,품질경영체제,6-7,부적합식별표,FM-QMS-N37,SH-FM-331,SH-FM-331,보통,품질팀,이광재,2026-10,보완 필요,진행중,"번호·승인·배포 완료, 점검 항목·기준 미작성(담당부서 작성 중)"
253,품질경영체제,6-8,품질실적보고서 (전부서KPI목표대비실적),FM-QP021-01,SH-FM-332,SH-FM-332,보통,품질팀,박철호,2026-12,보완 필요,진행중,"번호·승인·배포 완료, 점검 항목·기준 미작성(담당부서 작성 중)"
254,품질경영체제,6-8,고객/공정/외주불량 실적PPM,FM-QMS-N38,SH-FM-333,SH-FM-333,보통,품질팀,박철호,2026-10,보완 필요,진행중,"번호·승인·배포 완료, 점검 항목·기준 미작성(담당부서 작성 중)"
255,품질경영체제,6-8,고객/공정/외주불량 개선대책서,FM-QMS-N39,SH-FM-334,SH-FM-334,보통,품질팀,박철호,2026-10,보완 필요,진행중,"번호·승인·배포 완료, 점검 항목·기준 미작성(담당부서 작성 중)"
256,품질경영체제,6-8,고객불량 유효성검증  MASTER LIST,FM-QP016-02,SH-FM-335,SH-FM-335,보통,품질팀,박철호,2026-12,보완 필요,진행중,"번호·승인·배포 완료, 점검 항목·기준 미작성(담당부서 작성 중)"
257,품질경영체제,6-8,D+3개월 유효성검증,FM-QMS-N40,SH-FM-336,SH-FM-336,보통,품질팀,박철호,2026-10,보완 필요,진행중,"번호·승인·배포 완료, 점검 항목·기준 미작성(담당부서 작성 중)"
258,품질경영체제,6-9,조도관리기준서,FM-QMS-N41,SH-FM-337,SH-FM-337,낮음,생산팀,지성규,2026-10,보완 필요,진행중,"번호·승인·배포 완료, 점검 항목·기준 미작성(담당부서 작성 중)"
259,품질경영체제,6-9,조도측정 LAY-OUT,FM-WI002-06,SH-FM-338,SH-FM-338,낮음,생산팀,지성규,2026-12,보완 필요,진행중,"번호·승인·배포 완료, 점검 항목·기준 미작성(담당부서 작성 중)"
260,품질경영체제,6-9,조도측정부 현장내 식별,FM-QMS-N42,SH-FM-339,SH-FM-339,낮음,생산팀,지성규,2026-10,보완 필요,진행중,"번호·승인·배포 완료, 점검 항목·기준 미작성(담당부서 작성 중)"
261,품질경영체제,6-9,조도측정 실적,FM-QMS-N43,SH-FM-340,SH-FM-340,낮음,생산팀,지성규,2026-11,보완 필요,진행중,"번호·승인·배포 완료, 점검 항목·기준 미작성(담당부서 작성 중)"
262,품질경영체제,6-10,3정5행관리 기준서,FM-QMS-N44,SH-FM-341,SH-FM-341,낮음,생산팀,지성규,2026-11,보완 필요,진행중,"번호·승인·배포 완료, 점검 항목·기준 미작성(담당부서 작성 중)"
263,품질경영체제,6-10,3정5행 점검 구역별 책임자 선정,FM-QP016-03,SH-FM-342,SH-FM-342,낮음,생산팀,지성규,2026-12,보완 필요,진행중,"번호·승인·배포 완료, 점검 항목·기준 미작성(담당부서 작성 중)"
264,품질경영체제,6-10,3정5행점검 체크시트,FM-QMS-N45,SH-FM-343,SH-FM-343,낮음,생산팀,지성규,2026-11,보완 필요,진행중,"번호·승인·배포 완료, 점검 항목·기준 미작성(담당부서 작성 중)"
265,품질경영체제,6-10,3정5행 점검 결과 개선대책,FM-QMS-N46,SH-FM-344,SH-FM-344,낮음,생산팀,지성규,2026-11,보완 필요,진행중,"번호·승인·배포 완료, 점검 항목·기준 미작성(담당부서 작성 중)"
266,품질경영체제,6-10,3정5행개선사례 현황판,FM-QMS-N47,SH-FM-345,SH-FM-345,낮음,생산팀,지성규,2026-11,보완 필요,진행중,"번호·승인·배포 완료, 점검 항목·기준 미작성(담당부서 작성 중)"
268,품질경영체제,6-11,품질종합현황판 제작설치,FM-QMS-N48,SH-FM-346,SH-FM-346,낮음,품질팀,김명용,2026-11,판단 보류,진행중,통합·현물 관리 등 충족 여부 담당부서 확인 중
269,품질경영체제,6-11,공정별 주요문제점 각공정별 비치,FM-QP017-01,SH-FM-347,SH-FM-347,낮음,품질팀,김명용,2026-12,보완 필요,진행중,"번호·승인·배포 완료, 점검 항목·기준 미작성(담당부서 작성 중)"
270,품질경영체제,6-11,중점관리POINT 선정 운영,FM-QMS-N49,SH-FM-348,SH-FM-348,낮음,품질팀,김명용,2026-11,보완 필요,진행중,"번호·승인·배포 완료, 점검 항목·기준 미작성(담당부서 작성 중)"
271,품질경영체제,6-12,재작업엄무처리 기준서,FM-WI018-02,SH-FM-349,SH-FM-349,낮음,생산팀,지성규,2026-12,보완 필요,진행중,"번호·승인·배포 완료, 점검 항목·기준 미작성(담당부서 작성 중)"
272,품질경영체제,6-12,재작업품 작업공간 장소지정(공구확보),FM-QP018-08,SH-FM-350,SH-FM-350,낮음,생산팀,지성규,2026-12,보완 필요,진행중,"번호·승인·배포 완료, 점검 항목·기준 미작성(담당부서 작성 중)"
273,품질경영체제,6-12,재작업품 MASTER LIST,FM-WI018-03,SH-FM-351,SH-FM-351,낮음,생산팀,지성규,2026-12,보완 필요,진행중,"번호·승인·배포 완료, 점검 항목·기준 미작성(담당부서 작성 중)"
274,품질경영체제,6-12,재작업품 검사기준및 검사실적,FM-QP018-09,SH-FM-352,SH-QP-018,낮음,생산팀,지성규,2026-12,판단 보류,진행중,통합·현물 관리 등 충족 여부 담당부서 확인 중
275,품질경영체제,6-12,재작업품 부품식별표,FM-WI018-04,SH-FM-353,SH-FM-353,낮음,생산팀,지성규,2026-12,보완 필요,진행중,"번호·승인·배포 완료, 점검 항목·기준 미작성(담당부서 작성 중)"
276,품질경영체제,6-12,재작업품 출하 고객승인본,FM-WI018-05,SH-FM-354,SH-FM-354,낮음,품질팀,이광재,2026-12,보완 필요,진행중,"번호·승인·배포 완료, 점검 항목·기준 미작성(담당부서 작성 중)"
277,품질경영체제,6-12,용접교육장설치,FM-QP006-02,SH-FM-355,SH-FM-355,낮음,생산팀,안종명,2026-12,판단 보류,진행중,통합·현물 관리 등 충족 여부 담당부서 확인 중
278,품질경영체제,6-12,자격인증내 실기평가보고서첨부,FM-QMS-N50,SH-FM-356,SH-FM-356,낮음,생산팀,안종명,2026-11,보완 필요,진행중,"번호·승인·배포 완료, 점검 항목·기준 미작성(담당부서 작성 중)"
280,품질경영체제,6-13,정성품질향상가이드,FM-QMS-N51,SH-FM-357,SH-FM-357,보통,품질팀,김명용,2026-10,보완 필요,진행중,"번호·승인·배포 완료, 점검 항목·기준 미작성(담당부서 작성 중)"
281,품질경영체제,6-13,정성품질 조직도 (키맨선정),FM-QMS-N52,SH-FM-358,SH-FM-358,보통,품질팀,김명용,2026-10,보완 필요,진행중,"번호·승인·배포 완료, 점검 항목·기준 미작성(담당부서 작성 중)"
282,품질경영체제,6-13,정성품질 체크시트,FM-QMS-N53,SH-FM-359,SH-FM-359,보통,품질팀,김명용,2026-10,보완 필요,진행중,"번호·승인·배포 완료, 점검 항목·기준 미작성(담당부서 작성 중)"
283,품질경영체제,6-13,정성품질 개선추진보고서,FM-QMS-N54,SH-FM-360,SH-FM-360,보통,품질팀,김명용,2026-10,보완 필요,진행중,"번호·승인·배포 완료, 점검 항목·기준 미작성(담당부서 작성 중)"
284,품질경영체제,6-13,정성품질 포상제도 시행안 보고서,FM-QP016-04,SH-FM-361,SH-FM-361,보통,품질팀,김명용,2026-12,보완 필요,진행중,"번호·승인·배포 완료, 점검 항목·기준 미작성(담당부서 작성 중)"
285,품질경영체제,6-13,정성품질 포상실행 품의서,FM-QMS-N55,SH-FM-362,SH-FM-362,보통,품질팀,김명용,2026-10,보완 필요,진행중,"번호·승인·배포 완료, 점검 항목·기준 미작성(담당부서 작성 중)"
