원본워크북,양식번호,처리
SH-FM-123-132_SQ보통_양식초안_Rev00.xlsx,SH-FM-126,제외(통합 사용 안 함)
SH-FM-123-132_SQ보통_양식초안_Rev00.xlsx,SH-FM-129,제외(비문서)
SH-FM-138-143_SQ보통_양식초안_Rev00.xlsx,SH-FM-141,제외(통합 사용 안 함)
SH-FM-144-159_SQ높음_양식초안_Rev00.xlsx,SH-FM-146,제외(비문서)
SH-FM-144-159_SQ높음_양식초안_Rev00.xlsx,SH-FM-144,틀 작성
SH-FM-144-159_SQ높음_양식초안_Rev00.xlsx,SH-FM-147,틀 작성
SH-FM-144-159_SQ높음_양식초안_Rev00.xlsx,SH-FM-148,틀 작성
SH-FM-144-159_SQ높음_양식초안_Rev00.xlsx,SH-FM-149,틀 작성
SH-FM-144-159_SQ높음_양식초안_Rev00.xlsx,SH-FM-150,틀 작성
SH-FM-144-159_SQ높음_양식초안_Rev00.xlsx,SH-FM-151,틀 작성
SH-FM-160-186_SQ보통_양식초안_Rev00.xlsx,SH-FM-167,제외(비문서)
SH-FM-160-186_SQ보통_양식초안_Rev00.xlsx,SH-FM-173,제외(통합 사용 안 함)
SH-FM-160-186_SQ보통_양식초안_Rev00.xlsx,SH-FM-169,틀 작성
SH-FM-160-186_SQ보통_양식초안_Rev00.xlsx,SH-FM-170,틀 작성
SH-FM-187-206_SQ높음_양식초안_Rev00.xlsx,SH-FM-191,제외(통합 사용 안 함)
SH-FM-187-206_SQ높음_양식초안_Rev00.xlsx,SH-FM-193,제외(비문서)
SH-FM-187-206_SQ높음_양식초안_Rev00.xlsx,SH-FM-197,제외(비문서)
SH-FM-187-206_SQ높음_양식초안_Rev00.xlsx,SH-FM-198,제외(비문서)
SH-FM-187-206_SQ높음_양식초안_Rev00.xlsx,SH-FM-199,제외(비문서)
SH-FM-187-206_SQ높음_양식초안_Rev00.xlsx,SH-FM-202,제외(통합 사용 안 함)
SH-FM-187-206_SQ높음_양식초안_Rev00.xlsx,SH-FM-205,제외(비문서)
SH-FM-187-206_SQ높음_양식초안_Rev00.xlsx,SH-FM-206,제외(비문서)
SH-FM-187-206_SQ높음_양식초안_Rev00.xlsx,SH-FM-187,틀 작성
SH-FM-187-206_SQ높음_양식초안_Rev00.xlsx,SH-FM-188,틀 작성
SH-FM-187-206_SQ높음_양식초안_Rev00.xlsx,SH-FM-189,틀 작성
SH-FM-187-206_SQ높음_양식초안_Rev00.xlsx,SH-FM-190,틀 작성
SH-FM-187-206_SQ높음_양식초안_Rev00.xlsx,SH-FM-192,틀 작성
SH-FM-187-206_SQ높음_양식초안_Rev00.xlsx,SH-FM-200,틀 작성
SH-FM-187-206_SQ높음_양식초안_Rev00.xlsx,SH-FM-201,틀 작성
SH-FM-187-206_SQ높음_양식초안_Rev00.xlsx,SH-FM-203,틀 작성
SH-FM-187-206_SQ높음_양식초안_Rev00.xlsx,SH-FM-204,틀 작성
SH-FM-207-245_SQ보통_양식초안_Rev00.xlsx,SH-FM-210,제외(비문서)
SH-FM-207-245_SQ보통_양식초안_Rev00.xlsx,SH-FM-221,제외(비문서)
SH-FM-207-245_SQ보통_양식초안_Rev00.xlsx,SH-FM-224,제외(비문서)
SH-FM-207-245_SQ보통_양식초안_Rev00.xlsx,SH-FM-226,제외(통합 사용 안 함)
SH-FM-207-245_SQ보통_양식초안_Rev00.xlsx,SH-FM-227,제외(통합 사용 안 함)
SH-FM-207-245_SQ보통_양식초안_Rev00.xlsx,SH-FM-228,제외(통합 사용 안 함)
SH-FM-207-245_SQ보통_양식초안_Rev00.xlsx,SH-FM-229,제외(통합 사용 안 함)
SH-FM-207-245_SQ보통_양식초안_Rev00.xlsx,SH-FM-245,제외(비문서)
SH-FM-207-245_SQ보통_양식초안_Rev00.xlsx,SH-FM-222,틀 작성
SH-FM-207-245_SQ보통_양식초안_Rev00.xlsx,SH-FM-223,틀 작성
SH-FM-207-245_SQ보통_양식초안_Rev00.xlsx,SH-FM-225,틀 작성
SH-FM-207-245_SQ보통_양식초안_Rev00.xlsx,SH-FM-230,틀 작성
SH-FM-207-245_SQ보통_양식초안_Rev00.xlsx,SH-FM-235,틀 작성
SH-FM-246-253_SQ낮음_양식초안_Rev00.xlsx,SH-FM-248,제외(비문서)
SH-FM-254-307_SQ보통_양식초안_Rev00.xlsx,SH-FM-255,제외(통합 사용 안 함)
SH-FM-254-307_SQ보통_양식초안_Rev00.xlsx,SH-FM-257,제외(통합 사용 안 함)
SH-FM-254-307_SQ보통_양식초안_Rev00.xlsx,SH-FM-258,제외(통합 사용 안 함)
SH-FM-254-307_SQ보통_양식초안_Rev00.xlsx,SH-FM-262,제외(통합 사용 안 함)
SH-FM-254-307_SQ보통_양식초안_Rev00.xlsx,SH-FM-264,제외(비문서)
SH-FM-254-307_SQ보통_양식초안_Rev00.xlsx,SH-FM-265,제외(비문서)
SH-FM-254-307_SQ보통_양식초안_Rev00.xlsx,SH-FM-269,제외(통합 사용 안 함)
SH-FM-254-307_SQ보통_양식초안_Rev00.xlsx,SH-FM-273,제외(통합 사용 안 함)
SH-FM-254-307_SQ보통_양식초안_Rev00.xlsx,SH-FM-277,제외(통합 사용 안 함)
SH-FM-254-307_SQ보통_양식초안_Rev00.xlsx,SH-FM-278,제외(통합 사용 안 함)
SH-FM-254-307_SQ보통_양식초안_Rev00.xlsx,SH-FM-279,제외(통합 사용 안 함)
SH-FM-254-307_SQ보통_양식초안_Rev00.xlsx,SH-FM-280,제외(통합 사용 안 함)
SH-FM-254-307_SQ보통_양식초안_Rev00.xlsx,SH-FM-292,제외(비문서)
SH-FM-308-312_SQ낮음_양식초안_Rev00.xlsx,SH-FM-312,제외(비문서)
SH-FM-313-322_SQ보통_양식초안_Rev00.xlsx,SH-FM-319,제외(비문서)
SH-FM-337-356_SQ낮음_양식초안_Rev00.xlsx,SH-FM-346,제외(비문서)
SH-FM-337-356_SQ낮음_양식초안_Rev00.xlsx,SH-FM-355,제외(비문서)
