최상위 폴더,일치 위치,키워드,확장자,경로
생산관리,파일명,LOT,.mp4,생산관리\LOT_검사_라벨링_포장_출하_수정영상.mp4
생산관리,파일명,LOT,.mp4,생산관리\LOT_페이지14_12_13_순서수정.mp4
생산관리,파일명,LOT,.mp4,생산관리\LOT_프로그램_실제입력_단계별시연.mp4
생산관리,파일명,LOT,.mjs,생산관리\신화_MES_재고시각화_운영본_20260918\SHINHWA_MES\lot-code.mjs
생산관리,파일명,LOT,.mjs,생산관리\신화_MES_재고시각화_운영본_20260918\SHINHWA_MES\lot-stages.mjs
생산관리,파일명,LOT,.js,생산관리\신화_MES_재고시각화_운영본_20260918\SHINHWA_MES\web\lot-entry-helper.js
생산관리,파일명,LOT,.js,생산관리\신화_MES_재고시각화_운영본_20260918\SHINHWA_MES\web\lot-scan.js
생산관리,파일명,LOT,.css,생산관리\신화_MES_재고시각화_운영본_20260918\SHINHWA_MES\web\lot-stages.css
생산관리,파일명,LOT,.html,생산관리\신화_MES_재고시각화_운영본_20260918\SHINHWA_MES\web\lot-stages.html
생산관리,파일명,LOT,.js,생산관리\신화_MES_재고시각화_운영본_20260918\SHINHWA_MES\web\lot-stages.js
생산관리,파일명,LOT,.html,생산관리\신화_MES_재고시각화_운영본_20260918\SHINHWA_MES\web\docs\lot-batch-example.html
생산관리,파일명,LOT,.docx,생산관리\신화_MES_재고시각화_운영본_20260918\SHINHWA_MES\web\docs\lot-traceability-sop-revision.docx
생산관리,파일명,LOT,.docx,생산관리\신화_MES_재고시각화_운영본_20260918\SHINHWA_MES\web\docs\lot-traceability-sop.docx
생산관리,파일명,LOT,.docx,생산관리\신화_MES_재고시각화_운영본_20260918\자료\LOT관리기준_Rev04.docx
생산관리,파일명,LOT,.xlsx,생산관리\신화_MES_재고시각화_운영본_20260918\자료\LOT교육_수식복구본.xlsx
생산관리,파일명,LOT,.pdf,생산관리\신화_MES_재고시각화_운영본_20260918\자료\LOT수기기록_작성예시와빈양식.pdf
생산관리프로그램,파일명,LOT,.xlsx,생산관리프로그램\Rev76_2026-09-02_LOT빠른추적개선.xlsx
신화,파일명,추적,.xlsx,신화\SQ심사 자료 준비\신화에이치앤티_QMS_전자승인·전자서명·감사추적·시스템검증_통합관리_Rev00.xlsx
신화에이치앤티 SQ인증심사 참고본,폴더명,추적,.xlsx,신화에이치앤티 SQ인증심사 참고본\SHINHWA_IATF_QMS_06-53단계_전체통합_문서패키지\SHINHWA_IATF_QMS_06-53단계_통합패키지\12-18_통합검증_제품안전_추적성_FM충돌해소\SHINHWA_IATF_FM041_FM060_Baseline_Remapping_Decision_Rev01.xlsx
신화에이치앤티 SQ인증심사 참고본,폴더명,추적,.xlsx,신화에이치앤티 SQ인증심사 참고본\SHINHWA_IATF_QMS_06-53단계_전체통합_문서패키지\SHINHWA_IATF_QMS_06-53단계_통합패키지\12-18_통합검증_제품안전_추적성_FM충돌해소\SHINHWA_IATF_FM_Master_Actual_Baseline_QP021_025_Remap_Rev02.xlsx
신화에이치앤티 SQ인증심사 참고본,폴더명,추적,.xlsx,신화에이치앤티 SQ인증심사 참고본\SHINHWA_IATF_QMS_06-53단계_전체통합_문서패키지\SHINHWA_IATF_QMS_06-53단계_통합패키지\12-18_통합검증_제품안전_추적성_FM충돌해소\SHINHWA_IATF_QP_FM_WI_Actual_Linkage_Verification_Rev00.xlsx
신화에이치앤티 SQ인증심사 참고본,폴더명,추적,.xlsx,신화에이치앤티 SQ인증심사 참고본\SHINHWA_IATF_QMS_06-53단계_전체통합_문서패키지\SHINHWA_IATF_QMS_06-53단계_통합패키지\12-18_통합검증_제품안전_추적성_FM충돌해소\SHINHWA_WI001-WI030_최종품질검증_QP-FM연계_GapClosure_Rev00.xlsx
신화에이치앤티 SQ인증심사 참고본,폴더명,추적,.xlsx,신화에이치앤티 SQ인증심사 참고본\SHINHWA_IATF_QMS_06-53단계_전체통합_문서패키지\SHINHWA_IATF_QMS_06-53단계_통합패키지\12-18_통합검증_제품안전_추적성_FM충돌해소\SHINHWA_대표품번_EndToEnd_Traceability_실행패키지_Rev00.xlsx
신화에이치앤티 SQ인증심사 참고본,폴더명,추적,.xlsx,신화에이치앤티 SQ인증심사 참고본\SHINHWA_IATF_QMS_06-53단계_전체통합_문서패키지\SHINHWA_IATF_QMS_06-53단계_통합패키지\12-18_통합검증_제품안전_추적성_FM충돌해소\SHINHWA_제품안전_ProductSafety_HighRisk_GapClosure_Rev00.xlsx
작성중,파일명,추적,.xlsx,작성중\QMS 통합 문서 Master List + 인증심사 준비 체크리스트 Rev.00\SHINHWA_QMS_최종_MasterList_통합추적Matrix_Rev00.xlsx
